"Hours_Studied","Attendance","Parental_Involvement","Access_to_Resources","Extracurricular_Activities","Sleep_Hours","Previous_Scores","Motivation_Level","Internet_Access","Tutoring_Sessions","Family_Income","Teacher_Quality","School_Type","Peer_Influence","Physical_Activity","Learning_Disabilities","Parental_Education_Level","Distance_from_Home","Gender","Exam_Score","dropout"
23,84,"Low","High",0,7,73,"Low",1,0,"Low","Medium","Public","Positive",3,0,"High School","Near","Male",67,0
19,64,"Low","Medium",0,8,59,"Low",1,2,"Medium","Medium","Public","Negative",4,0,"College","Moderate","Female",61,1
24,98,"Medium","Medium",1,7,91,"Medium",1,2,"Medium","Medium","Public","Neutral",4,0,"Postgraduate","Near","Male",74,0
29,89,"Low","Medium",1,8,98,"Medium",1,1,"Medium","Medium","Public","Negative",4,0,"High School","Moderate","Male",71,0
19,92,"Medium","Medium",1,6,65,"Medium",1,3,"Medium","High","Public","Neutral",4,0,"College","Near","Female",70,0
19,88,"Medium","Medium",1,8,89,"Medium",1,3,"Medium","Medium","Public","Positive",3,0,"Postgraduate","Near","Male",71,0
29,84,"Medium","Low",1,7,68,"Low",1,1,"Low","Medium","Private","Neutral",2,0,"High School","Moderate","Male",67,0
25,78,"Low","High",1,6,50,"Medium",1,1,"High","High","Public","Negative",2,0,"High School","Far","Male",66,0
17,94,"Medium","High",0,6,80,"High",1,0,"Medium","Low","Private","Neutral",1,0,"College","Near","Male",69,0
23,98,"Medium","Medium",1,8,71,"Medium",1,0,"High","High","Public","Positive",5,0,"High School","Moderate","Male",72,0
17,80,"Low","High",0,8,88,"Medium",0,4,"Medium","High","Private","Neutral",4,0,"College","Moderate","Male",68,0
17,97,"Medium","High",1,6,87,"Low",1,2,"Low","High","Private","Neutral",2,0,"High School","Near","Male",71,0
21,83,"Medium","Medium",1,8,97,"Low",1,2,"Medium","Medium","Public","Positive",4,0,"High School","Near","Male",70,0
9,82,"Medium","Medium",1,8,72,"Medium",1,2,"Medium","Medium","Private","Positive",3,0,"Postgraduate","Near","Male",66,0
10,78,"Medium","High",1,8,74,"Medium",1,1,"Low","Medium","Private","Neutral",4,0,"Postgraduate","Near","Male",65,1
17,68,"Medium","Medium",0,8,70,"Medium",1,2,"Medium","Medium","Private","Positive",4,0,"High School","Near","Female",64,0
14,60,"Medium","Low",1,10,65,"Low",1,0,"High","Medium","Private","Positive",3,0,"College","Near","Male",60,1
22,70,"Low","Medium",1,6,82,"Medium",1,1,"Low","High","Public","Neutral",3,0,"High School","Near","Female",65,0
15,80,"Medium","Medium",1,9,91,"Low",1,3,"Low","Medium","Public","Positive",2,0,"College","Moderate","Female",67,0
12,75,"Medium","High",1,7,58,"Medium",1,3,"Medium","Medium","Private","Positive",4,0,"College","Near","Male",66,1
29,78,"Medium","Medium",0,5,99,"High",1,0,"High","Medium","Public","Negative",1,0,"High School","Moderate","Female",69,0
19,99,"Medium","High",0,6,84,"Medium",1,1,"Medium","High","Public","Neutral",3,0,"High School","Near","Male",72,0
20,74,"Medium","High",0,8,89,"Low",1,1,"Medium","Medium","Public","Negative",2,0,"College","Moderate","Female",66,0
11,78,"High","Medium",1,8,100,"High",1,1,"Low","Medium","Public","Neutral",3,0,"High School","Moderate","Male",66,0
17,65,"Low","High",1,5,75,"Medium",1,2,"Low","Medium","Public","Positive",3,0,"High School","Near","Female",63,1
21,62,"High","Low",1,6,54,"High",1,0,"High","High","Public","Positive",3,0,"Postgraduate","Far","Male",64,0
13,91,"Low","Medium",0,6,90,"Medium",1,1,"High","Medium","Public","Negative",2,1,"High School","Moderate","Female",65,0
22,83,"High","High",1,6,94,"Medium",1,0,"High","Medium","Public","Neutral",2,0,"College","Moderate","Male",71,0
16,90,"Medium","Medium",0,4,58,"Medium",1,1,"Low","Medium","Public","Neutral",3,0,"High School","Moderate","Female",66,0
18,66,"High","High",0,4,51,"Low",1,2,"Low","Medium","Private","Neutral",2,0,"College","Near","Male",64,1
16,83,"Low","Medium",0,6,57,"Medium",1,0,"High","Low","Public","Positive",4,1,"High School","Near","Female",63,0
31,70,"Medium","High",1,7,66,"Medium",1,1,"High","Medium","Public","Negative",3,0,"College","Near","Male",69,0
20,69,"Medium","Medium",1,8,96,"Medium",1,2,"Medium","High","Public","Positive",3,0,"High School","Near","Male",67,0
14,60,"High","Medium",0,5,50,"Medium",1,2,"Medium","Medium","Public","Neutral",3,0,"College","Near","Female",61,1
25,65,"High","Medium",0,5,90,"Medium",1,2,"Medium","Medium","Public","Positive",3,0,"College","Moderate","Female",68,0
13,72,"Low","Medium",0,6,93,"Low",1,1,"Low","Medium","Public","Negative",3,0,"High School","Near","Male",61,1
21,65,"Medium","Low",1,7,91,"Low",1,2,"Medium","High","Public","Positive",3,0,"High School","Far","Female",64,1
8,99,"Medium","Medium",0,9,54,"Low",1,2,"Low","Medium","Public","Neutral",5,0,"Postgraduate","Near","Female",67,1
12,72,"Low","Medium",1,8,84,"Medium",1,1,"Low","Medium","Public","Positive",5,0,"High School","Near","Female",63,1
21,65,"Low","Medium",1,6,98,"Low",1,1,"Medium","High","Public","Negative",4,0,"High School","Near","Male",64,1
24,68,"High","Medium",0,8,56,"Low",1,3,"High","High","Public","Neutral",1,0,"College","Near","Male",67,1
21,84,"Medium","Medium",1,6,52,"Low",1,1,"Medium","High","Public","Neutral",2,1,"College","Far","Female",65,1
19,63,"Low","High",0,7,94,"Medium",1,1,"Medium","Medium","Private","Positive",3,0,"High School","Moderate","Male",64,0
18,94,"Medium","High",1,7,82,"Medium",1,3,"Medium","Medium","Private","Negative",2,1,"College","Near","Male",70,0
11,98,"Medium","Medium",1,9,82,"Low",1,1,"Medium","Medium","Private","Positive",3,0,"Postgraduate","Far","Male",68,0
16,70,"Medium","Medium",1,8,98,"Medium",1,2,"Medium","Medium","Public","Positive",3,0,"High School","Moderate","Male",65,0
17,78,"Medium","Medium",1,6,88,"Medium",1,1,"Medium","High","Private","Positive",3,0,"College","Near","Female",68,0
26,61,"Medium","Low",1,6,70,"Medium",1,2,"Low","Medium","Public","Positive",3,0,"High School","Moderate","Female",64,0
22,86,"Low","Medium",1,7,72,"Low",1,3,"Low","High","Public","Positive",2,0,"High School","Moderate","Male",68,0
9,77,"Medium","Medium",0,5,57,"Medium",1,2,"Medium","High","Public","Neutral",3,0,"High School","Near","Male",63,1
22,71,"Low","Medium",1,7,65,"Low",1,1,"Medium","Low","Public","Positive",4,0,"College","Moderate","Male",64,1
18,68,"High","Medium",0,7,72,"Medium",1,0,"Medium","Medium","Public","Neutral",3,0,"College","Near","Male",64,0
16,86,"Low","Medium",1,8,63,"Medium",1,2,"Medium","Medium","Public","Positive",4,0,"High School","Near","Male",67,0
24,77,"High","Low",0,8,96,"Medium",1,0,"Medium","Medium","Public","Neutral",3,0,"High School","Near","Female",67,0
26,67,"Medium","High",1,7,51,"Low",1,2,"High","High","Private","Neutral",4,1,"Postgraduate","Far","Female",66,1
26,88,"Medium","High",1,5,79,"Medium",1,1,"Low","High","Private","Positive",4,0,"College","Moderate","Male",72,0
15,83,"Medium","High",0,5,89,"Low",0,1,"Medium","High","Public","Neutral",2,1,"High School","Near","Female",65,1
18,94,"Medium","Medium",1,6,87,"High",1,1,"Medium","Medium","Public","Positive",4,0,"High School","Near","Male",71,0
22,65,"High","Low",0,8,82,"Medium",1,2,"Medium","High","Public","Positive",1,0,"Postgraduate","Near","Female",66,0
26,91,"Medium","Low",1,8,71,"Medium",1,0,"Low","Medium","Private","Neutral",3,0,"High School","Moderate","Male",68,0
17,87,"Medium","Medium",0,7,96,"Medium",1,1,"High","Medium","Public","Negative",5,0,"Postgraduate","Near","Female",70,0
19,65,"Medium","Medium",1,10,66,"Low",1,0,"Low","Medium","Public","Positive",3,0,"High School","Moderate","Male",62,1
13,88,"Low","High",1,9,88,"High",1,2,"Low","High","Private","Negative",4,0,"Postgraduate","Far","Male",68,0
13,78,"Medium","High",1,9,96,"High",1,2,"Low","Medium","Public","Neutral",3,0,"College","Moderate","Male",67,0
25,98,"Low","High",1,8,56,"Medium",0,0,"Medium","High","Private","Neutral",3,0,"Postgraduate","Near","Male",71,0
28,66,"Medium","High",1,8,97,"Medium",1,0,"Medium","Medium","Public","Neutral",2,0,"High School","Near","Male",68,0
20,86,"Medium","Medium",1,8,89,"Medium",1,1,"Low","Medium","Public","Negative",3,0,"Postgraduate","Near","Male",69,0
26,75,"Low","High",1,4,81,"High",1,3,"Medium","High","Private","Positive",2,0,"High School","Moderate","Male",70,0
22,98,"Medium","High",0,5,69,"Low",0,1,"Low","High","Public","Negative",4,0,"High School","Moderate","Female",69,0
16,73,"Medium","Medium",0,7,95,"Medium",1,1,"Low","Medium","Public","Negative",4,0,"College","Near","Male",65,0
22,98,"Medium","Low",1,7,52,"Medium",0,3,"Medium","Medium","Public","Positive",3,0,"College","Near","Female",70,0
29,96,"Medium","Low",1,7,72,"Medium",1,1,"Low","Medium","Public","Positive",3,0,"High School","Moderate","Male",71,0
20,71,"Medium","Medium",1,7,88,"Medium",1,1,"Low","Low","Public","Neutral",4,0,"College","Near","Female",65,0
29,92,"Low","Medium",0,4,91,"Medium",1,2,"Medium","Medium","Public","Negative",1,0,"Postgraduate","Near","Female",72,0
4,100,"High","High",1,8,60,"High",1,0,"Medium","High","Private","Positive",4,0,"College","Moderate","Male",69,0
25,70,"Medium","Medium",0,7,52,"Medium",1,1,"Medium","Medium","Public","Positive",3,0,"Postgraduate","Near","Female",66,0
21,77,"Low","Medium",1,7,90,"Medium",1,4,"Medium","Medium","Private","Neutral",3,0,"Postgraduate","Moderate","Male",68,0
18,81,"High","Low",1,8,71,"Medium",1,0,"Medium","Medium","Public","Neutral",3,0,"High School","Moderate","Female",65,0
21,72,"Medium","Medium",1,5,57,"Medium",1,1,"High","Medium","Public","Neutral",5,1,"College","Moderate","Male",64,0
8,61,"Medium","Medium",1,7,54,"Medium",1,1,"High","Medium","Public","Positive",3,0,"College","Near","Male",60,1
19,69,"Medium","High",1,7,82,"High",1,1,"Low","Medium","Public","Negative",2,0,"High School","Near","Male",65,0
22,71,"High","Medium",0,6,79,"High",1,1,"Low","Low","Public","Positive",3,0,"High School","Near","Male",66,0
29,78,"High","High",1,4,93,"Low",1,5,"Medium","High","Public","Neutral",3,0,"College","Near","Male",74,0
17,67,"Medium","Medium",1,5,52,"High",1,2,"Medium","Medium","Private","Negative",3,0,"High School","Far","Female",62,0
15,95,"Medium","Medium",0,7,93,"Medium",1,2,"Low","Medium","Public","Positive",4,0,"College","Moderate","Male",70,0
17,88,"Medium","High",1,7,94,"Low",1,0,"Medium","Medium","Public","Neutral",3,0,"High School","Near","Male",69,0
25,63,"Medium","High",1,7,72,"Medium",1,3,"Medium","High","Private","Negative",4,0,"College","Far","Male",67,0
22,86,"Low","Low",0,6,54,"Medium",1,2,"Medium","Medium","Public","Neutral",0,0,"High School","Moderate","Male",64,0
17,86,"Medium","High",0,5,97,"High",1,3,"High","Medium","Public","Neutral",3,0,"College","Near","Male",71,0
23,98,"Medium","Low",1,7,54,"Low",1,0,"Medium","Medium","Public","Negative",3,0,"College","Near","Female",68,0
21,60,"High","Medium",0,7,80,"Medium",1,0,"Medium","High","Public","Neutral",4,1,"College","Near","Male",64,0
26,70,"Medium","Low",1,8,75,"Medium",1,1,"Medium","Low","Private","Neutral",4,1,"High School","Far","Female",63,0
16,97,"Medium","Medium",1,6,92,"Low",1,0,"High","Medium","Private","Positive",4,0,"College","Near","Male",71,0
18,97,"High","Medium",1,4,75,"Low",1,0,"Low","Medium","Public","Positive",3,0,"High School","Moderate","Male",69,0
18,89,"High","Medium",1,4,73,"Medium",1,3,"High","Medium","Private","Positive",2,0,"College","Near","Female",100,0
11,91,"Medium","Medium",0,6,94,"Medium",1,3,"Medium","Medium","Public","Neutral",3,0,"College","Moderate","Male",68,0
22,64,"Low","Medium",0,7,98,"Low",0,1,"Medium","Medium","Public","Negative",3,0,"High School","Near","Male",62,1
22,81,"Medium","Medium",1,7,77,"Low",1,2,"Medium","Medium","Public","Positive",3,0,"Postgraduate","Far","Female",68,0
20,69,"High","High",1,6,73,"Medium",1,2,"Low","Medium","Private","Positive",3,0,"High School","Far","Male",66,0
19,67,"Low","Medium",0,5,92,"High",1,0,"Medium","Medium","Public","Positive",3,0,"College","Near","Male",64,0
12,92,"Medium","Medium",0,4,92,"High",1,2,"Medium","High","Public","Neutral",3,1,"High School","Moderate","Male",67,0
17,65,"Medium","High",1,8,66,"Medium",1,1,"High","High","Public","Neutral",4,1,"Postgraduate","Moderate","Female",65,1
18,79,"Medium","Medium",1,7,79,"Medium",1,0,"Low","High","Private","Neutral",3,0,"College","Far","Male",65,0
15,98,"High","Medium",0,6,58,"High",1,0,"Low","High","Public","Positive",3,0,"College","Near","Male",69,0
19,67,"Medium","Medium",0,5,82,"High",1,1,"Low","Low","Private","Negative",3,0,"High School","Near","Male",63,0
22,99,"Medium","Low",1,6,92,"Low",1,3,"Medium","Medium","Public","Negative",4,0,"Postgraduate","Moderate","Male",72,0
31,100,"Medium","Medium",0,7,59,"Medium",1,2,"High","High","Public","Positive",5,0,"Postgraduate","Moderate","Male",76,0
21,82,"Medium","High",1,7,66,"High",1,3,"Low","Medium","Public","Positive",3,1,"College","Near","Female",69,0
22,67,"Medium","Medium",1,7,72,"High",1,3,"Low","High","Public","Positive",2,0,"Postgraduate","Moderate","Female",67,0
20,73,"High","Medium",1,9,92,"Medium",1,2,"Medium","High","Public","Positive",3,0,"College","Near","Male",69,0
8,77,"High","Medium",1,6,87,"Medium",1,0,"Low","Medium","Public","Neutral",2,0,"High School","Moderate","Male",63,1
20,72,"Medium","Medium",0,9,66,"Medium",1,3,"Low","High","Private","Positive",3,0,"Postgraduate","Near","Male",67,0
20,71,"Low","High",1,7,62,"High",1,2,"Medium","Medium","Public","Negative",5,0,"College","Near","Male",66,0
35,99,"High","High",1,7,85,"Low",1,2,"Medium","High","Private","Neutral",2,0,"Postgraduate","Near","Female",79,0
19,66,"Medium","Medium",0,8,74,"Medium",1,1,"High","Medium","Public","Neutral",3,0,"High School","Near","Female",64,0
22,89,"High","High",1,6,80,"Medium",1,1,"High","High","Public","Positive",3,0,"High School","Near","Female",73,0
20,60,"Low","High",0,7,82,"High",1,2,"Low","High","Public","Positive",4,1,"High School","Near","Male",63,0
13,84,"Medium","Medium",0,5,78,"Medium",1,1,"Low","High","Public","Positive",2,0,"High School","Near","Male",65,0
27,97,"Low","High",1,8,81,"Medium",1,0,"High","Medium","Public","Positive",5,0,"High School","Near","Female",73,0
25,72,"High","High",1,8,94,"Low",1,2,"Low","Medium","Private","Positive",4,0,"College","Moderate","Female",70,0
25,67,"High","Medium",0,9,93,"High",1,2,"Low","High","Public","Positive",3,1,"High School","Near","Female",68,0
15,86,"Medium","Medium",1,7,57,"Medium",1,1,"Medium","Medium","Public","Negative",3,0,"College","Near","Male",65,0
28,89,"Low","High",1,9,79,"High",1,0,"Low","Medium","Private","Positive",1,0,"College","Moderate","Female",71,0
12,88,"Low","Medium",0,6,72,"Low",1,2,"Medium","Medium","Public","Positive",2,0,"College","Far","Male",64,1
24,73,"Medium","High",1,8,64,"Medium",1,4,"High","Medium","Private","Neutral",3,1,"College","Moderate","Male",68,0
33,70,"Medium","Medium",1,6,82,"Low",1,1,"Low","High","Public","Neutral",4,0,"College","Near","Male",69,0
14,98,"Medium","Medium",0,7,76,"Medium",1,0,"Medium","High","Private","Positive",4,0,"College","Moderate","Female",69,0
17,97,"Medium","Medium",0,8,89,"Medium",1,1,"Low","Medium","Public","Neutral",4,0,"High School","Far","Male",69,0
21,78,"Medium","Medium",1,10,55,"Medium",1,1,"High","Low","Private","Positive",2,0,"College","Near","Male",67,0
17,94,"Low","Medium",1,8,65,"Low",1,4,"Medium","Medium","Public","Neutral",6,0,"High School","Far","Female",68,0
11,78,"Medium","High",1,8,51,"Medium",1,2,"Low","Medium","Public","Neutral",3,0,"Postgraduate","Near","Male",64,1
20,77,"Medium","Medium",0,6,87,"Low",1,0,"Low","High","Public","Positive",4,0,"High School","Near","Female",66,0
14,66,"High","Low",0,7,96,"Medium",1,3,"Low","High","Public","Negative",3,0,"High School","Near","Male",63,0
23,77,"Medium","Medium",1,7,79,"Medium",1,0,"Low","High","Public","Neutral",2,0,"High School","Moderate","Male",66,0
14,81,"Medium","Medium",0,9,81,"Medium",1,1,"Low","High","Private","Negative",3,0,"Postgraduate","Near","Female",66,0
29,61,"Medium","High",1,7,52,"Low",1,3,"Low","Medium","Private","Positive",3,0,"College","Near","Female",67,1
15,78,"High","High",0,9,75,"Low",1,1,"Low","Medium","Public","Negative",1,0,"High School","Near","Male",65,1
18,91,"Low","Medium",1,5,76,"Medium",1,1,"Medium","Medium","Public","Neutral",3,0,"High School","Near","Female",68,0
25,87,"Medium","Low",0,9,52,"High",1,1,"Low","High","Private","Positive",2,0,"High School","Near","Male",68,0
13,85,"High","Medium",0,6,89,"Medium",1,0,"High","Medium","Private","Neutral",1,1,"High School","Near","Male",65,0
21,96,"Medium","Medium",0,8,64,"High",1,2,"Medium","High","Public","Neutral",0,0,"College","Near","Male",71,0
28,61,"Medium","High",0,6,86,"High",1,1,"Low","Medium","Private","Negative",3,1,"Postgraduate","Far","Male",65,0
10,82,"Medium","Low",0,8,70,"Medium",1,3,"Low","High","Public","Positive",1,1,"Postgraduate","Near","Female",64,1
21,91,"High","Medium",0,6,100,"Medium",1,0,"High","Medium","Private","Neutral",2,0,"Postgraduate","Near","Female",72,0
22,82,"Medium","Medium",0,9,61,"Medium",1,2,"Low","Medium","Public","Negative",2,1,"High School","Near","Female",65,0
25,73,"Medium","High",0,8,53,"High",0,0,"Low","High","Private","Negative",5,0,"Postgraduate","Near","Female",66,0
13,65,"Low","High",0,6,99,"Medium",1,0,"Low","Medium","Private","Negative",4,0,"High School","Near","Male",61,1
12,96,"Low","High",1,8,62,"Medium",1,2,"Medium","High","Public","Negative",3,0,"College","Near","Female",68,0
23,79,"High","High",1,8,82,"Low",1,3,"Medium","Medium","Public","Negative",3,1,"Postgraduate","Moderate","Female",69,0
22,95,"Medium","High",1,6,69,"Medium",1,1,"Low","Medium","Public","Positive",3,0,"College","Near","Female",72,0
22,83,"Medium","High",1,5,82,"Medium",1,2,"Low","High","Public","Positive",3,0,"Postgraduate","Near","Female",71,0
22,87,"High","High",0,5,80,"Low",1,2,"Low","High","Public","Negative",3,0,"High School","Near","Female",70,0
16,92,"Medium","High",1,5,85,"Low",1,1,"Low","Medium","Public","Neutral",2,0,"High School","Moderate","Male",68,0
21,86,"Low","Medium",1,5,51,"Medium",1,2,"Low","High","Public","Positive",2,0,"High School","Moderate","Female",67,0
22,76,"Medium","Medium",1,8,92,"Medium",1,1,"Low","High","Public","Neutral",4,0,"High School","Near","Female",68,0
16,81,"Medium","Medium",1,8,74,"Medium",1,3,"Medium","Medium","Public","Positive",2,0,"Postgraduate","Near","Female",68,0
31,92,"Medium","Medium",1,4,76,"Medium",1,2,"Medium","High","Public","Positive",4,1,"High School","Far","Male",72,0
23,75,"Low","High",0,6,71,"Low",1,0,"Medium","Medium","Public","Neutral",2,0,"College","Near","Male",65,1
13,76,"Medium","High",0,5,99,"Low",1,2,"Medium","Medium","Private","Positive",4,0,"High School","Near","Female",66,1
24,64,"Medium","Medium",1,8,90,"High",1,0,"Low","High","Public","Negative",3,0,"High School","Near","Male",65,0
14,97,"Medium","Medium",1,6,66,"Medium",1,2,"Medium","Medium","Public","Negative",3,1,"College","Near","Female",67,0
25,64,"Medium","High",0,5,89,"Low",1,2,"Medium","Medium","Public","Neutral",4,0,"College","Far","Male",66,0
27,86,"Medium","Medium",0,7,72,"Low",1,1,"Medium","High","Public","Positive",4,0,"High School","Far","Male",69,0
15,77,"Medium","Medium",1,8,94,"Low",1,0,"High","High","Public","Positive",3,0,"College","Moderate","Male",66,1
26,76,"Medium","High",1,6,52,"Medium",1,4,"High","Low","Public","Neutral",3,0,"High School","Near","Male",69,0
22,87,"High","Low",1,7,68,"Medium",0,0,"Low","Medium","Public","Neutral",2,0,"High School","Near","Male",67,0
25,63,"High","Medium",1,6,71,"Medium",1,1,"Medium","Low","Private","Positive",3,0,"High School","Near","Male",66,0
31,84,"Medium","Medium",1,9,87,"Medium",1,2,"Low","Medium","Private","Neutral",3,0,"College","Far","Male",71,0
19,91,"High","Low",0,6,59,"Medium",1,5,"Medium","High","Public","Neutral",4,0,"College","Moderate","Male",70,0
15,93,"High","Medium",0,6,64,"Medium",1,2,"Medium","High","Public","Positive",4,0,"Postgraduate","Near","Male",71,0
15,67,"Medium","Medium",1,7,86,"High",1,1,"High","Medium","Private","Positive",3,0,"Postgraduate","Near","Male",66,0
15,96,"Medium","Medium",0,7,54,"High",0,3,"Medium","High","Public","Negative",2,0,"High School","Near","Male",67,0
20,86,"High","Low",0,8,60,"Medium",1,1,"Medium","Medium","Public","Neutral",4,1,"College","Far","Female",66,0
22,95,"Medium","High",0,9,88,"Low",1,0,"Low","High","Public","Positive",2,0,"Postgraduate","Near","Male",72,0
22,79,"Medium","Medium",0,9,94,"Medium",1,1,"Medium","Medium","Public","Positive",3,0,"High School","Near","Male",68,0
25,82,"Medium","Medium",0,6,86,"Medium",0,3,"Low","High","Public","Positive",3,0,"High School","Near","Female",69,0
20,97,"Medium","Medium",1,7,76,"Low",1,2,"Low","Low","Private","Positive",3,0,"Postgraduate","Near","Male",71,0
29,96,"Medium","Medium",1,9,55,"Low",0,0,"Medium","Medium","Public","Neutral",2,0,"Postgraduate","Far","Female",70,0
18,78,"Medium","Medium",0,9,91,"High",1,2,"High","Low","Public","Neutral",4,0,"College","Far","Female",67,0
36,71,"Medium","Medium",1,6,56,"Medium",1,2,"High","Medium","Public","Positive",2,0,"High School","Far","Male",69,0
24,76,"Low","High",0,8,69,"Low",1,2,"Medium","Medium","Public","Neutral",1,0,"High School","Moderate","Male",65,0
15,76,"High","High",0,8,53,"Medium",1,1,"Low","Medium","Public","Neutral",4,0,"College","Near","Male",65,1
14,71,"Medium","Medium",1,8,85,"Low",1,2,"Medium","High","Public","Neutral",4,0,"High School","Near","Male",64,1
23,71,"Low","Low",1,9,75,"Low",1,1,"Low","Medium","Public","Negative",2,0,"College","Near","Male",63,1
19,94,"Low","Medium",1,5,95,"Medium",1,3,"Low","Low","Public","Positive",2,0,"High School","Moderate","Male",69,0
24,63,"Medium","Low",1,6,57,"Medium",1,1,"Low","High","Private","Neutral",5,0,"College","Near","Female",64,0
23,87,"High","High",1,8,91,"High",1,0,"High","Medium","Private","Positive",3,0,"High School","Moderate","Male",72,0
20,67,"Low","Medium",1,7,76,"Medium",1,0,"Medium","Medium","Public","Neutral",4,0,"High School","Near","Male",63,0
15,74,"Low","High",1,4,68,"Low",1,3,"Low","Medium","Public","Positive",3,0,"High School","Near","Female",64,1
11,62,"Medium","High",1,5,82,"Medium",1,3,"High","Medium","Private","Neutral",4,0,"College","Moderate","Male",64,1
17,71,"Medium","Medium",1,8,90,"Medium",1,5,"Medium","Medium","Public","Positive",1,0,"Postgraduate","Far","Male",67,0
25,91,"Medium","Medium",0,8,72,"Low",1,2,"Medium","High","Public","Positive",0,0,"Postgraduate","Near","Male",71,0
21,95,"Medium","Medium",0,5,62,"High",1,1,"Medium","Low","Public","Positive",4,0,"High School","Near","Male",70,0
13,69,"Medium","Low",1,9,96,"Low",1,0,"High","Medium","Private","Neutral",4,0,"High School","Far","Female",61,1
21,79,"Medium","High",1,7,66,"Low",1,2,"Low","Medium","Public","Negative",4,0,"College","Moderate","Male",67,0
22,79,"High","Medium",0,5,100,"Medium",1,4,"High","High","Public","Negative",3,0,"College","Near","Male",72,0
15,95,"Low","Low",1,6,88,"Low",1,1,"Low","Medium","Public","Negative",5,0,"High School","Near","Male",66,0
21,91,"Medium","High",1,5,84,"Medium",1,1,"High","Low","Public","Neutral",2,0,"High School","Near","Male",70,0
20,81,"High","Medium",1,6,51,"High",0,3,"Medium","Medium","Public","Neutral",4,1,"High School","Near","Male",67,0
13,87,"High","Low",1,4,72,"Medium",1,2,"Medium","High","Public","Neutral",3,0,"High School","Moderate","Female",67,0
22,94,"Low","Medium",1,7,75,"High",1,2,"High","Medium","Public","Neutral",2,0,"College","Near","Female",71,0
23,60,"High","Medium",1,8,69,"Medium",1,1,"Low","Medium","Private","Positive",4,0,"College","Near","Male",66,0
26,76,"Medium","Medium",1,5,57,"Medium",1,1,"Medium","Medium","Public","Positive",4,0,"High School","Near","Male",68,0
26,96,"Medium","Medium",1,7,68,"Medium",1,3,"High","Medium","Private","Positive",3,0,"College","Near","Female",74,0
12,90,"Medium","Low",1,6,54,"Medium",0,1,"High","Medium","Public","Neutral",3,0,"High School","Near","Male",64,0
14,82,"Medium","Medium",0,8,65,"Medium",1,1,"Low","Medium","Private","Positive",3,0,"College","Near","Male",65,0
23,81,"Low","Medium",1,4,54,"Medium",1,1,"Low","Medium","Public","Neutral",3,0,"College","Near","Male",66,0
23,74,"Medium","High",1,8,88,"Low",1,0,"Medium","High","Public","Negative",3,1,"High School","Near","Male",66,0
23,81,"Medium","Low",0,4,84,"Medium",1,2,"Medium","Medium","Public","Positive",5,0,"High School","Near","Male",68,0
43,86,"High","Medium",1,7,97,"Medium",1,2,"Medium","High","Public","Positive",1,0,"High School","Near","Female",78,0
23,77,"Medium","High",1,6,69,"Low",1,1,"Medium","Medium","Private","Positive",2,0,"High School","Moderate","Female",67,0
27,89,"Medium","High",1,6,89,"Medium",1,3,"Medium","Medium","Private","Positive",3,0,"High School","Near","Male",74,0
26,94,"Medium","High",0,5,79,"High",1,1,"Low","High","Public","Positive",2,0,"Postgraduate","Near","Male",74,0
24,66,"Medium","Low",0,9,82,"Low",1,1,"Medium","Medium","Public","Neutral",2,1,"High School","Near","Female",62,1
18,78,"High","Medium",1,5,77,"Medium",0,2,"Medium","Medium","Public","Neutral",4,0,"High School","Far","Male",66,0
25,76,"Medium","Medium",1,5,89,"High",1,3,"Medium","High","Public","Neutral",3,0,"High School","Far","Female",69,0
15,87,"Medium","High",1,10,52,"Medium",1,2,"Low","High","Private","Positive",3,0,"College","Near","Male",68,0
19,70,"Medium","Low",0,7,54,"High",1,0,"Medium","Medium","Public","Positive",2,1,"High School","Moderate","Male",89,0
17,86,"High","Low",0,5,55,"Low",0,2,"High","Medium","Private","Neutral",4,0,"College","Near","Male",66,1
20,95,"Low","Medium",1,7,64,"Low",0,2,"Medium","High","Public","Neutral",3,0,"High School","Near","Female",68,0
34,77,"Medium","Low",1,7,80,"Low",1,0,"Medium","Medium","Public","Positive",3,0,"High School","Near","Male",69,0
9,96,"Medium","Medium",1,4,82,"High",0,0,"Low","Medium","Public","Positive",4,0,"College","Near","Male",67,0
24,100,"High","High",1,6,86,"Low",1,2,"Medium","Medium","Private","Positive",5,0,"High School","Near","Male",75,0
10,64,"Medium","High",0,7,64,"High",1,0,"Medium","Medium","Public","Positive",4,1,"High School","Moderate","Female",60,1
17,69,"High","Medium",1,9,83,"Medium",1,2,"Medium","High","Private","Positive",4,1,"College","Moderate","Female",66,0
27,98,"Low","High",1,7,56,"Low",1,1,"High","Medium","Private","Positive",3,0,"College","Near","Female",73,0
20,98,"Medium","Low",0,7,50,"Low",1,1,"Medium","High","Private","Neutral",2,0,"High School","Near","Female",68,0
14,64,"Medium","Medium",1,6,85,"Medium",1,0,"Medium","Medium","Public","Neutral",3,0,"High School","Near","Male",62,1
16,61,"Medium","Medium",0,9,86,"Low",1,2,"Low","High","Public","Positive",2,0,"High School","Near","Male",62,1
24,66,"High","Low",1,8,81,"High",1,1,"Medium","Medium","Public","Neutral",4,0,"High School","Far","Male",65,0
16,100,"High","Low",1,8,63,"High",1,2,"Low","Medium","Public","Negative",3,0,"High School","Moderate","Male",69,0
21,67,"Medium","Medium",0,7,96,"Low",1,3,"Low","Medium","Public","Neutral",2,0,"High School","Far","Female",64,1
20,80,"Medium","High",0,5,94,"Medium",1,0,"Low","Low","Private","Positive",4,1,"Postgraduate","Moderate","Female",67,0
16,94,"High","High",1,9,76,"Medium",1,0,"Low","High","Public","Neutral",2,0,"High School","Near","Male",70,0
33,61,"Medium","Medium",0,7,99,"High",1,2,"Medium","High","Public","Neutral",3,0,"College","Near","Female",70,0
24,84,"High","Low",0,7,65,"Low",1,3,"Medium","High","Public","Positive",3,0,"High School","Near","Female",69,0
8,71,"High","Low",0,8,75,"Medium",1,0,"Medium","High","Public","Positive",3,0,"High School","Near","Male",61,1
21,94,"Medium","Medium",0,7,96,"Low",1,0,"Medium","Medium","Private","Neutral",2,1,"Postgraduate","Moderate","Male",69,0
16,71,"High","Medium",1,5,73,"Medium",1,1,"Medium","Medium","Public","Neutral",0,1,"High School","Near","Male",63,0
25,87,"Medium","Low",1,7,74,"Low",1,0,"Medium","High","Public","Neutral",4,1,"High School","Near","Male",67,0
15,87,"Low","Medium",0,4,54,"Medium",1,1,"Medium","Medium","Public","Neutral",6,0,"High School","Moderate","Male",65,0
19,69,"Medium","Medium",1,7,61,"High",1,3,"High","High","Public","Neutral",4,0,"High School","Moderate","Male",66,0
23,61,"Low","Medium",0,9,58,"Medium",1,4,"Medium","Medium","Public","Neutral",2,0,"High School","Near","Male",63,0
25,76,"Medium","High",1,4,78,"Medium",1,2,"Medium","Medium","Private","Negative",3,0,"High School","Moderate","Female",68,0
13,72,"High","High",0,7,66,"Medium",1,0,"Low","High","Public","Neutral",4,0,"Postgraduate","Near","Male",65,1
18,92,"Low","Medium",1,8,54,"Medium",1,1,"Medium","Medium","Public","Positive",3,0,"High School","Near","Male",67,0
17,92,"Low","Low",1,8,75,"Medium",1,2,"Medium","High","Public","Neutral",3,0,"Postgraduate","Near","Female",68,0
16,78,"Medium","High",0,6,83,"Medium",1,0,"Low","Low","Public","Neutral",3,1,"College","Near","Male",64,0
31,84,"Medium","Medium",0,5,87,"High",1,0,"Medium","Medium","Private","Positive",3,0,"College","Moderate","Male",71,0
22,84,"Medium","Medium",1,6,92,"Low",1,0,"Medium","Medium","Public","Neutral",5,0,"High School","Near","Female",69,0
12,93,"Medium","Medium",1,9,74,"Low",1,1,"Medium","Medium","Public","Neutral",3,0,"Postgraduate","Moderate","Male",67,1
26,77,"Low","Medium",0,4,70,"Low",1,2,"High","Low","Public","Neutral",3,1,"College","Moderate","Female",65,0
33,71,"Low","Medium",0,5,84,"Medium",1,1,"Medium","Medium","Public","Positive",2,0,"High School","Near","Male",68,0
26,71,"High","Medium",1,6,51,"Low",0,1,"High","Medium","Private","Positive",3,0,"Postgraduate","Moderate","Male",67,1
11,81,"Medium","Medium",1,6,82,"High",1,3,"Medium","High","Public","Neutral",4,0,"High School","Near","Male",67,0
17,78,"Medium","High",1,7,70,"Medium",0,2,"Low","High","Public","Positive",3,0,"High School","Near","Male",66,0
28,78,"High","Medium",0,9,73,"High",1,2,"Medium","Medium","Public","Neutral",4,0,"College","Moderate","Female",70,0
16,64,"High","Low",1,5,65,"Medium",1,3,"Medium","High","Private","Positive",4,0,"Postgraduate","Moderate","Female",65,1
23,89,"Low","Low",1,7,56,"Low",1,4,"Medium","Low","Private","Positive",4,0,"Postgraduate","Near","Female",69,0
25,69,"Medium","Medium",1,7,70,"Low",0,1,"High","High","Public","Positive",4,0,"High School","Far","Female",65,1
14,68,"High","Medium",0,6,65,"Medium",1,1,"High","Medium","Public","Neutral",3,1,"College","Near","Male",63,1
20,77,"Medium","Medium",0,5,98,"Low",1,2,"Low","High","Private","Neutral",2,0,"Postgraduate","Far","Female",67,0
1,69,"High","Medium",1,6,97,"Medium",1,1,"Low","Medium","Public","Positive",3,0,"High School","Near","Female",61,1
14,83,"Medium","Low",1,6,82,"Medium",1,0,"Medium","Medium","Public","Positive",2,0,"High School","Near","Female",65,0
18,75,"Low","High",1,8,95,"Medium",1,1,"Low","Low","Public","Neutral",2,0,"College","Near","Female",66,0
13,78,"Medium","High",1,8,88,"High",1,0,"High","Low","Public","Neutral",3,0,"College","Near","Male",66,0
30,81,"Medium","Low",1,5,67,"Medium",1,1,"High","High","Public","Negative",1,0,"High School","Near","Male",69,0
11,68,"Medium","Medium",0,6,80,"Medium",1,2,"Medium","Medium","Public","Positive",3,0,"College","Moderate","Female",63,1
17,66,"Low","High",0,6,61,"Medium",1,1,"High","Medium","Public","Positive",6,0,"Postgraduate","Near","Male",65,1
21,95,"Low","Low",0,10,84,"Low",1,0,"High","Medium","Public","Neutral",4,1,"High School","Near","Male",67,0
29,77,"High","High",1,7,52,"Medium",1,2,"High","Medium","Public","Negative",3,1,"High School","Near","Female",69,0
11,76,"Low","Medium",1,5,92,"Medium",1,4,"Medium","Low","Public","Negative",2,0,"Postgraduate","Near","Male",65,0
27,61,"Medium","Medium",0,6,79,"Medium",1,1,"Low","Medium","Public","Positive",3,0,"High School","Moderate","Male",65,0
20,80,"High","Low",1,6,53,"Medium",1,0,"Low","Medium","Public","Neutral",2,0,"College","Moderate","Male",65,0
14,82,"Medium","High",1,8,94,"Low",1,2,"Low","High","Public","Negative",5,0,"College","Far","Female",67,0
23,82,"Low","Medium",1,8,94,"Medium",1,1,"Medium","Medium","Public","Negative",2,1,"High School","Near","Male",66,0
21,88,"Medium","High",0,7,93,"Medium",1,4,"Low","Medium","Public","Positive",3,0,"High School","Near","Female",72,0
16,67,"Medium","High",0,7,89,"High",1,3,"Low","Medium","Public","Positive",3,0,"College","Near","Male",66,0
20,70,"Medium","Medium",1,7,84,"Low",0,2,"Medium","High","Private","Neutral",4,0,"College","Far","Male",65,1
18,92,"High","Medium",1,7,70,"Medium",1,1,"Low","Medium","Public","Neutral",3,0,"High School","Moderate","Male",69,0
21,98,"Medium","Low",0,4,57,"Medium",1,2,"High","Low","Public","Neutral",2,0,"High School","Near","Female",68,0
24,65,"Medium","Low",0,7,64,"Low",1,1,"High","Medium","Public","Neutral",1,0,"Postgraduate","Near","Male",64,1
30,80,"Low","High",0,6,67,"Medium",1,3,"Medium","Medium","Public","Negative",4,0,"College","Moderate","Female",69,0
13,69,"Medium","Low",1,5,68,"Low",1,0,"High","Medium","Public","Positive",1,1,"High School","Moderate","Female",59,1
33,62,"High","Medium",1,10,78,"Medium",1,0,"Medium","Medium","Private","Positive",3,0,"High School","Moderate","Female",68,0
8,73,"Medium","Medium",0,7,60,"Medium",0,0,"High","Medium","Private","Neutral",3,0,"High School","Near","Female",60,1
19,66,"Medium","High",0,7,59,"Medium",1,1,"High","Medium","Public","Negative",3,0,"High School","Far","Male",62,1
24,88,"Low","Medium",1,6,86,"Low",1,0,"Low","Low","Public","Negative",3,0,"College","Near","Male",67,0
22,81,"Low","High",1,8,50,"High",1,4,"Medium","Medium","Private","Positive",5,0,"High School","Far","Female",68,0
16,66,"Medium","High",1,5,57,"High",1,3,"Medium","Medium","Public","Positive",3,0,"High School","Moderate","Female",64,0
19,60,"Medium","High",1,7,72,"High",1,3,"Low","High","Public","Positive",3,0,"High School","Moderate","Female",65,0
17,92,"Low","Low",1,6,57,"Medium",1,2,"Medium","Medium","Private","Positive",2,1,"High School","Moderate","Female",65,0
16,67,"High","Medium",0,8,98,"Medium",1,0,"Low","Low","Public","Neutral",3,0,"High School","Near","Female",63,0
25,84,"Medium","Low",1,6,84,"Low",1,2,"Medium","High","Public","Positive",3,0,"High School","Near","Male",70,0
22,73,"Low","Medium",1,9,72,"Low",1,3,"Medium","Medium","Public","Positive",3,0,"High School","Near","Female",66,1
16,83,"Medium","High",1,7,56,"Low",1,4,"High","Medium","Public","Positive",3,0,"High School","Near","Female",68,1
25,73,"Low","Low",0,8,69,"Medium",1,3,"Medium","Medium","Private","Positive",3,0,"High School","Near","Female",66,0
22,63,"Low","Low",0,8,83,"Medium",1,3,"Medium","Medium","Private","Negative",1,0,"College","Near","Male",63,0
25,69,"High","Medium",1,9,98,"Medium",1,1,"Low","Medium","Public","Negative",3,1,"College","Moderate","Female",66,0
24,68,"Medium","Medium",1,6,74,"Medium",1,1,"Medium","Medium","Public","Neutral",3,0,"High School","Near","Female",65,0
15,77,"Medium","Medium",1,8,85,"High",1,1,"Low","Medium","Public","Positive",2,0,"Postgraduate","Moderate","Male",66,0
17,86,"High","Low",1,4,60,"High",1,2,"High","Low","Private","Positive",3,1,"College","Moderate","Female",67,0
24,71,"Medium","Medium",1,7,81,"Medium",1,0,"Low","Medium","Private","Positive",3,0,"High School","Near","Male",66,0
24,60,"Low","Medium",0,6,62,"High",1,4,"Low","High","Public","Negative",3,0,"High School","Near","Female",63,0
20,81,"Medium","Medium",1,5,60,"Low",1,3,"Medium","Medium","Public","Positive",4,1,"High School","Near","Male",66,1
21,84,"Medium","Medium",0,6,75,"Low",0,1,"High","Medium","Public","Positive",3,0,"College","Moderate","Male",67,0
28,99,"Medium","Medium",1,6,61,"Medium",0,1,"Low","Medium","Public","Positive",3,0,"High School","Near","Male",71,0
16,84,"Medium","High",1,7,86,"Medium",1,1,"Low","Medium","Private","Neutral",2,0,"High School","Near","Female",67,0
23,79,"Medium","High",1,6,97,"Medium",1,1,"High","Low","Public","Neutral",4,0,"High School","Moderate","Male",69,0
19,83,"Medium","Medium",1,7,70,"Medium",1,2,"Low","Medium","Public","Negative",4,1,"Postgraduate","Near","Female",67,0
19,97,"High","Medium",1,6,66,"High",1,2,"Medium","Medium","Private","Positive",2,0,"College","Moderate","Female",72,0
27,93,"High","Low",0,6,59,"High",1,2,"Low","Medium","Private","Negative",4,0,"High School","Near","Female",70,0
25,73,"Medium","High",1,7,70,"Low",1,0,"Low","Medium","Private","Neutral",4,0,"Postgraduate","Moderate","Male",67,0
25,69,"Low","High",1,7,78,"Medium",1,0,"Low","High","Public","Negative",3,0,"High School","Far","Female",64,0
28,71,"Medium","Medium",0,8,69,"High",1,1,"Medium","High","Private","Neutral",1,0,"College","Moderate","Female",67,0
20,80,"Low","High",0,8,81,"Medium",1,3,"Medium","Medium","Private","Negative",4,0,"Postgraduate","Near","Male",69,0
24,90,"Low","Low",0,7,83,"Medium",1,0,"Low","Medium","Private","Positive",3,0,"College","Near","Male",68,0
18,80,"Medium","Medium",0,8,55,"Low",1,2,"Low","Low","Public","Neutral",3,0,"High School","Moderate","Male",63,1
22,63,"Medium","High",1,7,85,"Medium",1,4,"High","High","Public","Negative",3,0,"College","Near","Female",68,0
19,89,"High","Medium",1,7,95,"Medium",1,0,"Medium","Medium","Public","Positive",3,0,"High School","Near","Male",70,0
21,92,"Medium","Low",1,8,51,"Low",1,0,"Medium","Medium","Public","Neutral",2,0,"College","Moderate","Male",66,0
24,72,"High","High",0,6,78,"High",1,0,"Low","High","Public","Negative",6,0,"High School","Near","Female",68,0
15,87,"High","Low",1,4,80,"High",1,0,"Low","Medium","Private","Positive",3,0,"College","Near","Male",67,0
33,77,"Low","High",1,5,85,"Medium",1,0,"Low","Medium","Private","Neutral",5,0,"High School","Far","Female",69,0
14,96,"Medium","Low",1,9,69,"High",1,0,"Medium","Medium","Private","Negative",3,1,"College","Near","Female",66,0
13,94,"Medium","Medium",1,7,91,"Low",1,3,"Low","Medium","Public","Neutral",3,0,"High School","Near","Male",68,0
27,81,"Medium","Medium",1,7,77,"Medium",1,2,"Medium","Low","Public","Neutral",2,1,"Postgraduate","Moderate","Female",69,0
25,88,"Medium","Medium",1,7,70,"Low",1,1,"Medium","Medium","Private","Positive",3,0,"Postgraduate","Moderate","Male",70,0
24,95,"Medium","High",1,8,86,"High",1,1,"Medium","High","Private","Neutral",3,0,"College","Near","Male",74,0
24,80,"Medium","High",1,7,96,"High",1,0,"Low","High","Public","Positive",0,0,"College","Moderate","Female",70,0
20,73,"Medium","Medium",1,7,91,"Low",1,1,"Medium","High","Public","Neutral",2,0,"Postgraduate","Moderate","Male",66,0
15,90,"High","Medium",1,8,97,"Medium",1,1,"Low","High","Private","Negative",3,0,"College","Near","Female",69,0
20,69,"Medium","High",0,6,63,"Low",1,0,"Low","Medium","Public","Negative",3,0,"Postgraduate","Near","Male",64,1
16,76,"Low","High",1,8,56,"Medium",0,1,"Low","Medium","Public","Positive",1,0,"High School","Near","Male",62,1
26,95,"Low","High",0,7,77,"Medium",1,0,"Medium","Medium","Public","Neutral",3,0,"High School","Moderate","Female",70,0
19,89,"High","Medium",1,7,52,"Medium",1,2,"Medium","Medium","Public","Negative",4,0,"High School","Moderate","Male",68,0
15,76,"Medium","Medium",1,6,84,"Low",1,0,"Medium","High","Public","Neutral",3,0,"College","Near","Female",65,1
18,69,"High","High",0,7,62,"Low",1,3,"Medium","Medium","Public","Positive",3,0,"High School","Moderate","Male",65,1
22,74,"High","High",1,6,73,"Low",1,3,"High","High","Public","Positive",4,0,"Postgraduate","Moderate","Female",71,0
17,71,"High","Medium",1,9,83,"Low",1,2,"Medium","Medium","Public","Neutral",5,0,"High School","Near","Male",66,1
15,67,"Medium","Medium",0,4,74,"Medium",1,0,"Low","Medium","Public","Negative",3,0,"College","Moderate","Male",61,1
21,90,"Low","Medium",1,8,62,"Low",1,2,"Medium","High","Public","Negative",5,1,"High School","Near","Male",67,0
21,70,"Low","High",1,4,94,"Medium",1,0,"Low","High","Private","Neutral",2,0,"College","Far","Male",65,0
17,78,"Medium","High",0,8,88,"Medium",1,0,"Low","Medium","Public","Negative",3,0,"High School","Near","Female",65,0
17,75,"Medium","High",1,6,80,"Medium",0,1,"Low","Medium","Private","Positive",5,0,"High School","Moderate","Male",65,0
21,99,"Medium","Medium",0,8,85,"High",1,4,"Medium","Medium","Public","Positive",4,0,"High School","Moderate","Male",73,0
11,76,"Medium","Medium",1,7,71,"Medium",0,1,"Medium","Low","Public","Neutral",2,0,"College","Near","Male",62,1
12,63,"Medium","High",1,5,69,"Low",1,0,"Medium","High","Public","Negative",2,0,"College","Moderate","Female",60,1
16,64,"Low","Medium",1,9,58,"Low",1,1,"Medium","Medium","Public","Positive",3,0,"College","Moderate","Female",61,1
19,84,"Low","Medium",1,8,90,"High",1,2,"Low","Medium","Private","Neutral",3,0,"Postgraduate","Far","Male",67,0
22,84,"High","Medium",0,8,69,"Medium",0,3,"Medium","High","Private","Neutral",4,0,"College","Near","Male",70,0
29,77,"Low","High",0,6,85,"Medium",1,1,"Medium","Medium","Public","Positive",1,0,"College","Near","Male",69,0
25,77,"Medium","Low",1,8,65,"High",0,0,"Medium","Medium","Public","Positive",5,0,"College","Far","Female",66,0
19,62,"Medium","Medium",0,5,90,"Low",1,2,"Low","High","Public","Positive",3,0,"College","Moderate","Male",64,1
20,81,"High","Medium",1,4,55,"Medium",1,1,"High","Medium","Private","Positive",2,0,"Postgraduate","Moderate","Male",68,0
14,80,"High","Medium",1,5,81,"Medium",1,1,"Low","Medium","Public","Positive",4,0,"Postgraduate","Far","Female",67,0
20,66,"Medium","Medium",0,6,90,"High",1,0,"Medium","Medium","Public","Neutral",1,0,"College","Near","Female",64,0
18,64,"Medium","Medium",1,6,83,"High",1,2,"Low","Medium","Public","Positive",2,0,"College","Near","Male",65,0
22,65,"Low","High",1,6,85,"Medium",1,2,"High","Medium","Public","Positive",3,1,"Postgraduate","Near","Female",66,0
15,64,"Medium","Medium",1,6,76,"High",1,2,"Medium","Medium","Private","Positive",4,1,"High School","Near","Female",63,0
23,84,"High","Medium",1,6,78,"Low",1,2,"Low","Low","Public","Negative",2,0,"High School","Moderate","Female",68,0
29,68,"Medium","High",1,4,53,"Medium",1,1,"Medium","Medium","Private","Negative",4,0,"High School","Far","Male",66,0
19,70,"Medium","Medium",0,7,63,"Low",0,3,"Low","Low","Public","Neutral",5,0,"High School","Near","Male",63,1
22,67,"Low","Medium",0,7,86,"Low",1,1,"Low","Medium","Public","Positive",3,0,"High School","Moderate","Female",63,1
24,98,"High","Medium",1,6,97,"Medium",1,1,"Medium","Medium","Public","Positive",4,0,"College","Far","Male",74,0
18,94,"Medium","High",1,9,77,"Low",1,1,"Medium","High","Public","Positive",2,0,"College","Moderate","Male",70,0
21,69,"High","High",1,7,86,"Medium",1,2,"Low","Medium","Private","Neutral",3,0,"High School","Near","Male",68,0
20,73,"Medium","Medium",1,7,84,"Medium",1,0,"Medium","Medium","Public","Neutral",4,0,"Postgraduate","Moderate","Female",66,0
21,68,"Medium","Low",0,8,100,"Low",1,0,"Medium","Medium","Public","Positive",4,0,"High School","Far","Male",63,1
15,80,"Low","High",0,5,90,"Medium",1,4,"Low","Medium","Public","Positive",3,0,"College","Far","Female",67,0
20,61,"Medium","Medium",0,7,81,"Medium",1,1,"Medium","Low","Public","Neutral",3,0,"High School","Moderate","Male",62,0
23,87,"High","High",0,8,56,"Medium",1,1,"Medium","High","Public","Positive",3,0,"Postgraduate","Moderate","Male",71,0
29,81,"High","Medium",0,7,68,"Medium",1,2,"Medium","Medium","Public","Neutral",4,0,"Postgraduate","Near","Male",72,0
26,96,"Medium","Medium",1,5,63,"Medium",0,1,"High","Medium","Private","Positive",2,0,"Postgraduate","Near","Male",72,0
33,67,"Medium","Medium",1,6,93,"High",1,0,"Low","High","Public","Neutral",3,0,"High School","Far","Female",68,0
15,92,"Medium","Low",1,7,72,"Low",1,1,"Medium","Medium","Public","Negative",5,0,"High School","Near","Female",66,0
25,92,"Medium","Medium",0,4,77,"Medium",1,0,"Low","Medium","Public","Positive",3,0,"High School","Near","Male",70,0
21,65,"Medium","Low",1,5,98,"High",0,2,"Low","Medium","Private","Positive",4,0,"Postgraduate","Near","Male",66,0
33,76,"Medium","Medium",1,10,92,"Low",1,1,"High","Medium","Private","Positive",3,0,"Postgraduate","Near","Female",72,0
15,67,"High","Medium",1,8,89,"Low",1,0,"High","High","Public","Neutral",4,0,"High School","Moderate","Female",64,1
15,70,"High","Medium",0,9,57,"Medium",1,1,"Medium","Medium","Private","Negative",3,0,"High School","Near","Female",63,1
16,71,"Medium","Medium",0,8,51,"Medium",1,0,"Low","Medium","Public","Negative",2,0,"Postgraduate","Far","Female",61,1
7,82,"High","High",1,8,56,"Medium",1,0,"Low","Medium","Private","Negative",2,0,"High School","Far","Male",62,1
17,76,"Medium","High",0,7,87,"High",1,1,"Medium","High","Public","Positive",4,0,"High School","Near","Female",68,0
15,98,"Low","Medium",1,8,71,"Low",1,1,"Medium","Medium","Public","Positive",3,0,"High School","Near","Male",68,0
21,65,"Low","Medium",0,9,56,"High",1,1,"Medium","Medium","Public","Positive",5,0,"High School","Moderate","Male",63,0
22,99,"Medium","Low",1,8,87,"Low",1,1,"Medium","Medium","Private","Neutral",4,0,"High School","Moderate","Female",70,0
31,69,"High","Low",1,7,60,"Medium",1,1,"Low","Medium","Public","Neutral",3,0,"Postgraduate","Near","Female",68,0
26,91,"High","Medium",1,7,79,"Medium",1,1,"Low","Medium","Private","Neutral",5,0,"High School","Near","Female",72,0
17,74,"Medium","Medium",1,8,87,"Medium",1,4,"Low","Low","Public","Positive",3,0,"College","Near","Male",67,0
15,66,"Low","High",0,6,80,"Medium",0,1,"Low","Medium","Private","Neutral",1,0,"College","Near","Male",61,1
23,94,"Low","Medium",0,8,100,"Medium",0,0,"Low","Medium","Public","Neutral",3,0,"Postgraduate","Near","Male",69,0
12,72,"Medium","Low",1,6,72,"High",1,2,"Low","High","Private","Negative",2,0,"High School","Moderate","Female",61,0
31,86,"High","High",1,6,66,"Medium",1,3,"Medium","Medium","Public","Positive",3,0,"College","Moderate","Male",75,0
27,83,"High","Low",0,5,60,"Medium",1,0,"High","Low","Public","Neutral",2,0,"College","Moderate","Female",68,0
17,79,"Medium","Low",1,6,75,"Low",1,1,"Medium","High","Public","Neutral",4,0,"High School","Near","Male",65,1
10,80,"High","Medium",1,6,93,"High",1,4,"Medium","Medium","Public","Negative",3,0,"College","Moderate","Female",67,0
28,89,"Medium","High",1,10,97,"High",1,3,"Medium","Low","Public","Negative",6,0,"High School","Near","Female",75,0
19,64,"Low","Medium",0,6,99,"Medium",1,1,"Medium","Medium","Public","Positive",3,0,"College","Near","Male",64,0
27,87,"Medium","Medium",0,8,77,"Medium",1,1,"Low","High","Public","Neutral",4,0,"High School","Moderate","Male",70,0
10,96,"High","High",0,6,80,"Medium",0,0,"Medium","Medium","Public","Neutral",4,0,"High School","Moderate","Female",67,0
16,62,"Medium","Medium",1,7,79,"Low",1,2,"Medium","Medium","Public","Neutral",3,0,"High School","Near","Male",63,1
20,66,"High","High",0,7,73,"Medium",1,1,"Medium","Medium","Public","Negative",4,0,"College","Near","Female",65,0
20,89,"Medium","Medium",1,4,58,"Medium",1,1,"Medium","Medium","Public","Positive",3,0,"High School","Far","Female",67,0
17,77,"Low","High",1,5,53,"Medium",1,2,"High","Medium","Public","Neutral",3,0,"College","Near","Male",86,0
24,76,"Low","High",0,6,72,"High",1,3,"Medium","High","Public","Neutral",3,1,"High School","Moderate","Female",67,0
14,65,"High","Medium",0,5,59,"Low",1,1,"High","Medium","Public","Positive",4,0,"Postgraduate","Far","Male",63,1
19,80,"Medium","Medium",0,7,94,"Medium",1,0,"Medium","Low","Public","Neutral",3,0,"College","Moderate","Female",66,0
21,65,"High","High",0,7,88,"Low",1,2,"Low","Medium","Private","Neutral",1,0,"High School","Near","Male",65,1
23,79,"Medium","Medium",0,5,81,"Medium",1,1,"Medium","Medium","Private","Neutral",3,0,"High School","Near","Female",67,0
24,91,"Medium","Medium",0,7,52,"Low",1,0,"High","High","Public","Neutral",4,0,"College","Near","Male",69,0
13,70,"High","High",0,6,81,"Medium",1,2,"Medium","Low","Public","Positive",2,0,"Postgraduate","Near","Male",66,0
11,79,"Medium","Medium",1,7,81,"Medium",1,1,"High","Medium","Public","Neutral",2,0,"High School","Moderate","Male",64,0
28,100,"High","Low",1,6,72,"Medium",1,1,"Low","Medium","Public","Negative",2,0,"Postgraduate","Near","Female",73,0
22,87,"Low","Medium",0,8,83,"Low",1,1,"Low","Medium","Public","Neutral",1,0,"College","Far","Male",66,0
16,94,"Medium","Medium",0,9,93,"Low",1,1,"Low","Medium","Public","Negative",4,0,"Postgraduate","Near","Female",68,0
29,77,"High","Low",1,8,88,"Low",1,0,"Medium","High","Public","Positive",4,0,"College","Moderate","Male",70,0
21,91,"High","Medium",0,9,74,"Medium",1,2,"Low","Low","Private","Negative",2,0,"High School","Near","Female",69,0
27,62,"Medium","High",1,5,63,"Low",1,4,"High","Medium","Public","Negative",4,0,"High School","Near","Female",67,1
20,65,"Medium","Low",0,6,74,"Low",1,0,"Medium","Medium","Private","Positive",3,0,"College","Moderate","Male",62,1
32,68,"Medium","Low",0,8,97,"High",1,1,"Low","Medium","Public","Positive",2,0,"High School","Near","Male",68,0
31,76,"Medium","High",1,9,91,"Medium",1,1,"Low","Medium","Private","Neutral",4,0,"Postgraduate","Near","Male",72,0
19,94,"Low","Medium",0,8,51,"Medium",1,3,"Medium","Low","Private","Positive",5,0,"Postgraduate","Near","Male",69,0
26,74,"Low","Low",0,5,89,"Low",1,3,"High","High","Private","Negative",2,0,"High School","Near","Male",66,0
24,86,"High","High",0,6,59,"Medium",1,1,"Low","Medium","Public","Positive",3,0,"High School","Moderate","Female",70,0
28,88,"High","Medium",0,8,79,"Medium",1,0,"Medium","Medium","Public","Positive",3,0,"High School","Far","Male",71,0
14,83,"Medium","Medium",1,7,90,"Medium",1,0,"Low","Low","Public","Negative",3,0,"College","Near","Female",65,0
24,74,"High","Medium",1,6,78,"Medium",1,3,"Low","High","Public","Positive",3,0,"College","Near","Female",70,0
26,83,"Low","Low",0,7,70,"High",0,2,"Medium","High","Public","Negative",4,1,"High School","Moderate","Male",65,0
9,74,"Medium","High",0,7,66,"Low",1,1,"High","High","Private","Neutral",3,0,"High School","Far","Female",62,1
13,63,"High","Medium",1,5,65,"Medium",1,2,"High","Medium","Private","Neutral",2,0,"High School","Far","Male",62,1
8,100,"High","Medium",1,8,92,"Medium",1,1,"Medium","High","Public","Neutral",3,0,"Postgraduate","Moderate","Female",70,0
18,65,"Medium","High",1,6,91,"Medium",0,5,"Low","Medium","Private","Neutral",3,0,"College","Near","Male",66,0
24,63,"High","Low",1,7,91,"Low",1,4,"Low","Medium","Private","Positive",4,0,"High School","Near","Female",67,0
29,95,"Medium","Low",0,9,64,"Medium",1,1,"Medium","High","Public","Positive",3,0,"High School","Near","Female",72,0
20,72,"High","Low",1,7,90,"Low",1,0,"Low","High","Private","Negative",3,0,"Postgraduate","Near","Female",66,0
30,86,"Medium","Low",1,8,52,"Medium",1,2,"Medium","Medium","Public","Negative",2,1,"College","Moderate","Female",68,0
12,73,"High","Medium",0,5,60,"Medium",1,1,"Low","Medium","Public","Negative",4,0,"High School","Moderate","Male",62,1
10,76,"Low","Medium",1,8,76,"Medium",1,2,"High","High","Private","Positive",3,1,"Postgraduate","Moderate","Male",64,1
20,70,"Medium","Medium",0,8,70,"Medium",1,0,"Low","Medium","Public","Neutral",5,0,"Postgraduate","Near","Female",65,0
22,74,"Medium","Low",1,6,56,"Low",1,4,"Medium","High","Public","Negative",3,0,"Postgraduate","Moderate","Male",66,1
20,76,"Medium","Low",0,7,52,"Medium",1,2,"Low","High","Private","Neutral",3,0,"High School","Near","Female",64,0
8,89,"Medium","High",1,7,81,"Low",1,4,"Low","Medium","Public","Neutral",3,0,"College","Near","Male",67,1
19,80,"High","Medium",1,7,66,"Low",1,4,"Medium","Medium","Public","Negative",4,0,"College","Near","Female",69,0
12,98,"High","Medium",1,8,51,"Medium",1,0,"Medium","Low","Public","Positive",5,0,"Postgraduate","Moderate","Male",68,0
24,62,"Medium","Medium",0,6,72,"High",1,2,"Low","Low","Public","Neutral",4,0,"High School","Near","Male",64,0
22,80,"High","Medium",1,7,65,"Medium",1,2,"High","Medium","Private","Neutral",2,0,"High School","Moderate","Female",68,0
14,83,"Low","Low",1,9,79,"Medium",1,1,"Medium","Low","Public","Positive",3,0,"High School","Near","Male",64,0
17,97,"Medium","High",0,9,96,"High",1,0,"High","Medium","Public","Negative",1,0,"Postgraduate","Near","Male",71,0
14,62,"High","High",1,8,65,"Low",1,3,"Low","Medium","Public","Negative",2,0,"High School","Far","Male",61,1
20,83,"Low","Medium",0,7,100,"Medium",1,4,"Low","Medium","Public","Negative",3,0,"College","Near","Male",68,0
26,94,"High","Medium",1,10,54,"Low",1,2,"High","Medium","Public","Neutral",5,0,"High School","Near","Male",73,0
14,70,"High","Medium",1,9,54,"Medium",0,3,"Medium","Medium","Public","Positive",1,0,"College","Near","Male",64,1
23,95,"Medium","Medium",1,7,86,"Medium",1,3,"Low","Medium","Public","Positive",4,1,"Postgraduate","Far","Male",72,0
17,61,"Medium","Medium",1,7,87,"High",1,5,"Medium","Medium","Public","Neutral",3,0,"High School","Near","Male",65,0
15,89,"Medium","Medium",1,6,71,"Medium",1,1,"Medium","High","Public","Positive",4,0,"High School","Near","Female",68,0
19,97,"High","Low",1,8,64,"Medium",1,2,"Low","High","Public","Positive",3,0,"High School","Near","Male",71,0
14,86,"Medium","Low",1,8,90,"Medium",0,3,"Medium","Medium","Public","Negative",3,1,"Postgraduate","Near","Male",65,0
17,78,"Medium","Medium",0,8,98,"Low",1,2,"Medium","Medium","Private","Positive",2,0,"High School","Near","Male",66,0
13,62,"Low","High",0,7,99,"Medium",1,4,"Medium","Low","Public","Positive",1,0,"Postgraduate","Moderate","Female",63,1
32,97,"Medium","High",0,5,82,"Medium",1,1,"Medium","Medium","Public","Neutral",3,0,"High School","Moderate","Male",74,0
20,79,"High","Low",1,7,87,"Low",0,2,"Medium","High","Private","Neutral",4,1,"High School","Near","Female",66,0
16,61,"Medium","Low",0,8,91,"High",1,2,"Medium","High","Public","Neutral",3,0,"College","Moderate","Male",63,0
21,88,"High","Medium",1,6,90,"High",1,2,"High","Medium","Private","Neutral",4,0,"High School","Moderate","Male",72,0
19,79,"Medium","High",0,7,100,"Low",1,1,"High","High","Public","Positive",2,0,"College","Far","Female",69,0
19,65,"Medium","High",1,9,91,"Medium",1,1,"Medium","High","Public","Positive",4,0,"College","Near","Male",67,0
24,69,"Low","High",0,5,83,"Low",1,3,"Low","Medium","Private","Neutral",3,0,"High School","Near","Male",66,0
25,63,"High","Medium",0,7,69,"Medium",1,0,"Low","High","Private","Negative",5,0,"High School","Moderate","Female",64,0
17,83,"Low","Medium",0,9,80,"Medium",1,4,"Medium","High","Public","Negative",2,0,"College","Near","Female",67,0
17,85,"Medium","Low",0,7,94,"High",1,4,"Low","Medium","Public","Positive",3,0,"College","Near","Female",69,0
18,80,"Medium","Low",1,6,65,"Medium",1,2,"Low","High","Public","Negative",2,0,"College","Near","Female",65,0
6,93,"Medium","Medium",0,7,52,"High",1,0,"Medium","Medium","Public","Neutral",2,0,"College","Near","Female",64,0
11,94,"Medium","Low",1,8,66,"High",0,1,"High","Low","Public","Neutral",4,0,"High School","Near","Female",65,0
28,85,"Medium","High",1,7,98,"Medium",1,2,"Low","High","Private","Positive",1,1,"High School","Near","Male",72,0
30,61,"Low","High",1,8,90,"Medium",1,2,"Low","High","Public","Negative",2,0,"High School","Moderate","Female",66,0
19,88,"Medium","Low",0,7,59,"Medium",1,2,"Low","Medium","Public","Neutral",3,0,"College","Near","Female",66,0
23,77,"High","High",1,7,51,"Medium",1,1,"Low","Low","Private","Positive",3,0,"College","Moderate","Male",67,0
22,83,"Medium","Medium",1,8,83,"High",1,1,"High","Medium","Private","Negative",3,1,"Postgraduate","Moderate","Male",69,0
38,86,"Low","High",1,7,79,"Low",1,3,"Low","Medium","Public","Negative",3,0,"High School","Near","Male",73,0
27,74,"Medium","High",0,6,54,"Medium",1,3,"Medium","Medium","Public","Neutral",3,0,"College","Near","Female",69,0
19,97,"Medium","Low",0,8,98,"Medium",1,1,"Low","Medium","Private","Neutral",4,1,"High School","Near","Male",68,0
14,65,"Low","Medium",1,7,81,"Medium",1,1,"Low","Medium","Public","Positive",3,0,"High School","Moderate","Female",61,1
10,87,"Medium","Low",1,6,83,"Medium",0,0,"Low","Medium","Public","Positive",4,0,"High School","Near","Male",63,0
21,60,"Medium","High",1,8,93,"Low",1,0,"Low","Medium","Public","Positive",2,0,"High School","Far","Female",63,1
15,97,"Low","Medium",1,9,67,"Medium",1,1,"Low","High","Public","Neutral",2,0,"College","Near","Male",68,0
11,65,"Medium","High",0,7,78,"Medium",1,2,"Low","Medium","Public","Neutral",3,0,"Postgraduate","Near","Female",63,1
16,64,"High","Medium",1,7,79,"Medium",1,3,"Medium","Medium","Private","Positive",4,1,"Postgraduate","Near","Female",66,0
14,73,"High","Medium",1,5,98,"Medium",1,2,"Low","Medium","Public","Negative",4,0,"High School","Moderate","Female",65,0
30,75,"High","High",0,7,57,"High",1,0,"Low","Medium","Public","Neutral",1,1,"College","Near","Female",68,0
25,69,"Medium","Medium",1,7,88,"High",1,0,"Low","Medium","Public","Negative",4,0,"College","Near","Female",66,0
20,83,"Low","Low",0,7,79,"Low",0,2,"Medium","Medium","Public","Positive",5,0,"Postgraduate","Moderate","Male",66,0
29,78,"High","Medium",0,6,92,"Medium",1,2,"Low","Medium","Private","Negative",4,0,"High School","Near","Male",70,0
20,61,"Low","Low",1,8,92,"Medium",1,0,"Medium","Medium","Public","Negative",2,0,"High School","Near","Female",61,0
15,73,"Medium","Low",1,7,51,"Medium",1,2,"Low","High","Private","Negative",3,0,"High School","Moderate","Male",61,1
29,92,"Medium","Medium",1,10,63,"High",1,1,"Low","High","Private","Negative",4,0,"High School","Moderate","Male",71,0
23,88,"Low","Medium",1,7,59,"Medium",1,1,"Medium","Medium","Public","Negative",2,0,"High School","Near","Male",67,0
14,89,"High","High",1,4,73,"Medium",1,2,"Medium","High","Public","Negative",3,0,"College","Near","Male",70,0
19,88,"High","Medium",0,5,95,"Medium",1,2,"Low","Medium","Private","Negative",4,0,"College","Moderate","Male",69,0
15,72,"High","High",0,8,50,"Medium",1,2,"Medium","Medium","Public","Neutral",4,0,"High School","Near","Female",65,1
12,64,"High","Low",1,6,74,"High",1,0,"Medium","Medium","Public","Positive",2,0,"High School","Moderate","Male",61,0
26,71,"Medium","Low",0,6,94,"Low",1,3,"Low","Medium","Public","Positive",4,0,"Postgraduate","Near","Male",68,0
31,93,"High","Low",1,5,96,"Medium",1,2,"Low","Medium","Public","Positive",2,0,"High School","Near","Male",74,0
12,99,"Medium","Medium",0,6,83,"Low",1,1,"Medium","Medium","Public","Negative",3,0,"High School","Near","Female",67,0
23,80,"Medium","Medium",1,7,91,"Low",1,5,"High","Medium","Public","Negative",1,0,"High School","Near","Female",70,0
16,60,"Low","Medium",1,8,66,"Low",1,1,"High","High","Private","Neutral",2,1,"High School","Moderate","Female",59,1
17,66,"High","High",0,5,64,"Low",1,0,"Medium","High","Private","Neutral",2,0,"College","Near","Male",64,1
16,73,"High","Medium",1,8,52,"Medium",1,2,"Medium","High","Public","Positive",4,0,"College","Near","Female",66,1
15,83,"Low","Low",1,5,75,"Medium",1,1,"Medium","Medium","Public","Neutral",3,0,"High School","Far","Female",63,0
20,63,"Low","Low",1,8,73,"Low",1,0,"High","Medium","Public","Neutral",3,0,"College","Near","Female",61,1
15,98,"Low","High",1,8,69,"Low",1,2,"Low","Medium","Public","Neutral",4,0,"High School","Moderate","Female",68,0
22,75,"Medium","Medium",0,6,56,"Low",1,3,"Medium","Medium","Private","Positive",3,0,"High School","Far","Male",65,1
20,97,"Medium","High",0,5,62,"Medium",1,1,"Medium","Medium","Private","Neutral",4,0,"High School","Far","Male",69,0
19,91,"High","Low",1,8,60,"Medium",1,2,"Low","Medium","Private","Neutral",4,0,"High School","Moderate","Male",68,0
15,90,"Medium","Low",1,6,97,"Low",1,2,"High","High","Public","Positive",2,0,"High School","Near","Male",69,0
17,84,"Medium","Low",1,7,98,"High",1,1,"Low","High","Public","Neutral",2,0,"College","Far","Female",67,0
25,85,"High","High",0,8,50,"High",1,1,"High","Medium","Public","Neutral",1,0,"College","Moderate","Female",70,0
23,86,"Medium","Medium",1,8,59,"Low",1,1,"Low","Medium","Public","Neutral",3,0,"Postgraduate","Moderate","Female",68,0
14,85,"Medium","Medium",0,6,94,"Low",1,0,"High","Medium","Public","Positive",4,0,"College","Near","Male",67,0
21,82,"High","Medium",0,7,52,"Medium",1,4,"Low","Medium","Public","Neutral",3,0,"High School","Far","Male",67,0
25,99,"High","Medium",1,6,97,"High",1,0,"Medium","Medium","Public","Positive",3,0,"College","Moderate","Male",75,0
10,89,"Low","Low",1,8,69,"Low",1,3,"Low","Medium","Public","Negative",4,0,"College","Moderate","Male",63,1
23,91,"Low","Medium",0,9,77,"High",1,1,"Low","Medium","Public","Positive",5,0,"High School","Near","Male",70,0
16,95,"Medium","Low",1,6,88,"Low",1,2,"High","High","Public","Positive",4,0,"High School","Near","Female",70,0
23,69,"Medium","High",1,7,62,"Medium",1,1,"Medium","Medium","Public","Neutral",4,1,"High School","Far","Male",64,0
15,63,"Medium","Low",0,8,55,"Low",1,0,"Medium","Low","Public","Neutral",3,0,"College","Near","Female",59,1
9,79,"Medium","Low",0,7,90,"High",1,1,"High","Low","Public","Neutral",3,0,"High School","Near","Male",63,0
10,81,"High","Medium",1,8,99,"Medium",0,2,"Medium","Medium","Public","Positive",4,0,"Postgraduate","Moderate","Female",67,0
20,93,"Low","High",1,7,83,"Medium",1,0,"Medium","Medium","Private","Negative",2,1,"High School","Near","Male",68,0
22,78,"Medium","Medium",1,5,91,"Low",1,0,"Medium","High","Private","Negative",3,0,"Postgraduate","Near","Male",68,0
15,83,"Medium","Medium",0,7,97,"Medium",1,2,"Low","High","Private","Neutral",2,0,"High School","Near","Female",97,0
24,81,"Medium","Low",0,9,61,"Medium",1,1,"Low","Low","Public","Positive",4,0,"College","Near","Female",66,0
10,62,"Medium","Low",0,7,68,"High",1,3,"Medium","Medium","Public","Neutral",3,0,"Postgraduate","Near","Male",61,1
20,85,"High","Medium",0,9,61,"High",1,2,"High","Medium","Public","Positive",3,0,"College","Near","Male",70,0
13,93,"Low","Low",1,4,53,"High",1,1,"Medium","Low","Public","Positive",1,0,"Postgraduate","Near","Male",65,0
16,66,"Low","Medium",1,8,87,"High",1,3,"Medium","Medium","Public","Positive",2,0,"High School","Moderate","Female",64,0
20,84,"Medium","High",1,6,57,"High",1,2,"Medium","Medium","Public","Positive",4,0,"High School","Far","Female",69,0
15,84,"Medium","High",0,6,55,"Low",1,1,"Medium","Medium","Private","Negative",2,0,"High School","Near","Male",64,1
18,67,"Low","Low",1,9,68,"Low",1,2,"Low","High","Private","Negative",2,0,"Postgraduate","Near","Male",61,1
26,65,"Low","Medium",0,7,53,"Low",1,3,"High","Medium","Public","Positive",2,0,"High School","Near","Female",64,1
17,99,"Medium","High",0,6,59,"Medium",1,0,"Medium","Medium","Public","Neutral",3,0,"High School","Moderate","Male",68,0
25,76,"Medium","High",0,8,53,"High",1,1,"High","High","Public","Positive",3,1,"High School","Far","Female",67,0
13,69,"High","Low",0,4,94,"Medium",1,3,"Low","Low","Public","Positive",3,1,"High School","Near","Male",62,0
23,67,"Medium","Medium",1,9,89,"Medium",1,2,"Low","High","Public","Neutral",2,0,"High School","Near","Female",66,0
29,87,"Medium","High",1,10,93,"High",1,1,"Low","Medium","Public","Neutral",4,0,"High School","Moderate","Male",72,0
5,84,"Medium","Medium",1,8,93,"High",1,4,"High","High","Public","Positive",3,0,"College","Moderate","Male",68,0
15,86,"Medium","High",1,8,97,"Medium",1,4,"High","Medium","Public","Positive",3,0,"High School","Near","Male",71,0
23,64,"Medium","Medium",1,7,59,"High",1,3,"Medium","Medium","Public","Positive",2,0,"High School","Moderate","Female",65,0
19,96,"Medium","Low",1,5,95,"Low",0,2,"Medium","Low","Private","Neutral",3,0,"High School","Moderate","Female",68,0
22,76,"Medium","Low",0,9,76,"Medium",1,2,"Low","High","Public","Neutral",5,0,"High School","Far","Female",65,0
16,73,"High","Low",1,8,58,"Medium",1,1,"Medium","Medium","Public","Neutral",4,0,"High School","Near","Female",64,1
21,78,"Medium","Low",0,8,83,"Medium",1,2,"Medium","Medium","Public","Positive",4,1,"High School","Far","Male",65,0
19,76,"High","High",1,8,66,"Low",1,0,"Low","High","Private","Negative",4,1,"High School","Near","Male",65,1
27,95,"High","Medium",0,7,52,"High",1,3,"Medium","High","Private","Negative",3,0,"College","Moderate","Female",73,0
22,97,"Medium","High",1,6,54,"Medium",1,1,"Low","High","Public","Positive",3,0,"Postgraduate","Near","Male",72,0
22,72,"Low","Medium",1,10,71,"Medium",1,1,"Medium","Medium","Private","Negative",1,0,"College","Near","Male",64,0
18,95,"Medium","Medium",1,7,91,"Low",1,0,"Low","Medium","Public","Positive",4,1,"Postgraduate","Moderate","Male",69,0
17,91,"Medium","Medium",0,6,66,"High",1,1,"High","Medium","Private","Positive",3,0,"High School","Near","Male",69,0
17,97,"Medium","High",1,9,88,"Medium",0,0,"Medium","Medium","Public","Positive",2,0,"High School","Near","Male",70,0
22,70,"Low","Medium",0,7,53,"Low",1,1,"Low","Medium","Public","Positive",3,0,"High School","Near","Female",83,0
17,83,"High","Medium",0,7,70,"Low",1,3,"Low","Medium","Private","Neutral",5,0,"Postgraduate","Near","Female",68,1
22,71,"Low","High",1,9,56,"High",1,1,"Low","High","Public","Neutral",3,1,"College","Near","Female",84,0
32,93,"Medium","Medium",1,8,93,"High",1,1,"Medium","High","Public","Negative",3,0,"Postgraduate","Far","Female",75,0
25,60,"Low","High",0,8,98,"Medium",1,1,"Medium","Medium","Public","Neutral",5,0,"Postgraduate","Near","Female",67,0
18,83,"Medium","High",1,5,66,"Medium",1,0,"High","Medium","Private","Positive",4,0,"Postgraduate","Near","Male",69,0
27,74,"High","Medium",0,8,99,"High",0,3,"Medium","Medium","Public","Positive",4,0,"High School","Near","Male",71,0
18,73,"Medium","Low",1,5,88,"Medium",1,1,"Medium","Medium","Public","Positive",5,0,"College","Near","Female",66,0
8,86,"Medium","High",0,6,50,"High",1,1,"Medium","Medium","Public","Positive",2,0,"College","Near","Male",65,0
14,94,"High","Medium",0,7,74,"Medium",1,1,"High","Medium","Private","Positive",5,0,"College","Near","Male",70,0
9,84,"High","Low",0,7,92,"High",1,1,"Low","High","Public","Negative",4,0,"Postgraduate","Near","Male",66,0
18,94,"High","Medium",1,8,77,"Medium",1,3,"Medium","High","Public","Positive",4,0,"Postgraduate","Near","Male",74,0
20,71,"High","Medium",0,8,77,"Medium",1,0,"High","Medium","Private","Neutral",4,0,"High School","Moderate","Male",66,0
30,81,"Medium","High",0,8,72,"Low",1,0,"Low","Medium","Public","Neutral",2,0,"High School","Moderate","Male",68,0
22,78,"Medium","High",1,5,70,"Medium",1,2,"Low","Medium","Public","Positive",1,0,"College","Near","Male",68,0
19,60,"Medium","High",0,10,51,"Medium",1,0,"Medium","Medium","Public","Positive",3,1,"College","Near","Female",62,1
25,82,"Medium","High",1,7,81,"Medium",1,2,"Medium","Medium","Private","Neutral",2,0,"Postgraduate","Moderate","Male",71,0
7,86,"Medium","Low",0,9,88,"Medium",1,2,"Low","Medium","Public","Negative",2,0,"College","Near","Female",63,0
21,84,"High","High",0,4,90,"Medium",1,2,"Medium","Low","Public","Neutral",3,0,"High School","Far","Male",69,0
25,89,"Medium","Medium",1,7,81,"High",1,3,"Medium","Medium","Public","Negative",0,0,"College","Near","Male",71,0
11,83,"High","Low",1,5,67,"Medium",1,1,"Medium","Medium","Public","Positive",2,0,"Postgraduate","Near","Male",66,0
27,63,"Medium","High",0,6,51,"Low",1,0,"Low","Medium","Public","Positive",2,0,"Postgraduate","Moderate","Male",64,1
22,65,"Medium","Medium",1,7,95,"Low",1,3,"Low","Medium","Public","Positive",2,0,"High School","Moderate","Female",65,1
18,84,"Medium","High",0,6,71,"Medium",1,4,"Medium","Low","Public","Positive",2,0,"High School","Near","Female",69,0
24,71,"Medium","Low",0,9,80,"Medium",1,2,"Medium","High","Private","Positive",3,0,"High School","Near","Female",66,0
34,63,"Medium","High",1,10,60,"Low",1,1,"Medium","Medium","Public","Negative",4,0,"High School","Near","Female",67,0
21,77,"Medium","Low",1,6,57,"Medium",1,4,"Low","Medium","Public","Negative",5,0,"High School","Far","Male",65,0
21,82,"Low","Low",1,6,54,"High",1,3,"Low","Medium","Public","Negative",2,0,"College","Moderate","Male",65,0
17,73,"High","Medium",0,5,90,"High",1,1,"Low","Medium","Private","Positive",4,0,"High School","Near","Male",67,0
15,89,"Low","Medium",1,9,82,"Low",1,1,"Medium","Medium","Public","Neutral",3,0,"College","Near","Male",66,0
25,86,"Medium","Medium",1,7,81,"Low",1,1,"High","Low","Public","Positive",1,0,"High School","Near","Male",69,0
15,73,"Medium","High",0,7,96,"Low",1,1,"Low","Medium","Public","Negative",2,0,"College","Near","Male",64,1
20,90,"Medium","Medium",1,7,58,"High",1,1,"High","High","Private","Neutral",4,0,"High School","Near","Male",70,0
17,86,"High","Medium",1,7,59,"Low",1,3,"Low","Medium","Public","Positive",3,0,"Postgraduate","Moderate","Male",68,1
23,85,"High","Low",1,6,59,"Low",1,1,"Medium","Medium","Public","Negative",1,0,"High School","Near","Male",68,0
22,82,"High","Medium",1,7,71,"Low",1,1,"High","Medium","Private","Positive",3,0,"High School","Near","Female",69,0
26,60,"Medium","Medium",1,7,94,"High",1,3,"High","Medium","Public","Positive",2,0,"High School","Moderate","Female",68,0
17,88,"Medium","Medium",1,8,94,"Medium",1,5,"Medium","Medium","Public","Neutral",2,1,"College","Near","Female",70,0
18,75,"High","Medium",1,5,80,"Medium",1,2,"Low","High","Public","Neutral",3,0,"High School","Near","Female",67,0
14,98,"High","High",1,7,83,"Medium",0,3,"Low","Medium","Public","Positive",3,0,"College","Near","Male",72,0
17,93,"High","Low",0,6,95,"Medium",1,1,"Low","Medium","Public","Neutral",4,0,"High School","Near","Male",69,0
22,84,"High","Medium",0,7,81,"Medium",1,1,"Medium","Low","Private","Positive",3,0,"High School","Moderate","Male",69,0
25,70,"Low","Medium",1,8,61,"Low",0,3,"Low","Medium","Public","Positive",4,0,"College","Moderate","Female",64,1
14,68,"Low","Medium",1,6,85,"Medium",1,2,"Medium","Medium","Public","Neutral",3,0,"High School","Near","Female",63,0
25,74,"High","High",1,9,88,"Medium",1,3,"Medium","High","Public","Neutral",3,1,"High School","Near","Male",70,0
28,79,"High","Medium",1,4,82,"Medium",1,0,"Medium","Medium","Private","Positive",3,0,"High School","Near","Male",70,0
22,72,"High","Medium",1,9,64,"Low",1,1,"Medium","Medium","Public","Negative",2,0,"College","Near","Female",66,1
31,81,"Medium","Medium",0,9,70,"Low",1,1,"Low","Medium","Public","Neutral",4,0,"Postgraduate","Near","Female",70,0
15,67,"Medium","High",1,6,74,"High",1,0,"High","Medium","Public","Positive",2,0,"Postgraduate","Near","Female",66,0
13,99,"Medium","Medium",1,6,57,"Medium",1,1,"Low","Medium","Public","Negative",5,0,"College","Near","Male",68,0
9,64,"Medium","Medium",0,5,73,"Medium",1,1,"Medium","Medium","Public","Positive",4,0,"College","Near","Male",61,1
29,97,"Medium","Medium",0,8,58,"Medium",1,1,"High","Medium","Private","Negative",4,0,"College","Moderate","Female",72,0
24,97,"High","Low",0,7,75,"Low",1,1,"Medium","Medium","Public","Negative",2,0,"High School","Moderate","Female",69,0
20,81,"Medium","Low",1,6,53,"Low",1,0,"Medium","Low","Public","Neutral",4,0,"High School","Far","Female",63,1
22,89,"Medium","High",1,5,97,"Medium",1,2,"Medium","Medium","Private","Neutral",5,0,"High School","Near","Male",72,0
13,77,"Medium","Medium",1,10,62,"Medium",1,1,"High","Medium","Private","Neutral",4,0,"College","Moderate","Male",65,1
35,85,"Medium","High",1,6,73,"High",1,1,"High","Medium","Public","Negative",5,0,"High School","Moderate","Female",74,0
21,74,"Medium","Low",1,7,52,"Low",1,1,"High","Medium","Public","Negative",4,0,"High School","Far","Male",62,1
21,72,"High","Medium",0,7,60,"Low",1,0,"Low","Medium","Private","Neutral",4,0,"Postgraduate","Near","Male",65,1
24,83,"Low","High",0,6,85,"Low",1,1,"Low","High","Public","Neutral",4,0,"High School","Moderate","Female",68,0
23,80,"Medium","Low",1,6,56,"Medium",1,3,"Medium","Medium","Public","Positive",2,1,"High School","Near","Male",66,0
21,83,"High","Medium",1,6,81,"Low",1,3,"High","Medium","Public","Negative",4,0,"Postgraduate","Moderate","Male",71,0
15,71,"Medium","High",0,8,50,"Low",1,1,"Medium","Medium","Public","Neutral",2,1,"Postgraduate","Near","Female",62,1
23,75,"Low","High",1,6,73,"Low",1,1,"Low","Medium","Public","Positive",2,0,"High School","Moderate","Female",65,0
31,63,"Medium","High",0,9,86,"Low",1,0,"High","Medium","Public","Neutral",3,0,"Postgraduate","Moderate","Male",68,0
28,62,"Medium","High",0,6,96,"Medium",1,4,"Medium","High","Public","Positive",3,0,"High School","Near","Male",70,0
30,70,"Low","Medium",0,8,75,"Medium",1,1,"Medium","Medium","Private","Positive",2,0,"High School","Near","Female",67,0
17,63,"Medium","Medium",0,4,92,"Medium",1,2,"Low","Medium","Public","Negative",4,0,"High School","Near","Female",63,0
14,64,"High","High",1,6,90,"Low",1,0,"Low","High","Private","Negative",2,0,"High School","Near","Female",63,1
19,93,"Medium","High",0,6,65,"Medium",1,0,"Medium","High","Public","Neutral",3,0,"High School","Near","Male",69,0
20,62,"Low","Medium",1,5,94,"High",1,3,"Medium","Medium","Public","Neutral",3,0,"Postgraduate","Near","Male",66,0
27,86,"Medium","Medium",1,7,82,"Low",1,2,"Low","Medium","Public","Positive",3,0,"High School","Moderate","Female",70,0
10,71,"Medium","Medium",1,7,55,"High",1,2,"Low","High","Public","Positive",3,0,"College","Near","Female",63,0
29,95,"Low","Medium",1,4,97,"Medium",1,0,"Medium","Medium","Private","Positive",4,1,"College","Moderate","Female",72,0
19,79,"High","Medium",1,10,59,"Low",1,1,"Medium","Medium","Public","Neutral",3,1,"College","Moderate","Male",65,1
17,72,"Medium","High",1,7,74,"Low",1,2,"High","Medium","Public","Positive",4,0,"Postgraduate","Far","Male",67,1
14,81,"Medium","Medium",1,7,73,"Low",0,1,"High","Medium","Private","Positive",3,1,"High School","Moderate","Male",63,1
10,75,"High","Medium",0,9,81,"Medium",1,3,"Low","High","Public","Negative",5,0,"High School","Near","Female",65,0
25,83,"Medium","Medium",1,8,83,"Medium",1,2,"Low","Medium","Public","Neutral",1,1,"High School","Moderate","Female",67,0
20,65,"Medium","Low",1,7,62,"High",1,0,"Medium","Medium","Public","Neutral",0,1,"Postgraduate","Near","Male",80,0
12,100,"Medium","Medium",1,4,68,"Medium",1,2,"Low","Medium","Public","Neutral",3,0,"College","Far","Male",68,0
12,77,"Medium","Medium",1,8,57,"Medium",1,2,"Low","High","Public","Negative",2,0,"College","Moderate","Male",63,1
18,74,"Medium","Medium",0,6,56,"Medium",1,1,"Medium","Medium","Private","Positive",3,0,"College","Moderate","Male",64,0
30,88,"Medium","Medium",0,9,91,"Medium",1,3,"Medium","Low","Public","Positive",3,0,"High School","Near","Female",73,0
18,75,"Medium","Medium",1,6,88,"Low",1,2,"Medium","High","Public","Negative",1,1,"Postgraduate","Near","Female",66,1
11,93,"Medium","Medium",1,6,72,"Low",1,2,"Low","Medium","Public","Negative",3,0,"College","Moderate","Male",66,1
19,78,"High","High",0,5,55,"Medium",1,0,"Medium","Medium","Public","Neutral",4,0,"High School","Moderate","Male",66,0
18,89,"Medium","High",1,5,72,"Low",1,4,"Medium","Low","Public","Neutral",2,0,"High School","Near","Female",69,0
4,64,"Medium","High",1,7,65,"Medium",1,1,"Medium","High","Public","Negative",4,0,"High School","Far","Male",59,1
20,94,"Medium","Medium",0,7,89,"Medium",1,0,"Low","Medium","Private","Neutral",1,0,"High School","Near","Male",68,0
19,89,"Medium","Medium",0,6,55,"Medium",1,1,"Low","Medium","Private","Neutral",3,0,"Postgraduate","Moderate","Female",67,0
24,68,"Medium","Medium",1,10,73,"Low",1,1,"Medium","Medium","Public","Neutral",4,1,"High School","Moderate","Female",64,1
31,66,"Low","High",1,8,80,"Low",1,0,"Low","Low","Private","Negative",4,0,"High School","Near","Female",65,0
27,73,"Medium","Medium",0,7,99,"Low",1,1,"Low","Medium","Public","Positive",4,0,"College","Near","Male",68,0
18,99,"Medium","High",1,4,54,"Low",1,0,"Medium","Medium","Public","Positive",3,0,"Postgraduate","Moderate","Male",70,0
13,70,"Medium","Medium",0,8,56,"Medium",1,2,"Medium","High","Public","Neutral",0,0,"High School","Near","Male",62,1
35,78,"High","Low",1,10,99,"Medium",1,1,"Low","Medium","Private","Positive",2,0,"High School","Near","Male",72,0
20,61,"Medium","Low",1,7,70,"Low",1,1,"Medium","Medium","Private","Positive",4,0,"High School","Moderate","Female",62,1
20,76,"High","High",1,6,87,"Low",1,1,"Low","Medium","Public","Negative",4,0,"Postgraduate","Moderate","Male",68,0
20,83,"High","Medium",0,7,89,"Medium",1,3,"Low","High","Private","Negative",4,0,"High School","Near","Female",69,0
21,98,"High","Medium",0,5,66,"Low",1,3,"High","High","Public","Positive",5,0,"High School","Near","Male",73,0
19,81,"High","High",0,8,61,"Low",1,3,"Medium","Medium","Private","Negative",5,0,"Postgraduate","Near","Male",69,1
17,93,"Medium","Medium",1,9,64,"Medium",1,1,"Medium","Medium","Public","Neutral",3,0,"High School","Moderate","Female",67,0
17,82,"Medium","Low",0,6,88,"Low",1,2,"Low","Low","Private","Neutral",3,0,"Postgraduate","Near","Male",65,0
20,62,"Low","Low",0,6,92,"High",1,2,"Medium","Medium","Public","Positive",3,0,"Postgraduate","Moderate","Male",63,0
17,73,"High","Medium",1,7,85,"Medium",1,2,"Low","Medium","Public","Positive",2,0,"High School","Moderate","Male",66,0
16,83,"Medium","Medium",0,6,72,"Medium",1,1,"Low","High","Public","Positive",2,0,"College","Near","Male",66,0
21,98,"Medium","High",0,5,63,"Low",1,0,"Low","High","Public","Neutral",2,0,"Postgraduate","Near","Male",70,0
18,94,"Medium","Medium",0,6,71,"Low",1,2,"High","Medium","Public","Neutral",3,0,"Postgraduate","Far","Male",69,0
29,69,"Medium","High",0,6,96,"Low",1,1,"High","Medium","Public","Positive",4,0,"High School","Near","Female",70,0
4,69,"Medium","Low",0,9,93,"Low",0,2,"Medium","High","Private","Negative",3,0,"High School","Moderate","Female",58,1
27,68,"Medium","Medium",0,9,66,"Medium",1,3,"High","Medium","Private","Positive",3,0,"High School","Far","Male",67,0
27,97,"High","High",1,9,66,"Low",1,1,"Low","Medium","Public","Positive",3,0,"High School","Far","Male",73,0
8,94,"High","Low",0,8,89,"High",1,0,"Medium","Medium","Public","Neutral",2,0,"High School","Near","Female",66,0
18,91,"High","High",1,7,71,"High",1,0,"Medium","Medium","Public","Neutral",3,0,"High School","Near","Male",70,0
18,76,"High","High",0,6,79,"Medium",1,1,"Medium","Medium","Private","Positive",2,0,"Postgraduate","Far","Female",67,0
12,80,"Low","Low",0,9,71,"High",1,1,"Low","Low","Private","Positive",3,1,"High School","Moderate","Female",60,0
15,79,"High","Medium",0,8,62,"Low",1,1,"Low","Low","Public","Positive",3,0,"College","Near","Male",65,1
13,70,"Medium","Medium",0,5,59,"Medium",1,0,"Medium","High","Private","Positive",2,0,"Postgraduate","Near","Female",63,1
31,80,"High","High",1,6,57,"Low",1,1,"Medium","High","Private","Positive",3,0,"High School","Near","Female",72,0
26,61,"Low","Medium",1,5,51,"High",1,0,"Low","Medium","Private","Neutral",5,0,"High School","Moderate","Female",62,0
28,65,"Medium","Medium",1,4,64,"Medium",1,6,"Medium","High","Public","Neutral",3,0,"Postgraduate","Near","Male",70,0
24,95,"High","Low",1,8,59,"Medium",1,2,"Low","High","Public","Negative",1,0,"College","Moderate","Male",70,0
13,90,"Medium","Medium",0,5,63,"Medium",1,0,"Low","Medium","Public","Neutral",4,0,"High School","Moderate","Female",64,0
17,77,"Medium","Medium",1,6,54,"Low",1,3,"Low","Medium","Public","Neutral",4,0,"High School","Moderate","Male",64,1
23,81,"Medium","Low",1,7,67,"Medium",1,0,"Medium","High","Private","Positive",5,0,"High School","Moderate","Female",67,0
13,75,"Medium","High",1,7,76,"High",1,1,"Medium","High","Public","Negative",1,0,"High School","Moderate","Male",64,0
24,90,"Medium","Medium",1,6,97,"Low",1,1,"High","High","Public","Positive",4,0,"High School","Near","Male",72,0
19,91,"Medium","Low",0,9,67,"Medium",1,0,"Medium","Medium","Private","Negative",3,0,"College","Near","Female",66,0
18,91,"Medium","Medium",0,5,52,"Medium",1,2,"Medium","Medium","Public","Negative",4,0,"High School","Moderate","Female",66,0
24,89,"Medium","High",1,5,68,"Medium",1,0,"Low","High","Public","Positive",2,0,"Postgraduate","Near","Female",71,0
23,68,"Low","Low",0,8,91,"Medium",1,5,"Low","Medium","Public","Negative",5,0,"Postgraduate","Near","Female",66,0
18,74,"Medium","Low",1,6,67,"High",1,2,"Low","High","Public","Neutral",2,0,"High School","Near","Male",64,0
27,79,"Medium","Low",0,6,65,"Low",1,0,"Medium","Medium","Private","Negative",2,0,"College","Near","Male",66,0
14,73,"Medium","Low",1,5,96,"Low",1,1,"Low","Medium","Public","Negative",3,0,"High School","Moderate","Female",62,1
24,90,"Medium","Medium",0,8,65,"Medium",1,4,"Low","Medium","Public","Neutral",4,0,"High School","Moderate","Male",70,0
24,73,"Medium","Medium",1,7,99,"Medium",1,3,"Medium","High","Private","Neutral",3,0,"High School","Near","Female",69,0
18,66,"High","Medium",0,7,92,"Medium",1,2,"Low","Medium","Private","Neutral",4,0,"High School","Moderate","Male",65,0
22,76,"High","Medium",1,6,84,"High",1,2,"Medium","High","Public","Neutral",3,0,"High School","Near","Male",70,0
12,99,"High","High",1,6,80,"Medium",0,0,"High","Medium","Public","Positive",3,0,"High School","Moderate","Male",70,0
26,69,"Medium","Medium",1,7,61,"Medium",1,1,"High","High","Public","Positive",2,0,"College","Near","Male",67,0
19,84,"Medium","High",1,8,87,"Low",1,2,"Low","High","Public","Positive",3,0,"High School","Moderate","Female",69,0
17,77,"Low","Medium",0,9,67,"Low",1,0,"Low","High","Public","Neutral",5,1,"High School","Near","Female",62,1
26,63,"Medium","High",1,9,74,"Medium",1,1,"Low","Medium","Private","Positive",4,0,"High School","Near","Female",67,0
16,80,"High","Medium",0,8,55,"High",0,0,"Low","Medium","Public","Positive",6,0,"College","Moderate","Male",65,0
12,88,"Medium","Medium",0,8,65,"Medium",1,0,"Low","Medium","Public","Positive",4,0,"High School","Near","Male",65,0
11,81,"Medium","High",1,5,76,"Medium",1,1,"Low","Medium","Public","Neutral",3,0,"Postgraduate","Far","Male",65,0
24,95,"Medium","Low",1,6,73,"Medium",0,3,"Low","Medium","Public","Positive",2,0,"High School","Moderate","Male",69,0
12,72,"Medium","Medium",0,8,67,"Low",1,4,"Medium","Medium","Public","Neutral",4,0,"High School","Near","Male",63,1
31,63,"Low","High",1,7,74,"Low",1,3,"Medium","Medium","Public","Negative",2,0,"College","Moderate","Male",66,0
8,97,"Medium","High",1,8,87,"Medium",1,0,"Medium","Medium","Public","Positive",2,1,"High School","Near","Male",67,0
30,75,"Medium","Medium",0,8,73,"High",1,1,"Medium","Medium","Public","Negative",3,0,"College","Near","Male",69,0
21,83,"Medium","Medium",1,8,75,"High",1,1,"Low","High","Public","Neutral",2,0,"High School","Far","Male",67,0
19,92,"Medium","Medium",1,5,85,"Medium",1,1,"Medium","High","Private","Neutral",4,0,"High School","Near","Male",70,0
17,73,"High","High",1,7,92,"Medium",1,2,"High","Medium","Private","Negative",2,0,"High School","Moderate","Male",67,0
22,89,"High","Medium",0,6,76,"Medium",1,2,"Low","Medium","Public","Neutral",4,0,"High School","Near","Male",70,0
20,65,"High","High",1,6,97,"Medium",1,0,"Low","Low","Private","Negative",3,0,"High School","Moderate","Female",65,0
27,72,"Medium","Low",0,4,68,"Medium",0,0,"Medium","High","Public","Negative",3,1,"College","Near","Male",63,0
21,66,"Medium","Medium",1,7,63,"Medium",1,0,"High","Medium","Public","Neutral",3,0,"High School","Near","Female",64,0
21,92,"High","Medium",1,4,85,"Low",1,1,"High","Medium","Public","Negative",3,0,"High School","Far","Male",69,0
18,69,"Low","Medium",0,8,59,"Low",0,1,"Low","Medium","Public","Positive",4,0,"High School","Near","Female",60,1
20,89,"Low","Medium",1,9,95,"Medium",1,3,"Low","Medium","Public","Positive",3,0,"High School","Moderate","Male",69,0
22,98,"Medium","Low",1,8,69,"Medium",1,4,"High","Medium","Private","Positive",2,0,"High School","Near","Female",72,0
10,81,"Medium","Low",1,7,85,"Low",1,1,"Low","Medium","Public","Neutral",2,0,"College","Near","Male",63,1
12,82,"Low","Medium",0,9,79,"High",1,0,"Low","Medium","Private","Positive",2,0,"College","Moderate","Female",63,0
24,78,"High","Low",1,7,53,"High",1,0,"Medium","Medium","Public","Neutral",4,1,"High School","Near","Male",66,0
21,73,"Medium","Medium",0,6,85,"Medium",1,6,"Medium","High","Public","Neutral",5,0,"College","Near","Male",70,0
19,79,"Medium","High",1,7,90,"Medium",1,1,"High","Medium","Public","Negative",4,0,"College","Far","Female",68,0
20,84,"Medium","Medium",1,10,99,"Low",1,2,"Medium","Medium","Private","Positive",3,0,"High School","Moderate","Male",69,0
22,99,"Medium","Medium",1,5,71,"High",1,0,"Medium","High","Public","Neutral",4,0,"College","Near","Female",72,0
17,98,"Low","High",0,5,75,"Low",1,1,"Low","Low","Private","Positive",3,1,"College","Near","Male",67,0
15,94,"Low","Medium",0,8,94,"Low",1,1,"High","Medium","Public","Positive",4,0,"High School","Moderate","Male",68,0
21,96,"Medium","High",0,7,63,"Medium",1,1,"Medium","Medium","Private","Negative",2,0,"Postgraduate","Far","Female",70,0
14,79,"High","Medium",1,6,59,"Medium",1,5,"Medium","High","Public","Positive",3,0,"Postgraduate","Far","Male",68,0
22,86,"Medium","Medium",1,5,57,"High",1,2,"Medium","Medium","Public","Positive",3,0,"College","Moderate","Male",69,0
10,96,"Medium","Medium",0,4,99,"Medium",1,1,"Medium","Medium","Private","Negative",5,0,"College","Near","Female",68,0
26,76,"Medium","Medium",0,5,64,"Low",1,0,"Medium","Medium","Public","Positive",5,0,"College","Far","Female",66,0
23,98,"Medium","Medium",0,9,88,"High",1,1,"Low","Medium","Public","Negative",4,0,"Postgraduate","Moderate","Female",72,0
22,77,"Medium","Medium",1,7,72,"Medium",1,2,"Medium","High","Public","Neutral",3,0,"High School","Near","Male",67,0
26,84,"Low","High",0,4,62,"Medium",0,3,"High","High","Public","Positive",2,0,"High School","Near","Male",70,0
30,88,"High","Medium",1,9,96,"Medium",1,1,"Medium","High","Private","Neutral",3,1,"High School","Near","Male",73,0
26,98,"Medium","Low",1,9,73,"High",1,1,"High","Low","Public","Neutral",6,0,"Postgraduate","Moderate","Male",73,0
9,70,"Medium","Medium",0,9,78,"Low",1,1,"Medium","Low","Public","Neutral",2,0,"High School","Near","Female",60,1
12,90,"Medium","High",0,6,61,"Low",1,2,"Medium","High","Public","Neutral",3,0,"College","Near","Male",67,1
16,81,"High","Medium",1,7,66,"Medium",1,3,"High","High","Private","Positive",4,0,"High School","Near","Male",69,0
20,71,"Medium","Low",0,7,87,"High",1,1,"Medium","Medium","Public","Negative",5,0,"High School","Near","Male",65,0
23,91,"Low","High",1,9,67,"Low",1,2,"Low","Medium","Public","Neutral",4,0,"High School","Near","Female",70,0
16,82,"High","High",1,6,75,"Low",1,3,"Medium","Medium","Public","Neutral",3,0,"College","Moderate","Female",68,1
21,86,"Medium","Low",0,6,56,"Medium",1,1,"Low","High","Private","Negative",2,0,"College","Near","Female",66,0
15,73,"Low","High",1,8,93,"Medium",1,1,"Low","High","Public","Positive",4,0,"College","Far","Male",65,0
16,79,"Low","Medium",1,9,87,"Medium",1,1,"Low","Medium","Public","Neutral",2,0,"College","Moderate","Female",64,0
12,85,"High","High",1,7,88,"High",1,1,"Low","Medium","Public","Neutral",0,0,"College","Far","Female",67,0
14,76,"High","Medium",1,8,59,"Low",1,3,"Medium","Medium","Private","Neutral",5,0,"High School","Moderate","Male",65,1
12,68,"High","High",1,7,75,"Medium",1,1,"Medium","Low","Private","Positive",4,0,"High School","Near","Male",64,1
14,98,"High","High",0,7,51,"Medium",1,0,"Medium","Low","Public","Positive",1,1,"High School","Near","Male",67,0
26,80,"Medium","Low",1,6,66,"Medium",1,2,"High","Medium","Public","Neutral",4,0,"Postgraduate","Near","Male",70,0
14,89,"Medium","Low",1,5,67,"Low",0,3,"Low","Low","Private","Neutral",3,0,"High School","Far","Female",63,1
36,76,"Medium","Medium",0,6,96,"Medium",1,1,"Low","Medium","Private","Neutral",2,0,"College","Near","Male",71,0
23,74,"High","Low",0,6,100,"Low",1,2,"High","Low","Private","Positive",3,0,"High School","Near","Male",68,0
21,76,"Medium","Medium",0,7,81,"Medium",1,0,"Medium","High","Private","Positive",2,0,"College","Moderate","Female",67,0
15,76,"High","High",1,9,76,"Medium",1,1,"Medium","High","Public","Neutral",2,0,"Postgraduate","Far","Female",67,0
24,82,"Low","Medium",1,7,72,"Medium",1,0,"Medium","High","Public","Positive",2,0,"Postgraduate","Moderate","Female",68,0
17,82,"High","Medium",0,6,51,"Medium",1,1,"Low","Medium","Public","Positive",3,0,"Postgraduate","Moderate","Male",66,0
21,80,"Medium","Medium",1,8,90,"Medium",1,0,"Medium","Medium","Public","Negative",4,0,"College","Near","Male",68,0
35,65,"High","Medium",1,7,84,"High",1,0,"Medium","Medium","Public","Positive",2,0,"High School","Moderate","Male",70,0
19,80,"Low","Low",0,8,82,"Medium",1,5,"Low","Low","Public","Positive",3,0,"College","Near","Male",67,0
27,67,"Low","Medium",1,6,90,"Medium",1,2,"High","High","Private","Neutral",3,0,"High School","Moderate","Male",67,0
16,65,"Low","High",0,9,96,"Low",1,2,"Low","Medium","Public","Negative",2,0,"High School","Near","Male",62,1
20,97,"Medium","High",0,9,69,"Low",1,0,"Low","Low","Public","Negative",3,1,"High School","Near","Male",67,0
31,84,"Medium","High",0,7,71,"Low",1,4,"Low","Medium","Public","Negative",4,0,"High School","Far","Male",70,0
16,86,"High","High",0,8,99,"Medium",1,4,"Low","High","Private","Neutral",4,0,"College","Near","Male",72,0
31,76,"Medium","Medium",1,9,83,"Medium",1,2,"High","Medium","Private","Negative",3,0,"High School","Moderate","Female",70,0
24,96,"Low","High",0,6,93,"Medium",1,2,"Low","Medium","Public","Neutral",2,0,"High School","Moderate","Female",94,0
17,86,"Medium","Medium",0,7,61,"Medium",0,2,"High","Medium","Public","Positive",3,0,"High School","Moderate","Male",66,0
24,91,"Low","Low",1,7,66,"High",1,2,"Low","High","Public","Neutral",3,0,"High School","Near","Male",69,0
26,75,"High","Medium",0,5,70,"Low",1,0,"High","Low","Private","Neutral",2,0,"Postgraduate","Near","Male",68,0
24,98,"High","Low",0,8,66,"High",1,2,"Low","Medium","Public","Positive",1,0,"High School","Moderate","Male",71,0
11,93,"High","Medium",0,9,94,"Medium",1,4,"Low","High","Public","Neutral",4,0,"High School","Moderate","Male",69,0
16,94,"Medium","Medium",0,7,76,"Low",1,2,"Medium","Medium","Public","Neutral",3,1,"High School","Near","Female",67,0
19,67,"Low","Medium",1,8,98,"Medium",1,2,"Low","Medium","Private","Negative",2,0,"Postgraduate","Near","Female",64,0
20,71,"Medium","Medium",1,9,66,"Medium",1,1,"Medium","Low","Private","Negative",5,1,"College","Near","Female",63,0
24,71,"Medium","High",1,6,52,"Medium",1,2,"Medium","Medium","Private","Neutral",3,0,"College","Far","Female",66,0
21,71,"High","Medium",1,8,57,"Low",0,2,"High","Medium","Public","Positive",1,0,"Postgraduate","Near","Female",66,1
12,94,"Low","High",1,6,61,"Medium",1,3,"High","High","Public","Neutral",4,0,"College","Near","Male",69,0
22,61,"Low","Low",1,6,82,"Low",1,4,"Medium","Medium","Public","Positive",4,0,"High School","Moderate","Female",64,1
24,63,"High","Medium",0,8,59,"Low",1,1,"Low","Medium","Public","Neutral",3,1,"High School","Near","Male",62,1
23,71,"Medium","Medium",1,7,69,"High",1,3,"Low","Medium","Public","Positive",5,1,"High School","Far","Female",66,0
26,68,"Medium","High",1,8,90,"Medium",1,4,"Low","High","Private","Neutral",3,0,"High School","Near","Male",70,0
25,69,"High","Medium",1,7,56,"Medium",1,2,"Low","Medium","Private","Neutral",4,0,"High School","Near","Male",67,0
23,92,"Low","Medium",0,8,54,"Medium",1,0,"High","Low","Public","Positive",1,0,"Postgraduate","Near","Female",68,0
20,83,"High","Low",0,9,77,"High",1,0,"Low","Medium","Public","Positive",3,1,"High School","Near","Male",67,0
10,60,"Medium","Medium",0,9,85,"Medium",1,0,"Medium","High","Public","Positive",4,0,"Postgraduate","Near","Male",62,1
23,77,"Low","Medium",1,8,96,"Medium",1,1,"High","Medium","Private","Neutral",1,1,"College","Near","Male",67,0
21,76,"Medium","High",1,8,83,"Medium",1,0,"Low","Medium","Public","Positive",5,0,"High School","Near","Male",68,0
22,65,"Low","Medium",0,7,97,"Low",1,2,"Medium","High","Private","Neutral",4,0,"High School","Moderate","Female",64,1
12,87,"Medium","Low",1,7,62,"Medium",0,2,"Medium","Medium","Public","Neutral",4,0,"High School","Near","Female",64,0
14,88,"Medium","Medium",0,8,67,"Medium",1,2,"High","Low","Public","Neutral",3,0,"Postgraduate","Far","Male",66,0
26,89,"Medium","Low",1,7,92,"Medium",1,2,"Low","High","Public","Positive",2,0,"Postgraduate","Moderate","Male",72,0
20,89,"Medium","High",1,8,91,"Medium",1,2,"Medium","Medium","Public","Positive",3,0,"High School","Near","Female",72,0
24,60,"Medium","High",1,9,83,"High",1,2,"Medium","Low","Public","Positive",3,1,"High School","Near","Male",66,0
20,98,"Low","Medium",0,7,75,"High",1,4,"Medium","Medium","Private","Positive",1,0,"College","Near","Male",72,0
20,93,"High","Medium",1,4,51,"Low",1,1,"Medium","Medium","Public","Positive",3,0,"High School","Near","Male",69,0
26,96,"High","High",1,10,64,"Low",1,2,"Medium","Medium","Private","Neutral",3,1,"High School","Near","Female",72,0
17,61,"Low","Low",1,6,58,"Medium",1,1,"Medium","High","Public","Neutral",4,0,"High School","Near","Male",60,1
21,97,"Medium","Medium",1,7,53,"Medium",1,0,"High","Medium","Public","Neutral",2,0,"High School","Moderate","Male",69,0
17,92,"Medium","High",0,8,89,"Medium",1,0,"Low","Low","Public","Positive",3,1,"High School","Near","Male",68,0
17,93,"Low","Medium",1,9,57,"High",1,3,"Low","High","Private","Neutral",2,0,"College","Near","Male",69,0
18,64,"Medium","Low",1,10,68,"Low",1,1,"Low","Medium","Public","Positive",5,0,"High School","Near","Male",62,1
21,90,"Medium","Medium",1,6,99,"Low",1,2,"Low","High","Public","Positive",2,0,"High School","Moderate","Male",71,0
17,98,"Medium","High",1,9,70,"Low",1,1,"High","Medium","Private","Negative",2,0,"High School","Near","Male",70,0
28,87,"Low","Low",1,7,57,"Medium",1,2,"Medium","High","Private","Negative",4,0,"High School","Moderate","Male",68,0
15,83,"High","Medium",1,10,84,"Medium",1,1,"High","High","Public","Negative",2,0,"College","Near","Male",68,0
19,98,"Medium","High",0,9,90,"Low",0,1,"High","Medium","Private","Positive",2,0,"College","Far","Female",70,0
17,78,"Medium","High",0,7,64,"Medium",1,0,"Low","Medium","Private","Neutral",3,0,"High School","Near","Female",65,0
29,84,"High","Medium",1,6,90,"Medium",1,0,"Medium","High","Public","Positive",3,0,"Postgraduate","Far","Male",73,0
21,79,"High","Medium",0,4,64,"Low",1,0,"Low","High","Public","Negative",4,0,"College","Moderate","Male",66,1
26,97,"Medium","Medium",0,8,85,"Low",0,2,"High","Low","Public","Neutral",3,0,"High School","Near","Male",71,0
11,63,"High","Medium",1,9,56,"High",1,2,"Medium","Medium","Public","Neutral",3,0,"High School","Near","Female",62,1
22,80,"Medium","Medium",1,8,71,"High",1,2,"Low","Medium","Private","Positive",3,0,"High School","Near","Female",68,0
25,87,"Medium","High",0,4,76,"Low",1,1,"Low","High","Public","Positive",4,0,"College","Far","Male",70,0
20,92,"Medium","Low",0,5,86,"Low",1,0,"Medium","Medium","Public","Neutral",2,0,"Postgraduate","Moderate","Female",68,0
26,83,"High","Low",1,8,83,"Medium",1,2,"Low","High","Public","Neutral",2,0,"College","Near","Female",71,0
17,96,"Medium","Medium",1,10,93,"Medium",1,2,"Medium","Low","Public","Negative",4,0,"High School","Near","Female",70,0
28,98,"Medium","Medium",1,7,59,"Medium",1,1,"Low","Medium","Public","Positive",3,0,"High School","Near","Male",72,0
34,63,"Medium","High",1,9,83,"Medium",1,2,"Medium","High","Public","Negative",2,0,"College","Moderate","Male",69,0
18,76,"Medium","High",0,5,56,"Medium",1,1,"Low","Low","Public","Negative",2,0,"College","Moderate","Male",63,0
17,61,"Medium","Medium",0,7,74,"High",1,0,"Medium","Medium","Public","Neutral",2,0,"Postgraduate","Near","Female",62,0
29,73,"Medium","Medium",0,7,76,"Medium",1,2,"Low","High","Private","Neutral",3,0,"High School","Near","Female",68,0
29,81,"Low","Medium",1,9,51,"Low",1,2,"Medium","Medium","Public","Positive",5,0,"Postgraduate","Near","Male",70,0
17,96,"Medium","Medium",1,6,54,"Medium",1,1,"Medium","Medium","Private","Positive",4,0,"High School","Near","Male",69,0
17,94,"Medium","Medium",0,10,92,"Low",1,2,"Low","Medium","Private","Negative",2,0,"High School","Near","Male",68,0
18,65,"High","Medium",1,7,64,"Medium",1,2,"High","Medium","Public","Positive",1,0,"High School","Near","Male",65,0
12,64,"Medium","Low",0,5,67,"Medium",1,3,"Low","Medium","Private","Positive",2,1,"High School","Near","Male",59,1
14,84,"Medium","Medium",0,5,82,"Medium",1,3,"Low","Medium","Public","Positive",3,0,"College","Far","Male",66,0
14,81,"High","Medium",0,6,61,"Low",1,0,"Low","Medium","Public","Positive",4,0,"High School","Moderate","Male",64,1
15,71,"Low","Medium",0,8,60,"High",0,5,"Low","High","Public","Positive",4,0,"High School","Far","Female",63,0
20,96,"Medium","Medium",0,6,71,"Medium",1,5,"Low","High","Public","Neutral",3,0,"College","Near","Male",72,0
21,97,"Medium","High",1,6,53,"Low",1,0,"Low","Medium","Public","Negative",3,1,"High School","Moderate","Male",67,0
29,76,"Medium","Medium",0,8,96,"Low",1,2,"Low","Medium","Public","Positive",2,0,"Postgraduate","Moderate","Male",94,0
14,96,"Medium","High",1,4,97,"Low",1,2,"Medium","Medium","Public","Negative",3,0,"High School","Near","Female",70,0
26,75,"Low","Medium",0,6,72,"Medium",1,0,"Low","High","Public","Neutral",3,0,"High School","Near","Male",66,0
19,89,"Low","Medium",1,5,60,"Low",1,4,"Medium","Medium","Public","Positive",2,0,"Postgraduate","Moderate","Female",69,0
20,79,"Medium","Low",1,6,74,"Low",1,2,"Low","Medium","Public","Positive",2,0,"High School","Far","Male",64,1
24,65,"Medium","Medium",0,7,55,"Low",1,1,"Low","High","Private","Positive",3,1,"High School","Near","Female",63,1
13,97,"High","High",0,7,70,"Medium",1,1,"Low","High","Public","Neutral",4,0,"Postgraduate","Near","Female",71,0
22,78,"High","Medium",0,7,54,"Medium",1,1,"Medium","Medium","Public","Negative",3,1,"High School","Moderate","Male",65,0
21,89,"Low","Medium",1,9,85,"Low",1,1,"Medium","Medium","Public","Negative",5,0,"College","Far","Female",68,0
23,75,"Medium","Medium",0,7,64,"High",1,1,"Low","Medium","Public","Negative",3,1,"High School","Moderate","Male",64,0
22,61,"Low","Low",1,10,76,"High",1,1,"High","High","Public","Positive",2,0,"College","Near","Male",64,0
35,64,"Medium","Medium",1,8,51,"Medium",1,2,"Medium","Medium","Public","Negative",5,1,"High School","Near","Male",66,0
16,80,"High","Medium",0,6,76,"Medium",1,1,"Medium","High","Public","Positive",4,0,"College","Near","Male",68,0
17,88,"Medium","Medium",0,10,50,"Medium",1,3,"Low","High","Public","Neutral",5,0,"College","Moderate","Female",67,0
16,73,"Low","High",1,7,96,"Medium",1,1,"Medium","Medium","Private","Positive",3,0,"High School","Moderate","Female",66,0
17,88,"Medium","Medium",1,10,75,"Medium",1,2,"Medium","Medium","Public","Neutral",3,0,"High School","Near","Male",68,0
16,88,"Low","Medium",0,7,55,"Medium",1,3,"Low","Low","Public","Neutral",3,0,"Postgraduate","Near","Male",66,0
27,88,"Medium","Medium",0,7,67,"Medium",1,3,"High","Medium","Public","Neutral",4,0,"College","Far","Male",71,0
29,80,"Medium","High",1,8,52,"Medium",1,4,"Low","Medium","Public","Positive",4,0,"High School","Moderate","Female",71,0
17,97,"Medium","High",0,7,77,"Medium",1,0,"Low","Medium","Private","Negative",4,0,"College","Far","Male",68,0
15,80,"High","Low",0,9,56,"High",1,3,"Medium","Medium","Public","Neutral",3,1,"High School","Near","Female",64,0
23,78,"Medium","Medium",1,10,74,"Low",1,3,"Medium","Medium","Public","Negative",4,0,"High School","Moderate","Male",67,0
17,68,"High","Medium",1,4,65,"High",1,0,"Medium","Medium","Private","Positive",2,0,"High School","Moderate","Male",64,0
24,72,"High","Low",1,8,88,"High",1,3,"Low","Medium","Public","Positive",2,0,"High School","Near","Female",68,0
21,62,"Medium","Low",0,6,74,"High",1,0,"Low","High","Private","Positive",3,1,"Postgraduate","Far","Male",62,0
11,85,"Medium","Low",1,4,92,"Low",1,0,"Medium","High","Public","Neutral",1,0,"College","Near","Male",64,1
29,70,"Low","High",0,8,97,"Low",1,3,"Low","High","Public","Positive",3,0,"Postgraduate","Moderate","Male",70,0
31,72,"Medium","Medium",0,8,98,"High",1,0,"Low","Medium","Public","Neutral",4,0,"College","Far","Male",68,0
16,91,"Medium","Medium",0,8,63,"High",1,2,"Medium","High","Public","Neutral",3,0,"College","Near","Female",69,0
18,73,"Low","Medium",1,8,88,"Low",1,3,"Low","Medium","Public","Positive",4,0,"College","Moderate","Male",65,1
22,70,"Medium","High",1,8,72,"Medium",1,2,"High","Medium","Public","Neutral",3,0,"High School","Near","Male",67,0
22,67,"High","Medium",0,6,71,"Low",1,2,"Medium","Medium","Public","Positive",2,0,"College","Moderate","Male",65,1
24,91,"High","Medium",0,7,93,"Low",1,0,"Medium","Medium","Public","Positive",2,0,"High School","Moderate","Male",71,0
32,65,"Medium","Low",1,8,57,"Low",1,2,"Low","Medium","Public","Positive",3,0,"High School","Moderate","Female",65,0
19,78,"Medium","Medium",1,9,74,"Low",1,2,"Low","Medium","Public","Positive",5,0,"High School","Moderate","Female",66,1
15,80,"High","Medium",0,7,80,"Medium",1,0,"Low","Low","Public","Neutral",5,0,"High School","Near","Female",65,0
12,87,"Medium","Medium",1,7,53,"Low",1,2,"Medium","Medium","Private","Neutral",1,0,"College","Near","Male",65,1
16,85,"Low","Medium",0,7,93,"High",1,1,"Medium","High","Public","Positive",3,0,"High School","Near","Male",68,0
20,92,"Medium","Medium",1,5,66,"Medium",1,2,"Medium","Medium","Public","Negative",2,1,"College","Moderate","Male",68,0
31,62,"High","Medium",0,8,83,"Medium",1,0,"Medium","High","Private","Neutral",2,1,"College","Near","Female",67,0
17,72,"Low","Medium",1,5,96,"High",1,3,"High","Medium","Public","Negative",3,0,"High School","Moderate","Male",65,0
21,71,"Medium","Low",0,8,86,"Medium",1,2,"Medium","High","Public","Neutral",2,0,"College","Near","Male",66,0
20,66,"Medium","Medium",1,7,94,"Low",1,0,"Medium","Low","Public","Neutral",4,0,"High School","Moderate","Female",63,1
27,72,"High","High",1,5,53,"Medium",1,1,"High","Medium","Private","Neutral",5,0,"Postgraduate","Near","Male",70,0
35,72,"High","High",1,5,75,"Medium",1,1,"Low","Medium","Public","Positive",5,0,"College","Moderate","Male",72,0
17,81,"Medium","High",0,6,78,"Medium",1,2,"Low","Medium","Private","Positive",2,0,"High School","Moderate","Male",67,0
17,87,"High","Low",1,6,84,"Medium",1,0,"Medium","Medium","Public","Positive",3,0,"College","Far","Male",67,0
26,75,"Low","Medium",1,9,56,"Medium",1,1,"Low","Medium","Public","Positive",5,0,"High School","Moderate","Male",66,0
24,89,"Low","Medium",0,7,83,"Medium",0,1,"Low","Low","Public","Neutral",3,0,"High School","Moderate","Male",66,0
31,73,"High","Medium",1,8,57,"Medium",1,2,"Low","High","Public","Neutral",4,0,"High School","Far","Male",69,0
24,72,"Medium","Low",1,9,53,"Medium",1,0,"Low","High","Private","Neutral",4,1,"High School","Moderate","Male",62,0
18,82,"Low","Medium",0,9,73,"Low",1,2,"Low","Medium","Public","Positive",4,0,"College","Near","Female",66,1
24,61,"Medium","Medium",0,7,80,"High",1,0,"Low","Medium","Public","Positive",3,0,"Postgraduate","Moderate","Male",64,0
27,63,"High","Medium",1,6,98,"Medium",1,1,"Low","High","Public","Positive",2,0,"High School","Moderate","Female",67,0
25,77,"High","High",0,8,85,"Medium",1,2,"Medium","Medium","Public","Positive",1,0,"College","Near","Male",71,0
23,98,"High","Medium",1,6,80,"Medium",1,1,"Medium","Medium","Public","Positive",2,0,"High School","Moderate","Male",73,0
26,89,"Medium","Low",1,10,61,"Low",1,0,"Medium","High","Public","Neutral",3,0,"High School","Moderate","Female",68,0
27,64,"High","Low",1,8,58,"Medium",1,2,"High","High","Public","Neutral",1,0,"Postgraduate","Far","Male",66,0
28,94,"Medium","High",1,7,80,"Medium",1,3,"Low","High","Public","Positive",4,0,"Postgraduate","Far","Male",75,0
24,89,"Medium","High",1,8,61,"Medium",1,1,"Low","High","Public","Positive",3,0,"Postgraduate","Near","Female",72,0
19,84,"High","Low",1,7,85,"Medium",1,1,"High","Medium","Private","Neutral",3,0,"High School","Near","Male",68,0
21,93,"Medium","Medium",1,6,56,"Medium",0,1,"Low","Medium","Public","Positive",3,0,"High School","Near","Male",68,0
27,76,"Low","High",1,8,67,"Medium",1,1,"Medium","Medium","Public","Positive",4,0,"High School","Near","Male",69,0
15,69,"Medium","Medium",1,7,89,"Medium",1,1,"Low","High","Public","Negative",2,0,"College","Moderate","Female",63,0
22,80,"Medium","High",1,10,92,"Medium",1,0,"Medium","High","Public","Positive",2,0,"High School","Near","Female",70,0
18,82,"Low","Medium",1,6,67,"Low",1,1,"High","Low","Private","Positive",3,0,"Postgraduate","Moderate","Male",66,1
20,82,"Low","Low",1,8,60,"Medium",1,3,"Medium","High","Public","Positive",4,0,"High School","Moderate","Male",66,0
28,83,"Medium","High",0,6,98,"Medium",1,1,"Low","High","Private","Neutral",2,0,"Postgraduate","Moderate","Male",72,0
21,98,"Low","Medium",0,6,88,"Medium",1,1,"Medium","Low","Public","Neutral",3,0,"Postgraduate","Near","Male",71,0
20,96,"High","Medium",0,4,90,"Medium",1,3,"Low","Medium","Private","Neutral",2,0,"College","Near","Male",72,0
12,95,"Medium","Medium",0,8,61,"High",1,4,"High","High","Private","Neutral",1,0,"College","Near","Male",69,0
24,92,"Low","High",1,6,71,"Low",1,2,"Low","High","Public","Positive",2,0,"High School","Near","Male",71,0
24,98,"Medium","Low",0,9,53,"Medium",1,3,"High","Low","Private","Negative",2,0,"Postgraduate","Far","Male",69,0
33,64,"High","Medium",0,8,55,"Medium",1,1,"Medium","High","Public","Neutral",3,0,"College","Moderate","Female",68,0
18,71,"Low","Low",1,7,61,"Low",1,2,"Low","Medium","Public","Negative",4,0,"College","Near","Male",61,1
21,80,"Medium","High",0,5,65,"High",1,2,"Medium","Low","Private","Neutral",1,0,"Postgraduate","Moderate","Male",68,0
21,94,"High","Medium",1,8,100,"Low",1,0,"Low","Medium","Public","Neutral",3,0,"Postgraduate","Near","Male",72,0
29,80,"Medium","Medium",1,6,71,"Medium",1,0,"Medium","Medium","Public","Positive",3,0,"College","Moderate","Female",70,0
19,90,"High","Medium",1,5,85,"High",1,0,"Medium","High","Private","Positive",5,0,"Postgraduate","Near","Female",73,0
22,66,"Medium","High",0,8,95,"Low",1,3,"Medium","Medium","Private","Positive",3,0,"High School","Moderate","Female",67,0
24,70,"Medium","High",0,5,62,"Medium",1,2,"Low","Medium","Private","Negative",4,1,"College","Near","Male",65,0
21,89,"Medium","Medium",0,4,57,"Medium",1,1,"High","Medium","Private","Positive",2,0,"High School","Near","Female",68,0
17,67,"Low","High",1,9,62,"High",1,3,"Medium","Medium","Public","Positive",3,0,"High School","Near","Male",65,0
21,74,"High","Medium",0,6,94,"Medium",1,1,"Low","High","Public","Positive",1,0,"High School","Near","Male",97,0
26,71,"High","Low",1,4,83,"Low",1,1,"Medium","Medium","Public","Negative",3,0,"College","Moderate","Male",66,0
14,74,"High","High",1,6,73,"High",1,2,"Medium","Medium","Private","Neutral",3,0,"High School","Near","Female",67,0
21,88,"High","Medium",0,6,91,"Medium",1,2,"High","Medium","Public","Neutral",1,0,"High School","Moderate","Female",70,0
16,75,"High","Medium",1,9,62,"Medium",1,3,"Low","Medium","Public","Positive",4,0,"High School","Moderate","Female",66,0
27,82,"Medium","High",1,5,62,"Low",1,1,"Low","High","Private","Neutral",4,0,"High School","Moderate","Female",69,0
11,64,"High","Medium",1,5,78,"Low",1,2,"Low","High","Private","Neutral",4,0,"College","Moderate","Male",62,1
17,92,"Medium","Low",1,8,90,"High",1,1,"High","Low","Public","Negative",3,0,"High School","Near","Male",68,0
22,75,"Medium","High",1,6,63,"Low",1,1,"Low","Medium","Public","Positive",2,0,"College","Near","Male",67,1
29,86,"Medium","Medium",1,7,61,"Medium",1,0,"Medium","Medium","Public","Negative",4,0,"High School","Far","Female",68,0
20,89,"High","Medium",1,6,74,"Medium",1,1,"Low","High","Private","Neutral",2,0,"High School","Moderate","Male",69,0
17,68,"Medium","Medium",1,10,57,"Medium",1,1,"High","Medium","Private","Positive",1,1,"High School","Moderate","Female",62,1
31,95,"High","Medium",1,5,87,"Medium",1,2,"Low","Medium","Public","Neutral",3,0,"Postgraduate","Moderate","Male",75,0
11,85,"Medium","Medium",0,7,79,"Low",1,2,"High","Low","Public","Positive",3,0,"High School","Near","Male",65,1
7,77,"High","Medium",0,9,76,"Medium",1,2,"Medium","High","Public","Negative",3,0,"College","Moderate","Male",63,1
23,67,"High","Medium",0,6,94,"Low",1,1,"Medium","Medium","Public","Positive",2,0,"College","Far","Male",66,0
17,98,"Low","High",0,6,87,"High",0,3,"Medium","Medium","Private","Positive",5,0,"College","Near","Female",71,0
14,90,"High","Medium",1,8,57,"Medium",1,0,"Medium","Medium","Public","Positive",3,1,"College","Moderate","Male",66,0
24,68,"Medium","Medium",0,9,71,"Medium",1,2,"Medium","Medium","Public","Neutral",4,0,"College","Near","Male",66,0
21,74,"Medium","High",0,6,66,"Low",1,1,"Medium","High","Private","Negative",4,0,"High School","Near","Male",66,1
17,92,"High","High",1,9,90,"Medium",1,1,"High","Low","Public","Positive",3,0,"High School","Moderate","Male",71,0
12,88,"Medium","Medium",1,7,86,"High",1,3,"Medium","High","Public","Positive",3,1,"High School","Moderate","Male",68,0
25,91,"Medium","Medium",0,8,74,"High",1,1,"Medium","High","Private","Positive",3,0,"College","Moderate","Male",71,0
24,78,"Medium","Medium",1,9,91,"Low",1,0,"High","High","Public","Negative",3,0,"Postgraduate","Far","Female",68,0
19,89,"Low","Medium",0,8,71,"Medium",1,2,"Low","High","Public","Positive",4,0,"High School","Near","Male",68,0
31,75,"Medium","Medium",0,7,90,"Low",1,2,"Medium","High","Public","Neutral",2,1,"High School","Moderate","Male",68,0
14,68,"Medium","Medium",1,6,52,"Medium",1,2,"Low","Medium","Public","Positive",2,0,"College","Near","Male",62,1
11,85,"High","Low",1,10,57,"High",1,0,"Medium","High","Public","Neutral",5,0,"High School","Near","Male",65,0
16,99,"Low","High",0,6,88,"High",1,2,"Low","Low","Public","Neutral",3,0,"Postgraduate","Near","Male",71,0
20,72,"Medium","High",1,7,56,"Low",1,0,"Low","Medium","Public","Negative",6,1,"College","Moderate","Male",63,1
21,78,"High","Medium",0,8,84,"Low",1,1,"High","Low","Public","Positive",4,0,"High School","Near","Male",68,0
19,87,"High","Low",1,8,86,"Low",1,1,"Medium","High","Public","Positive",4,0,"High School","Moderate","Female",69,0
22,82,"High","High",0,10,83,"Medium",1,1,"Low","High","Private","Neutral",2,1,"College","Moderate","Male",69,0
12,94,"Medium","High",1,7,91,"Low",1,3,"Medium","Medium","Private","Positive",3,0,"Postgraduate","Near","Female",71,0
29,90,"Medium","High",0,7,76,"Medium",1,0,"Low","Medium","Public","Neutral",1,0,"Postgraduate","Moderate","Female",71,0
20,62,"Medium","Medium",1,9,95,"Low",1,0,"Medium","Medium","Private","Neutral",3,1,"High School","Near","Male",62,1
27,100,"Low","Low",1,7,78,"Low",1,2,"Medium","Medium","Public","Negative",2,0,"High School","Near","Male",70,0
22,90,"High","High",0,8,75,"High",1,1,"Low","Low","Private","Neutral",3,0,"College","Moderate","Male",70,0
23,95,"Medium","Medium",1,7,75,"Medium",1,2,"High","Medium","Public","Positive",2,0,"College","Near","Male",73,0
23,86,"Medium","High",1,8,96,"Low",1,3,"Medium","Medium","Private","Positive",2,0,"High School","Moderate","Female",71,0
23,94,"Medium","Low",1,8,62,"Medium",1,2,"Low","Medium","Public","Positive",0,0,"Postgraduate","Moderate","Female",69,0
24,64,"Medium","High",1,6,85,"High",1,0,"High","Low","Private","Neutral",3,1,"Postgraduate","Near","Male",66,0
28,74,"Medium","Low",1,4,62,"Medium",1,1,"Low","Medium","Private","Neutral",3,0,"High School","Moderate","Male",65,0
21,95,"High","Medium",0,4,55,"Medium",1,2,"Medium","High","Private","Neutral",1,0,"College","Near","Male",71,0
24,68,"Medium","Medium",1,4,98,"High",1,2,"Medium","High","Public","Negative",2,0,"High School","Near","Male",68,0
19,63,"Medium","High",1,7,56,"Medium",1,2,"Low","Medium","Private","Positive",3,0,"High School","Near","Female",64,1
29,92,"Low","Low",1,4,84,"Medium",1,2,"Low","Medium","Public","Negative",3,0,"Postgraduate","Near","Male",71,0
16,93,"Low","Medium",0,7,71,"Medium",1,0,"Medium","High","Public","Positive",2,0,"High School","Near","Male",67,0
31,67,"Medium","Low",0,7,92,"High",1,2,"Medium","Medium","Public","Negative",3,0,"High School","Far","Female",66,0
20,94,"Low","High",1,8,89,"Medium",1,1,"Low","Medium","Public","Positive",4,0,"High School","Near","Male",71,0
11,87,"Low","Medium",0,8,57,"High",1,0,"Low","Medium","Public","Negative",2,0,"High School","Moderate","Male",62,0
21,81,"High","Medium",0,8,73,"Medium",1,3,"Low","Medium","Public","Positive",2,1,"High School","Near","Male",67,0
16,93,"Medium","Low",1,8,51,"Medium",1,3,"Low","Medium","Public","Neutral",2,0,"College","Near","Male",67,0
25,77,"Low","Medium",1,7,71,"Medium",1,0,"Medium","Medium","Public","Negative",3,0,"High School","Near","Female",66,0
16,68,"Low","Medium",1,7,85,"High",1,1,"Low","High","Private","Positive",3,0,"Postgraduate","Moderate","Female",64,0
17,71,"Low","Medium",1,6,62,"Medium",1,2,"Low","Medium","Public","Neutral",3,1,"College","Near","Male",62,1
9,80,"Medium","High",0,7,91,"Low",1,1,"Medium","Medium","Public","Neutral",3,0,"College","Near","Female",65,1
17,81,"Medium","Low",1,5,53,"Low",1,0,"Medium","Medium","Public","Neutral",1,0,"College","Near","Male",63,1
5,92,"Medium","Medium",1,9,52,"Medium",1,2,"High","Medium","Private","Neutral",4,1,"College","Moderate","Female",64,1
10,92,"Low","High",1,6,51,"Low",1,1,"Medium","Medium","Private","Neutral",3,0,"High School","Near","Female",65,1
25,83,"Medium","High",0,7,64,"Medium",1,0,"Low","Medium","Public","Neutral",2,0,"College","Moderate","Male",68,0
25,91,"Medium","High",1,7,73,"Medium",1,2,"Low","Medium","Public","Positive",3,0,"High School","Near","Female",72,0
23,68,"Medium","Medium",1,9,55,"Medium",1,0,"Low","Medium","Public","Positive",3,0,"College","Moderate","Male",64,0
14,62,"High","Medium",0,4,100,"Low",1,1,"Low","Medium","Public","Neutral",3,0,"High School","Near","Male",62,1
20,95,"Medium","Low",1,7,100,"Low",0,3,"Low","Medium","Private","Neutral",2,0,"High School","Near","Female",69,0
20,63,"Low","Low",1,8,76,"Medium",1,3,"Medium","Medium","Public","Neutral",4,0,"Postgraduate","Near","Female",64,0
13,70,"High","Medium",0,10,78,"Medium",1,1,"Low","Medium","Public","Negative",2,0,"High School","Far","Female",61,1
29,88,"Medium","High",0,7,96,"Low",1,2,"Low","Low","Public","Positive",2,0,"High School","Near","Female",72,0
25,76,"Medium","Low",1,6,88,"Low",1,1,"Medium","Medium","Private","Negative",3,0,"College","Far","Male",66,0
19,95,"High","Low",0,10,58,"Low",1,2,"High","Medium","Public","Positive",3,0,"High School","Near","Male",69,0
20,72,"Medium","Medium",0,8,90,"High",0,2,"Low","Low","Private","Neutral",2,0,"College","Near","Female",65,0
21,60,"High","Medium",1,9,62,"Medium",1,2,"Low","Medium","Public","Positive",3,0,"High School","Near","Male",64,1
8,72,"Low","Medium",1,5,72,"Medium",1,3,"High","Low","Private","Positive",4,0,"High School","Near","Female",62,1
19,83,"Medium","Medium",0,8,77,"High",1,1,"Low","Medium","Public","Positive",4,0,"High School","Far","Male",66,0
16,75,"Low","Low",1,5,86,"Medium",1,0,"Low","Medium","Public","Positive",1,0,"College","Moderate","Female",62,0
14,81,"Medium","Medium",1,5,58,"High",1,3,"Low","High","Public","Negative",4,0,"Postgraduate","Moderate","Male",66,0
18,95,"Medium","High",0,8,54,"Medium",1,2,"High","Medium","Public","Neutral",3,0,"College","Moderate","Female",70,0
31,96,"Medium","Medium",1,8,93,"Low",1,3,"Low","Medium","Public","Positive",3,0,"High School","Near","Male",75,0
24,71,"Low","High",1,6,91,"Medium",1,3,"High","Medium","Public","Neutral",2,0,"High School","Far","Female",67,0
17,78,"Low","Medium",1,9,76,"Low",1,4,"Medium","Medium","Public","Positive",2,0,"College","Near","Male",66,1
23,82,"Medium","High",0,6,83,"Medium",1,2,"Medium","Medium","Private","Positive",3,0,"Postgraduate","Moderate","Male",71,0
28,98,"High","Medium",1,7,86,"Medium",1,2,"Medium","High","Private","Neutral",2,0,"High School","Near","Female",75,0
26,100,"High","High",0,7,74,"Low",1,1,"Medium","Medium","Public","Neutral",2,0,"High School","Far","Female",72,0
20,69,"High","Medium",0,7,63,"Low",1,2,"Low","Medium","Private","Negative",2,0,"High School","Moderate","Female",64,1
16,89,"Medium","Medium",1,9,74,"Medium",0,1,"Low","Medium","Public","Neutral",3,0,"High School","Far","Male",65,0
24,75,"Low","Medium",0,5,98,"High",1,1,"Low","Medium","Public","Positive",3,0,"High School","Near","Male",67,0
22,60,"Medium","Medium",0,6,92,"Low",1,2,"Low","High","Public","Negative",2,0,"High School","Near","Male",63,1
25,60,"Medium","Low",1,5,73,"Low",1,1,"Medium","Medium","Public","Negative",2,0,"High School","Near","Male",62,1
24,78,"Low","High",1,10,61,"High",1,2,"Medium","Medium","Public","Positive",4,0,"College","Moderate","Female",69,0
26,80,"Medium","Medium",1,7,94,"Medium",1,1,"Low","Medium","Private","Positive",2,0,"Postgraduate","Moderate","Male",70,0
17,61,"Low","Medium",1,6,82,"High",1,0,"Medium","High","Public","Neutral",4,0,"Postgraduate","Near","Male",63,0
28,87,"Medium","Medium",1,7,70,"Medium",1,2,"Low","Medium","Public","Neutral",2,0,"Postgraduate","Near","Male",71,0
21,72,"Medium","Low",1,8,56,"Medium",1,0,"Low","Medium","Public","Neutral",4,0,"High School","Near","Male",63,0
32,82,"Low","Medium",1,8,88,"Low",1,0,"High","Medium","Public","Positive",2,0,"College","Moderate","Male",71,0
16,72,"Medium","Medium",1,6,66,"Low",1,0,"Low","Medium","Private","Positive",4,0,"College","Near","Male",63,1
30,67,"Medium","High",1,6,80,"High",1,0,"Low","Medium","Public","Neutral",4,0,"High School","Moderate","Male",68,0
21,76,"Medium","Low",1,5,78,"High",0,0,"Low","High","Public","Neutral",3,0,"High School","Near","Male",65,0
16,69,"High","High",1,7,85,"Medium",1,0,"High","High","Private","Negative",3,0,"High School","Near","Female",66,0
17,81,"Low","Medium",1,9,77,"Medium",1,3,"Low","Medium","Public","Neutral",4,0,"College","Far","Male",66,0
18,68,"High","High",0,6,82,"Low",1,0,"Medium","High","Public","Positive",3,0,"High School","Near","Male",66,1
23,80,"Low","Low",1,8,54,"Medium",1,0,"Medium","High","Private","Positive",2,0,"High School","Near","Female",65,0
23,66,"Medium","High",0,6,83,"Medium",1,0,"High","Medium","Public","Positive",2,0,"High School","Near","Female",66,0
17,87,"Medium","Medium",1,5,60,"Medium",1,4,"Medium","Medium","Private","Positive",3,1,"High School","Near","Female",67,0
20,90,"High","Medium",0,8,70,"Medium",1,0,"Medium","Medium","Private","Neutral",3,0,"High School","Moderate","Female",68,0
33,64,"Medium","Low",1,10,76,"Low",1,2,"High","High","Private","Neutral",3,0,"High School","Near","Male",68,0
30,79,"Low","Medium",0,8,84,"Medium",1,3,"Low","Medium","Private","Negative",3,0,"College","Moderate","Female",69,0
23,63,"Medium","Low",1,6,87,"Low",1,1,"Medium","Medium","Public","Neutral",2,0,"Postgraduate","Near","Male",64,1
20,84,"Medium","Medium",0,6,85,"Medium",1,0,"Medium","Medium","Private","Positive",3,0,"High School","Moderate","Male",67,0
21,71,"Medium","Medium",1,10,55,"Low",1,1,"Medium","Medium","Public","Negative",4,0,"High School","Moderate","Female",63,1
24,81,"Low","High",1,7,69,"Medium",1,3,"Low","Medium","Public","Negative",3,0,"College","Near","Male",67,0
14,81,"Medium","High",1,6,64,"Low",0,2,"High","High","Public","Neutral",2,0,"High School","Far","Female",64,1
18,97,"Low","Medium",0,7,70,"Low",1,0,"High","Medium","Public","Neutral",2,1,"High School","Near","Female",66,0
10,82,"High","Medium",0,7,82,"Low",1,2,"Low","High","Private","Neutral",4,0,"High School","Near","Male",65,1
22,83,"Medium","Medium",1,8,60,"Low",0,4,"Medium","Medium","Public","Neutral",2,0,"Postgraduate","Moderate","Female",68,0
24,76,"Low","High",0,9,75,"Low",1,0,"Low","Medium","Private","Positive",5,0,"High School","Near","Male",66,0
17,98,"High","High",0,9,94,"Low",1,0,"High","Low","Public","Negative",3,0,"College","Near","Male",71,0
29,91,"Medium","High",1,7,87,"Medium",0,2,"Medium","High","Private","Negative",4,0,"College","Near","Female",74,0
13,71,"Medium","High",0,7,86,"Low",1,2,"Low","Medium","Public","Positive",3,0,"Postgraduate","Near","Male",65,1
11,94,"Low","High",1,8,92,"High",1,0,"Medium","Medium","Public","Neutral",4,0,"High School","Near","Female",68,0
21,77,"Medium","High",1,6,70,"Low",0,2,"High","Medium","Private","Positive",2,0,"College","Near","Male",68,0
26,93,"Medium","Medium",0,8,88,"Medium",1,1,"Medium","High","Public","Neutral",4,1,"College","Near","Male",72,0
30,93,"High","High",1,7,53,"Medium",1,3,"Low","Medium","Private","Negative",2,0,"Postgraduate","Moderate","Female",74,0
17,68,"Low","High",0,8,53,"Medium",1,0,"Low","Medium","Public","Neutral",2,0,"College","Near","Male",61,1
26,88,"Low","Low",0,10,67,"Low",1,0,"Low","Low","Private","Positive",3,0,"High School","Far","Male",65,0
20,72,"High","Low",0,8,60,"Low",1,0,"Low","Medium","Public","Neutral",5,0,"High School","Near","Male",63,1
19,72,"High","Medium",1,7,76,"Medium",1,1,"Medium","High","Public","Positive",2,0,"High School","Moderate","Female",66,0
25,72,"Low","High",1,6,59,"Medium",1,2,"Low","Medium","Public","Negative",3,0,"High School","Near","Male",66,0
24,89,"High","Medium",1,7,99,"Medium",1,2,"Low","High","Private","Neutral",4,0,"High School","Near","Female",73,0
11,69,"Medium","Medium",0,5,93,"Medium",1,0,"Medium","High","Public","Negative",4,0,"College","Near","Male",63,1
29,60,"High","High",1,8,99,"Medium",1,0,"Medium","Medium","Public","Positive",4,1,"High School","Near","Female",68,0
28,89,"High","Low",1,4,90,"High",1,3,"Low","High","Public","Positive",2,1,"Postgraduate","Moderate","Female",73,0
16,67,"Low","High",1,8,98,"Medium",1,0,"High","Low","Private","Negative",3,0,"High School","Moderate","Male",63,0
22,64,"Medium","High",1,8,68,"Medium",1,2,"Medium","Medium","Public","Negative",4,0,"High School","Near","Male",65,0
23,70,"Low","High",1,7,75,"High",1,0,"Low","Medium","Public","Positive",4,0,"High School","Near","Female",66,0
22,75,"Low","Low",1,6,62,"Medium",1,0,"High","High","Public","Negative",3,0,"Postgraduate","Near","Female",65,0
17,79,"Low","High",1,7,82,"Medium",1,0,"Medium","High","Public","Negative",2,0,"College","Near","Male",66,0
16,62,"High","Medium",0,4,89,"High",1,3,"Low","Medium","Public","Neutral",3,0,"College","Near","Female",65,0
20,99,"Medium","Medium",0,8,75,"Medium",1,2,"Low","High","Private","Negative",2,0,"Postgraduate","Far","Female",70,0
27,89,"Medium","Medium",0,7,65,"Medium",1,1,"Medium","Medium","Public","Neutral",3,0,"High School","Near","Female",70,0
23,73,"High","Medium",1,9,75,"Medium",1,0,"High","High","Private","Positive",3,0,"High School","Moderate","Female",68,0
18,73,"Medium","High",0,8,53,"Medium",0,1,"Low","High","Public","Neutral",3,0,"Postgraduate","Moderate","Male",64,0
25,78,"Medium","Medium",0,7,86,"Medium",1,1,"Medium","Medium","Public","Negative",3,0,"Postgraduate","Moderate","Female",68,0
3,85,"Low","High",0,8,73,"Low",1,2,"Low","Medium","Private","Neutral",3,0,"High School","Near","Male",62,1
27,66,"Medium","Medium",1,6,95,"Medium",1,1,"Medium","Medium","Public","Positive",3,0,"College","Moderate","Male",68,0
10,68,"Low","Medium",0,6,96,"Low",1,1,"High","Medium","Public","Neutral",3,0,"College","Moderate","Male",61,1
18,94,"High","Medium",1,7,56,"Low",0,1,"Low","Medium","Public","Positive",3,0,"Postgraduate","Near","Male",69,0
13,70,"Medium","Medium",1,7,100,"Medium",1,3,"Low","Medium","Public","Neutral",3,0,"High School","Near","Male",65,0
12,75,"Medium","High",1,6,98,"Medium",1,2,"Low","Medium","Public","Neutral",2,0,"College","Far","Male",65,0
27,95,"Medium","High",0,7,81,"Low",1,3,"Low","Medium","Public","Neutral",2,0,"High School","Moderate","Male",72,0
17,87,"Medium","Medium",1,7,91,"High",1,3,"Low","High","Public","Positive",3,1,"College","Near","Female",70,0
22,74,"Medium","High",1,10,51,"Medium",0,1,"Medium","Medium","Private","Negative",4,0,"High School","Near","Male",65,0
20,87,"Medium","Medium",0,7,99,"Medium",1,3,"Low","Medium","Public","Negative",3,0,"High School","Near","Male",69,0
23,61,"High","Low",1,6,73,"Medium",1,1,"Medium","Medium","Public","Positive",3,0,"College","Near","Male",65,0
20,89,"Low","Medium",1,7,95,"Low",1,3,"Low","Medium","Private","Neutral",2,0,"High School","Near","Male",69,0
12,79,"Low","Medium",1,9,69,"Medium",1,2,"Low","High","Public","Neutral",3,0,"Postgraduate","Near","Male",65,0
26,93,"Medium","High",1,9,89,"Medium",1,0,"Low","Medium","Public","Neutral",3,0,"College","Moderate","Male",72,0
17,98,"High","Low",1,10,71,"Medium",1,0,"Low","High","Private","Positive",3,0,"Postgraduate","Moderate","Female",70,0
11,97,"Medium","Medium",1,7,68,"Low",1,0,"Low","Medium","Private","Negative",2,0,"High School","Moderate","Female",64,1
17,96,"Medium","Low",0,8,97,"Low",1,0,"Medium","Medium","Public","Negative",3,0,"High School","Near","Female",67,0
29,80,"Medium","Low",0,5,85,"High",1,0,"High","High","Public","Neutral",2,0,"High School","Moderate","Male",69,0
25,74,"Low","Medium",1,6,92,"Low",1,4,"Medium","Medium","Private","Positive",3,0,"Postgraduate","Near","Male",70,0
18,79,"Medium","Medium",1,5,77,"Low",1,1,"Low","High","Public","Neutral",3,0,"High School","Near","Male",65,1
18,88,"High","High",1,8,96,"Low",1,1,"Low","Medium","Public","Positive",3,0,"High School","Far","Female",69,0
18,95,"High","Medium",1,7,87,"High",1,5,"Medium","Medium","Public","Neutral",2,0,"College","Near","Male",74,0
32,68,"Low","Medium",1,7,54,"Medium",1,1,"Low","Medium","Private","Neutral",1,0,"Postgraduate","Near","Male",66,0
22,97,"Medium","Medium",1,6,88,"High",1,1,"Low","Low","Private","Positive",4,0,"College","Near","Male",72,0
23,93,"Medium","Low",1,8,51,"High",0,0,"Low","High","Private","Positive",1,0,"High School","Near","Male",67,0
26,99,"Low","High",1,4,91,"High",1,2,"High","Low","Public","Neutral",4,0,"Postgraduate","Moderate","Female",75,0
21,95,"Medium","Low",1,7,67,"Medium",1,3,"Medium","Medium","Public","Positive",2,0,"College","Far","Female",70,0
18,71,"Low","Low",0,7,80,"Medium",1,1,"Medium","Low","Public","Neutral",4,0,"Postgraduate","Moderate","Female",63,0
19,64,"Medium","Medium",0,4,87,"High",1,2,"Medium","Medium","Private","Positive",4,0,"High School","Moderate","Male",65,0
20,64,"Medium","High",0,8,82,"Medium",1,3,"Medium","Low","Public","Negative",3,0,"High School","Moderate","Female",64,0
20,72,"Medium","High",0,7,84,"Low",1,2,"Medium","High","Public","Negative",2,0,"High School","Moderate","Female",65,1
24,85,"Medium","Medium",1,8,95,"Medium",1,2,"Medium","Medium","Public","Negative",4,0,"High School","Near","Female",70,0
20,92,"Medium","Low",0,10,69,"Medium",1,0,"Low","Medium","Public","Positive",2,0,"Postgraduate","Far","Male",67,0
24,96,"Medium","Medium",1,7,77,"Low",0,0,"Low","Medium","Public","Negative",2,1,"High School","Near","Female",67,0
20,85,"Medium","High",0,8,59,"Medium",1,1,"Medium","Medium","Public","Positive",3,0,"Postgraduate","Far","Female",68,0
20,60,"Medium","Medium",0,9,73,"High",1,4,"Medium","Medium","Public","Negative",4,0,"College","Near","Male",65,0
8,67,"High","Medium",1,8,58,"Low",1,2,"Medium","Medium","Public","Positive",1,0,"Postgraduate","Moderate","Female",61,1
25,64,"Medium","Low",1,6,82,"Low",1,2,"Low","Medium","Public","Negative",3,0,"High School","Moderate","Female",63,1
22,75,"Medium","Low",1,5,66,"Low",1,2,"Low","Medium","Public","Positive",2,0,"High School","Far","Male",80,0
26,80,"Medium","Medium",1,8,93,"Medium",1,2,"Low","Low","Public","Neutral",1,0,"Postgraduate","Moderate","Male",69,0
3,62,"Medium","Low",0,6,67,"Medium",1,1,"Low","Medium","Public","Negative",3,0,"High School","Near","Male",55,1
33,74,"Medium","Medium",0,9,64,"Medium",1,2,"Medium","Medium","Private","Neutral",4,0,"Postgraduate","Near","Female",70,0
19,67,"Medium","Medium",1,6,75,"High",1,1,"Low","Medium","Public","Neutral",3,0,"College","Near","Female",65,0
27,86,"Low","Medium",1,7,59,"Low",1,1,"Medium","Medium","Public","Neutral",3,0,"High School","Near","Male",68,0
14,79,"Medium","Low",1,5,60,"Medium",1,3,"Low","Medium","Public","Negative",5,0,"High School","Near","Male",64,0
24,80,"Medium","Medium",0,6,89,"Medium",1,1,"Low","High","Public","Neutral",3,0,"College","Near","Male",69,0
14,77,"Low","High",0,6,75,"Medium",1,1,"Medium","High","Public","Neutral",4,1,"High School","Near","Female",89,0
16,98,"Medium","Low",1,6,60,"Medium",1,1,"Medium","Medium","Private","Positive",3,0,"High School","Far","Male",67,0
31,69,"Medium","Medium",0,7,52,"Medium",0,2,"High","Low","Public","Neutral",5,0,"College","Far","Male",92,0
19,81,"High","High",0,6,73,"Low",0,1,"Low","High","Private","Positive",3,0,"High School","Near","Female",67,0
21,89,"Low","Medium",1,10,87,"Low",1,3,"Medium","Medium","Public","Positive",3,0,"College","Near","Male",70,0
25,82,"High","Low",0,8,68,"Medium",1,1,"Low","High","Public","Neutral",3,0,"College","Near","Male",68,0
23,97,"Medium","Low",1,9,62,"Medium",1,0,"Low","Medium","Private","Positive",2,0,"Postgraduate","Near","Male",70,0
21,75,"Medium","Medium",1,7,70,"Low",1,3,"Medium","Medium","Public","Positive",4,1,"Postgraduate","Near","Male",67,1
22,79,"Medium","Medium",1,7,98,"High",1,0,"High","Medium","Public","Neutral",3,0,"High School","Near","Male",69,0
34,64,"Medium","Medium",0,6,71,"High",1,0,"Low","High","Private","Negative",4,0,"High School","Near","Female",67,0
20,84,"High","High",1,10,63,"Medium",1,0,"Low","Medium","Private","Positive",4,0,"High School","Near","Female",69,0
21,72,"Medium","High",0,7,78,"Low",0,0,"High","Medium","Public","Neutral",1,1,"High School","Near","Female",63,1
26,66,"Medium","Medium",0,6,91,"Medium",1,3,"Medium","Medium","Public","Positive",3,0,"College","Near","Female",69,0
27,82,"Medium","High",0,6,51,"Low",1,1,"Low","Medium","Public","Negative",3,0,"High School","Moderate","Male",66,0
27,81,"Medium","Medium",0,8,78,"Medium",1,0,"Medium","Medium","Public","Positive",3,0,"High School","Moderate","Male",68,0
24,63,"Medium","Medium",1,9,92,"Medium",1,4,"Medium","Medium","Private","Positive",4,0,"Postgraduate","Near","Male",69,0
13,88,"High","Low",1,9,61,"Low",1,4,"Medium","Medium","Private","Negative",3,0,"High School","Near","Female",66,1
30,85,"Medium","Medium",1,6,96,"Low",1,1,"Medium","Medium","Private","Neutral",4,0,"High School","Near","Female",72,0
13,68,"Low","Medium",1,6,79,"Medium",1,1,"High","Medium","Private","Negative",3,0,"College","Near","Male",62,1
22,79,"Medium","Medium",0,9,76,"Medium",1,1,"Low","Medium","Private","Positive",2,0,"High School","Near","Male",67,0
15,89,"High","Low",0,10,98,"Low",1,0,"Low","Medium","Private","Positive",2,0,"College","Near","Male",67,0
20,81,"High","High",1,7,56,"Low",0,1,"Medium","Medium","Private","Positive",3,0,"High School","Near","Male",67,1
22,76,"Medium","Low",0,9,87,"Low",1,2,"Low","High","Public","Neutral",3,1,"College","Near","Female",65,0
22,73,"High","Low",0,5,91,"Medium",1,1,"Medium","Medium","Public","Positive",3,0,"Postgraduate","Moderate","Male",67,0
23,84,"Low","Low",0,6,74,"Medium",0,3,"Low","Medium","Public","Positive",1,0,"High School","Near","Female",66,0
30,98,"Low","Low",1,5,50,"High",1,0,"Low","High","Public","Negative",2,0,"College","Near","Male",70,0
23,87,"Low","High",0,8,76,"Medium",1,2,"High","Medium","Public","Positive",5,1,"Postgraduate","Near","Female",71,0
19,63,"Low","High",1,7,58,"Medium",1,2,"Low","High","Private","Neutral",3,0,"Postgraduate","Near","Female",64,1
26,78,"Low","High",1,7,78,"Low",1,4,"Medium","Medium","Private","Neutral",4,0,"High School","Moderate","Female",69,0
27,96,"Medium","High",1,9,87,"Low",0,0,"Medium","High","Public","Positive",2,0,"College","Moderate","Male",72,0
13,64,"Medium","Low",1,6,77,"Medium",1,0,"Low","High","Public","Neutral",4,0,"High School","Near","Male",60,1
24,100,"Medium","Low",1,7,82,"Low",1,1,"Medium","High","Private","Positive",3,0,"High School","Moderate","Male",71,0
24,98,"Medium","Medium",1,5,55,"High",1,0,"Medium","Medium","Public","Positive",3,0,"High School","Moderate","Male",71,0
18,63,"High","High",0,9,55,"Medium",1,2,"High","High","Private","Positive",2,0,"Postgraduate","Near","Female",66,1
28,97,"Medium","Medium",0,9,93,"Low",1,3,"Medium","High","Public","Neutral",3,0,"High School","Near","Female",74,0
19,75,"Medium","Medium",0,8,52,"High",1,0,"Low","Medium","Public","Negative",4,0,"Postgraduate","Moderate","Male",64,0
21,94,"Medium","Low",1,7,64,"Low",1,2,"Medium","Medium","Private","Neutral",2,0,"High School","Near","Male",68,0
19,77,"High","Low",0,6,97,"Low",1,4,"Low","Medium","Public","Negative",2,0,"High School","Near","Male",66,0
20,78,"Medium","Medium",0,5,73,"Low",1,1,"Low","Medium","Public","Negative",3,0,"College","Near","Female",65,1
13,85,"Low","High",1,7,84,"Medium",0,0,"Low","Medium","Public","Neutral",5,0,"High School","Moderate","Female",64,0
11,91,"Medium","Low",0,8,61,"Medium",1,1,"High","Medium","Private","Positive",3,0,"Postgraduate","Far","Male",65,0
30,61,"High","High",0,10,64,"Low",1,4,"Medium","Medium","Public","Positive",2,0,"Postgraduate","Moderate","Male",69,0
15,84,"Medium","High",1,6,75,"Medium",1,2,"Medium","Medium","Private","Positive",4,1,"Postgraduate","Near","Female",68,0
14,67,"Medium","High",0,7,82,"Low",1,1,"Medium","Medium","Public","Neutral",3,0,"High School","Far","Female",62,1
7,74,"Low","High",0,9,98,"High",1,3,"High","Low","Public","Neutral",2,0,"High School","Moderate","Male",63,0
16,74,"High","Low",0,9,79,"High",1,0,"High","Medium","Public","Neutral",4,0,"Postgraduate","Moderate","Female",65,0
12,79,"Low","High",0,6,55,"Medium",1,1,"Low","High","Private","Neutral",4,0,"College","Far","Female",62,1
30,73,"Low","Medium",0,7,68,"Medium",1,0,"Low","High","Public","Positive",2,0,"Postgraduate","Near","Male",67,0
26,64,"Low","High",0,6,62,"Low",1,1,"Low","Medium","Private","Positive",5,0,"High School","Moderate","Male",64,1
16,66,"Medium","Low",0,6,63,"Low",1,2,"Medium","High","Public","Neutral",3,0,"College","Moderate","Male",61,1
34,61,"Low","Medium",0,9,75,"Medium",1,1,"Low","Medium","Public","Neutral",2,0,"College","Far","Male",65,0
26,79,"High","Low",0,7,66,"Medium",1,1,"High","Medium","Public","Positive",5,1,"High School","Moderate","Male",67,0
18,98,"High","Low",0,7,64,"Medium",1,0,"Medium","Medium","Public","Positive",4,0,"Postgraduate","Moderate","Male",70,0
5,65,"Medium","High",1,7,98,"Low",1,1,"Low","Low","Private","Positive",3,0,"High School","Far","Male",59,1
34,98,"Medium","High",0,7,79,"Medium",1,1,"Low","Medium","Private","Neutral",4,0,"College","Near","Male",75,0
12,89,"Low","Medium",1,7,63,"Medium",1,4,"Low","High","Public","Neutral",2,0,"College","Near","Male",67,0
10,85,"Medium","Medium",1,6,64,"Low",1,1,"Medium","Medium","Public","Negative",3,0,"College","Near","Male",64,1
26,86,"Medium","High",1,9,91,"Medium",1,3,"High","Medium","Public","Neutral",3,1,"High School","Near","Female",72,0
35,93,"Medium","Medium",1,6,94,"Medium",1,5,"Medium","Medium","Public","Neutral",2,1,"College","Near","Female",76,0
28,64,"Medium","High",1,6,84,"Low",1,2,"Medium","Medium","Private","Positive",2,0,"Postgraduate","Near","Male",69,0
23,80,"Low","Medium",0,7,72,"Low",1,0,"Low","High","Public","Negative",5,0,"High School","Near","Male",65,0
24,88,"High","Medium",0,10,88,"Low",1,2,"High","High","Public","Positive",1,0,"Postgraduate","Far","Female",72,0
25,83,"Medium","High",1,6,97,"Low",1,0,"Low","Low","Public","Neutral",4,0,"High School","Near","Male",69,0
25,93,"High","Medium",0,8,58,"Medium",1,0,"High","Medium","Private","Positive",4,0,"High School","Moderate","Female",71,0
22,63,"High","Medium",0,7,93,"High",1,0,"Medium","Medium","Private","Neutral",2,0,"High School","Far","Male",64,0
21,88,"High","High",1,7,92,"High",1,2,"Medium","Medium","Public","Positive",3,0,"Postgraduate","Near","Female",74,0
20,81,"Medium","High",1,8,68,"Medium",1,0,"Medium","Medium","Public","Neutral",3,0,"College","Near","Male",68,0
15,75,"Medium","High",1,4,65,"High",1,1,"Low","Low","Private","Positive",4,0,"Postgraduate","Moderate","Female",66,0
18,74,"Medium","Medium",0,6,78,"High",1,0,"High","Medium","Public","Positive",2,0,"High School","Moderate","Female",65,0
10,85,"High","Medium",1,8,64,"Low",1,2,"High","Medium","Public","Neutral",3,0,"Postgraduate","Near","Female",67,1
19,96,"Medium","Medium",0,7,57,"High",1,0,"Low","Medium","Public","Positive",3,0,"High School","Near","Female",69,0
14,80,"High","Low",1,7,98,"High",1,2,"Low","High","Private","Negative",2,0,"High School","Near","Male",66,0
13,93,"Medium","High",1,8,75,"Medium",1,1,"Medium","Medium","Private","Positive",2,0,"High School","Near","Male",69,0
21,76,"Medium","Medium",1,6,74,"Medium",1,2,"Medium","Medium","Private","Neutral",3,0,"High School","Near","Male",67,0
28,64,"Medium","Medium",1,9,56,"Medium",1,1,"Low","Low","Public","Negative",2,0,"College","Near","Male",64,0
26,62,"High","High",0,8,75,"Medium",1,2,"Medium","Medium","Public","Neutral",2,0,"College","Moderate","Male",67,0
11,62,"Low","High",1,7,87,"High",0,3,"Low","High","Public","Positive",3,0,"High School","Far","Female",61,0
14,75,"Medium","Low",1,8,62,"Low",1,0,"High","Medium","Public","Negative",2,0,"High School","Moderate","Female",61,1
26,73,"Medium","Medium",1,9,68,"High",1,4,"Medium","Medium","Public","Neutral",2,0,"High School","Far","Male",68,0
14,89,"Low","High",0,6,59,"Low",1,2,"Low","High","Public","Neutral",5,0,"Postgraduate","Moderate","Male",66,1
19,90,"Medium","Medium",0,8,68,"Low",1,0,"High","Medium","Public","Negative",4,0,"High School","Moderate","Male",66,0
23,62,"Medium","High",0,10,93,"High",1,2,"Low","Medium","Public","Positive",4,0,"College","Near","Female",68,0
14,69,"Low","High",0,8,62,"High",1,1,"Medium","High","Private","Neutral",2,0,"High School","Near","Male",63,0
21,71,"Medium","Medium",1,7,51,"Medium",1,3,"Medium","High","Private","Neutral",3,0,"Postgraduate","Moderate","Female",66,0
12,82,"High","Medium",1,10,77,"High",1,0,"Medium","Medium","Public","Neutral",4,0,"College","Far","Female",66,0
16,66,"High","Medium",1,7,79,"High",1,0,"High","High","Private","Neutral",3,0,"College","Near","Female",66,0
22,65,"Medium","Medium",1,9,66,"High",1,2,"Medium","Medium","Public","Negative",4,0,"High School","Near","Male",65,0
10,98,"Medium","Medium",1,6,82,"Medium",1,2,"High","Medium","Public","Positive",2,0,"College","Moderate","Male",69,0
23,92,"Medium","High",0,9,52,"High",1,1,"High","Medium","Private","Positive",2,0,"High School","Near","Female",71,0
20,67,"High","High",0,6,67,"High",1,1,"Medium","High","Public","Positive",2,1,"College","Near","Female",66,0
23,76,"Medium","Medium",1,7,57,"High",1,1,"Medium","Medium","Public","Negative",3,0,"High School","Moderate","Female",66,0
21,74,"Medium","High",1,6,61,"Low",0,0,"Low","Medium","Private","Positive",4,0,"High School","Near","Male",65,1
28,92,"Low","Medium",0,10,69,"Medium",1,4,"Low","Medium","Public","Neutral",4,0,"High School","Moderate","Female",71,0
21,80,"Medium","High",0,7,75,"High",1,3,"Medium","High","Private","Neutral",2,0,"High School","Far","Male",69,0
17,65,"Low","Low",1,5,55,"Medium",1,2,"Low","Medium","Public","Positive",3,0,"High School","Near","Female",61,1
21,90,"High","Medium",1,7,55,"High",1,1,"Low","High","Public","Neutral",4,0,"High School","Near","Female",70,0
23,76,"Medium","Medium",0,8,84,"High",1,2,"High","Medium","Public","Positive",4,0,"College","Near","Female",70,0
20,71,"Medium","Medium",0,7,70,"High",1,0,"High","High","Public","Negative",4,0,"High School","Near","Female",65,0
20,75,"Medium","Low",1,6,59,"Medium",1,2,"Medium","Medium","Public","Negative",1,0,"Postgraduate","Moderate","Male",64,0
16,80,"High","High",1,9,62,"Low",1,0,"High","Medium","Public","Neutral",4,0,"Postgraduate","Near","Female",68,1
16,74,"Low","Medium",1,9,86,"Low",1,1,"Low","Medium","Private","Neutral",2,0,"High School","Near","Female",63,1
12,70,"Medium","High",0,5,53,"Medium",1,2,"Low","Medium","Private","Positive",3,0,"College","Near","Male",63,1
30,76,"Medium","Medium",1,6,75,"Low",1,3,"High","Medium","Public","Positive",3,0,"College","Near","Female",71,0
13,61,"High","Low",0,7,68,"Low",0,1,"Medium","Medium","Public","Neutral",2,0,"High School","Near","Male",58,1
16,91,"Medium","Medium",1,6,91,"Medium",1,1,"Medium","Medium","Public","Neutral",2,0,"High School","Moderate","Female",68,0
16,67,"Medium","High",0,8,90,"High",1,1,"High","Low","Public","Neutral",4,0,"High School","Near","Male",65,0
25,62,"Medium","Medium",0,10,84,"Low",1,2,"Low","Medium","Public","Positive",3,0,"College","Near","Female",65,1
18,86,"High","Low",1,6,69,"Low",1,2,"Medium","High","Public","Positive",2,0,"High School","Near","Male",68,0
27,91,"Low","High",1,9,82,"Medium",1,0,"Low","Low","Public","Neutral",1,0,"High School","Far","Male",69,0
16,93,"Medium","Medium",1,5,82,"Low",1,5,"High","Medium","Public","Positive",1,0,"High School","Near","Male",71,0
22,80,"Low","Medium",0,8,67,"Low",1,2,"Low","Low","Private","Positive",2,0,"Postgraduate","Moderate","Male",65,0
15,68,"Low","Medium",1,6,94,"Low",1,0,"Medium","High","Public","Neutral",5,0,"Postgraduate","Near","Female",64,1
33,89,"Low","Medium",0,8,99,"Medium",1,2,"High","High","Private","Positive",4,0,"College","Moderate","Male",75,0
13,88,"High","Medium",0,4,66,"Low",1,1,"Low","High","Public","Positive",4,0,"High School","Near","Female",67,1
22,70,"Medium","High",1,5,90,"High",1,1,"Medium","High","Public","Neutral",3,0,"College","Far","Female",68,0
24,96,"High","High",0,8,75,"Low",1,1,"Medium","Medium","Public","Positive",1,0,"College","Moderate","Female",72,0
22,64,"Medium","Medium",0,6,73,"High",1,3,"Medium","Medium","Public","Positive",4,0,"Postgraduate","Moderate","Female",67,0
19,99,"High","Medium",0,7,69,"Medium",1,1,"High","Medium","Public","Positive",3,0,"High School","Near","Male",72,0
19,94,"Medium","Low",1,10,65,"High",1,1,"Low","High","Public","Negative",3,0,"Postgraduate","Moderate","Male",69,0
20,88,"Low","Low",0,7,96,"Low",1,0,"High","High","Public","Positive",3,0,"Postgraduate","Moderate","Male",68,0
19,98,"Medium","Medium",1,8,87,"Medium",1,0,"Medium","Medium","Private","Negative",6,0,"High School","Near","Male",70,0
26,89,"Medium","Medium",0,6,72,"High",1,1,"Low","Medium","Public","Neutral",3,1,"College","Near","Female",69,0
33,68,"Medium","Low",1,5,88,"Medium",1,2,"Low","Medium","Public","Negative",1,0,"College","Moderate","Male",67,0
17,78,"Medium","Medium",0,7,86,"Medium",0,0,"Low","Low","Public","Neutral",3,0,"College","Near","Female",63,0
12,63,"Medium","High",0,5,63,"Low",1,4,"Low","Medium","Private","Positive",2,0,"High School","Moderate","Male",61,1
19,76,"Medium","High",1,6,59,"Medium",1,1,"Medium","Medium","Public","Neutral",3,0,"High School","Near","Female",66,0
35,90,"High","Medium",1,7,92,"Low",0,0,"Low","Medium","Private","Neutral",4,0,"High School","Near","Male",73,0
15,75,"Medium","High",1,7,91,"High",1,0,"Medium","High","Public","Neutral",3,0,"College","Moderate","Male",67,0
30,73,"High","Medium",1,8,100,"Medium",1,2,"High","High","Public","Neutral",2,0,"High School","Near","Female",72,0
30,84,"High","Medium",0,8,51,"Low",1,1,"Low","Medium","Public","Positive",4,1,"Postgraduate","Far","Male",69,0
17,95,"Low","High",0,5,77,"Medium",1,2,"Medium","Medium","Public","Positive",4,0,"High School","Moderate","Female",69,0
23,62,"Low","High",1,6,85,"Medium",1,1,"Low","Medium","Public","Negative",3,1,"College","Moderate","Male",63,0
30,75,"Medium","Medium",1,4,79,"Low",1,0,"Medium","Medium","Public","Negative",4,0,"High School","Moderate","Male",67,0
18,66,"Medium","Medium",0,6,86,"Medium",1,0,"High","Medium","Public","Positive",2,0,"High School","Moderate","Female",63,0
19,88,"Medium","High",1,8,57,"Low",0,1,"Medium","Low","Private","Negative",4,0,"College","Near","Male",66,1
17,64,"Medium","Medium",0,9,50,"Medium",1,2,"Low","High","Public","Positive",4,0,"High School","Moderate","Female",62,1
14,87,"Medium","Medium",1,7,55,"Medium",1,2,"Low","High","Private","Positive",4,0,"Postgraduate","Near","Male",68,0
16,71,"Medium","High",0,9,69,"Medium",1,1,"Low","Medium","Public","Neutral",4,0,"Postgraduate","Near","Female",65,0
13,68,"Low","Low",1,8,66,"Medium",1,0,"Medium","Low","Public","Neutral",4,1,"College","Near","Male",59,1
20,97,"High","Medium",1,7,94,"High",1,1,"Medium","Medium","Public","Negative",1,0,"College","Moderate","Male",72,0
15,61,"Medium","High",1,6,54,"Medium",1,0,"High","High","Private","Neutral",2,0,"Postgraduate","Near","Male",63,1
21,78,"Medium","Medium",0,4,72,"Medium",1,1,"Medium","High","Public","Neutral",4,0,"Postgraduate","Near","Male",68,0
11,61,"Medium","Medium",1,9,98,"High",1,0,"Medium","High","Public","Negative",2,0,"High School","Moderate","Male",61,0
22,79,"Low","Medium",0,7,75,"Low",1,1,"Low","High","Private","Neutral",3,0,"High School","Near","Female",65,0
25,80,"Medium","Medium",1,9,57,"Low",1,2,"Low","High","Public","Positive",3,0,"High School","Moderate","Female",68,0
8,73,"Low","Medium",1,6,65,"High",1,1,"Low","Medium","Public","Neutral",4,0,"College","Moderate","Male",61,0
22,65,"Low","Low",1,10,81,"Medium",1,1,"Low","Medium","Private","Neutral",3,0,"Postgraduate","Near","Male",63,0
27,75,"Medium","Medium",1,7,51,"High",1,1,"Medium","Low","Public","Negative",2,0,"Postgraduate","Near","Male",67,0
13,87,"Low","Medium",1,6,98,"Low",1,0,"High","High","Public","Positive",3,1,"Postgraduate","Moderate","Male",66,0
30,91,"Medium","Medium",1,7,78,"High",1,3,"Medium","Medium","Private","Positive",2,0,"Postgraduate","Near","Male",75,0
23,81,"Medium","Medium",0,7,85,"Low",1,0,"Medium","Medium","Public","Positive",4,0,"High School","Near","Male",68,0
16,84,"Low","Medium",0,7,75,"High",1,2,"Medium","Medium","Public","Negative",3,0,"High School","Near","Female",65,0
20,68,"Low","Medium",0,6,98,"High",1,0,"Low","High","Public","Negative",4,0,"High School","Near","Female",64,0
23,71,"High","Medium",1,4,79,"Medium",0,2,"Low","Medium","Public","Positive",3,0,"High School","Near","Male",67,0
20,66,"Low","Medium",1,6,83,"Medium",1,2,"Low","Medium","Private","Neutral",3,0,"College","Near","Male",64,0
23,70,"Medium","High",1,9,93,"Medium",1,0,"Low","High","Public","Neutral",2,1,"Postgraduate","Moderate","Female",67,0
14,69,"Medium","High",1,6,93,"Low",0,2,"Low","Medium","Private","Neutral",0,0,"High School","Near","Male",63,1
21,81,"High","Medium",1,4,51,"Medium",1,0,"Medium","Medium","Private","Positive",2,0,"College","Moderate","Female",67,0
12,83,"High","Low",1,5,64,"Medium",1,1,"High","Medium","Private","Negative",2,0,"Postgraduate","Near","Female",65,0
19,98,"High","Low",1,7,62,"High",1,1,"Low","High","Public","Neutral",2,0,"High School","Near","Female",70,0
15,68,"Medium","Medium",1,6,50,"High",1,2,"High","Low","Public","Neutral",3,0,"High School","Moderate","Male",62,0
16,86,"High","Medium",1,7,94,"Medium",1,2,"Low","High","Public","Neutral",3,0,"High School","Moderate","Female",69,0
27,93,"Medium","Low",1,6,66,"Medium",1,2,"Medium","Medium","Public","Negative",3,0,"College","Moderate","Female",70,0
27,82,"Medium","Medium",1,9,67,"Low",1,1,"Low","High","Private","Neutral",2,0,"High School","Moderate","Male",68,0
24,70,"Medium","High",0,8,55,"Medium",1,4,"Low","High","Public","Positive",4,0,"Postgraduate","Moderate","Female",68,0
13,71,"Medium","Medium",1,10,99,"Medium",1,0,"Low","Medium","Public","Neutral",3,0,"Postgraduate","Near","Male",64,0
18,62,"Low","High",1,6,91,"High",0,4,"Low","Medium","Private","Neutral",1,0,"High School","Moderate","Male",63,0
27,72,"Low","Low",1,7,79,"Medium",1,2,"High","High","Public","Positive",2,0,"Postgraduate","Moderate","Female",68,0
21,90,"High","Low",1,9,89,"Low",1,1,"Low","Low","Public","Neutral",2,0,"High School","Far","Female",67,0
34,62,"High","Low",0,8,89,"Low",1,3,"Low","Medium","Private","Neutral",4,0,"College","Moderate","Female",68,0
22,69,"Medium","High",1,6,83,"Medium",1,1,"Low","Medium","Public","Positive",2,0,"College","Moderate","Female",66,0
21,88,"Medium","Medium",1,8,59,"Low",0,2,"Medium","Medium","Private","Negative",1,0,"Postgraduate","Near","Male",67,0
18,91,"High","Medium",0,8,86,"High",1,1,"Medium","Medium","Public","Neutral",4,1,"High School","Moderate","Male",69,0
21,78,"High","Medium",1,4,78,"Medium",1,2,"High","Medium","Private","Negative",3,0,"High School","Far","Male",68,0
19,88,"Medium","High",0,6,86,"Medium",1,4,"Medium","Medium","Public","Positive",3,1,"College","Moderate","Male",70,0
24,76,"Medium","Medium",0,7,77,"Medium",1,3,"Medium","Medium","Private","Negative",4,0,"Postgraduate","Moderate","Female",68,0
26,66,"Low","Medium",1,9,98,"Medium",1,2,"Low","Medium","Public","Neutral",2,0,"College","Near","Male",66,0
15,76,"Medium","High",1,8,81,"Medium",1,2,"Low","Medium","Private","Neutral",4,0,"Postgraduate","Moderate","Female",67,0
12,83,"Medium","Medium",0,6,79,"Medium",1,1,"High","Low","Public","Neutral",4,0,"High School","Moderate","Female",65,0
9,98,"Medium","Medium",0,6,92,"Medium",1,0,"Medium","Medium","Public","Neutral",5,0,"High School","Moderate","Male",67,0
23,63,"Medium","Medium",0,8,69,"High",1,2,"Medium","Low","Public","Negative",4,1,"High School","Near","Male",63,0
13,80,"Low","High",1,4,66,"High",1,2,"Low","Medium","Public","Negative",2,0,"High School","Moderate","Female",64,0
7,73,"High","Medium",1,6,75,"Medium",1,3,"Low","Medium","Public","Neutral",3,0,"College","Near","Female",64,1
22,80,"Low","Low",0,9,79,"High",1,0,"Medium","Medium","Private","Neutral",3,0,"College","Moderate","Female",66,0
35,61,"Medium","High",1,7,61,"Low",1,2,"Medium","Medium","Private","Positive",4,1,"High School","Near","Male",68,0
20,73,"High","Medium",1,6,84,"High",1,0,"Medium","Medium","Public","Positive",3,0,"High School","Moderate","Male",67,0
25,93,"Medium","High",0,5,90,"Low",1,1,"Medium","Medium","Public","Positive",2,0,"College","Near","Male",72,0
20,82,"Medium","Medium",1,8,79,"Low",1,1,"Low","Medium","Public","Positive",4,0,"High School","Near","Male",67,0
19,78,"Medium","Medium",0,7,76,"High",1,2,"Medium","Low","Public","Neutral",3,0,"College","Moderate","Female",66,0
26,71,"High","Low",0,7,65,"Medium",1,1,"Low","Medium","Public","Positive",3,0,"College","Near","Female",66,0
18,72,"High","High",1,8,95,"Medium",1,1,"Medium","Medium","Public","Negative",4,0,"High School","Moderate","Male",67,0
22,75,"Medium","Medium",0,7,88,"Low",1,0,"Low","Medium","Private","Neutral",3,0,"Postgraduate","Far","Male",65,0
22,93,"High","Medium",0,7,74,"Low",1,2,"Medium","High","Public","Negative",3,0,"College","Far","Male",70,0
16,99,"Low","Medium",1,5,83,"Low",1,0,"Low","High","Private","Neutral",4,0,"Postgraduate","Near","Female",69,0
26,78,"High","High",1,5,67,"Low",1,1,"High","High","Private","Negative",3,0,"High School","Moderate","Male",69,0
19,76,"High","Medium",1,8,53,"Medium",1,1,"Medium","Medium","Public","Negative",4,0,"College","Near","Female",66,0
15,94,"Medium","Low",0,8,60,"Medium",1,2,"Medium","Medium","Public","Neutral",4,0,"High School","Far","Male",66,0
23,77,"High","High",1,8,54,"Medium",1,1,"Low","Medium","Public","Negative",3,0,"College","Moderate","Female",67,0
15,82,"Medium","High",1,6,75,"Medium",1,1,"Medium","Low","Public","Positive",3,0,"High School","Near","Male",67,0
20,69,"Medium","Medium",1,8,81,"High",1,2,"Medium","Medium","Public","Positive",4,0,"High School","Near","Male",67,0
20,90,"High","High",1,6,69,"Medium",1,2,"High","High","Public","Neutral",3,0,"High School","Near","Female",72,0
27,81,"Medium","Low",1,9,77,"Low",1,1,"Medium","High","Public","Neutral",4,0,"College","Moderate","Female",68,0
23,92,"Medium","Low",1,6,54,"High",1,3,"Medium","Medium","Public","Positive",2,1,"Postgraduate","Near","Male",70,0
20,91,"Medium","Medium",1,6,88,"Medium",1,1,"Low","Medium","Public","Positive",4,0,"High School","Moderate","Male",69,0
25,69,"High","Low",1,7,52,"High",1,1,"Low","Medium","Public","Positive",4,0,"High School","Moderate","Male",65,0
28,89,"High","High",0,8,82,"Medium",1,0,"Medium","Medium","Public","Negative",3,0,"Postgraduate","Far","Male",72,0
23,92,"Medium","High",0,7,72,"Medium",1,0,"Low","Medium","Public","Neutral",4,0,"College","Far","Female",69,0
20,74,"Medium","Medium",1,7,59,"Low",1,5,"High","Medium","Public","Positive",4,0,"High School","Near","Female",68,1
12,67,"High","High",0,6,76,"High",1,1,"Low","Medium","Public","Negative",2,0,"High School","Moderate","Male",62,0
14,60,"Medium","Low",1,7,89,"Low",1,2,"Medium","Medium","Public","Neutral",3,0,"High School","Moderate","Male",60,1
18,78,"High","Medium",1,7,71,"Low",1,3,"Medium","Medium","Public","Neutral",4,0,"High School","Moderate","Male",67,1
16,74,"High","High",1,6,68,"Low",1,2,"Medium","Medium","Public","Neutral",4,0,"College","Near","Male",67,1
19,82,"Medium","High",1,7,57,"Medium",1,1,"Medium","Medium","Public","Neutral",3,0,"High School","Near","Male",67,0
20,68,"Medium","Medium",1,7,80,"Low",1,0,"Low","Medium","Private","Neutral",4,0,"High School","Near","Female",63,1
23,94,"Medium","Low",1,10,91,"High",1,1,"Medium","Medium","Public","Neutral",3,0,"High School","Near","Male",71,0
20,70,"Medium","Medium",1,6,78,"High",1,0,"Medium","Medium","Private","Positive",2,0,"College","Near","Female",66,0
23,69,"Medium","Medium",1,6,58,"High",1,0,"Medium","Medium","Public","Neutral",1,0,"Postgraduate","Near","Female",65,0
20,79,"High","Medium",1,7,83,"High",1,2,"Medium","Medium","Public","Positive",2,0,"High School","Moderate","Female",69,0
8,80,"High","Low",0,6,52,"High",1,2,"Medium","Medium","Public","Positive",1,0,"High School","Near","Female",63,0
14,69,"Medium","Medium",1,5,92,"High",1,3,"Low","Low","Public","Negative",2,0,"Postgraduate","Moderate","Female",64,0
19,71,"High","High",0,5,96,"High",1,2,"Low","Medium","Private","Neutral",0,1,"College","Near","Female",67,0
13,67,"Medium","Medium",1,6,80,"High",1,1,"Low","High","Public","Negative",2,0,"High School","Moderate","Male",62,0
24,89,"Medium","Low",1,6,94,"Low",1,2,"Medium","Medium","Public","Neutral",2,0,"High School","Far","Male",68,0
29,91,"Medium","High",0,5,54,"Low",1,2,"Low","Medium","Public","Neutral",3,0,"Postgraduate","Moderate","Male",71,0
27,78,"High","Medium",0,7,61,"Medium",0,1,"Low","Medium","Public","Negative",3,0,"High School","Moderate","Female",66,0
19,89,"Medium","High",1,4,66,"Low",1,1,"Low","Medium","Public","Positive",1,0,"Postgraduate","Near","Female",69,0
29,89,"Medium","Low",1,8,89,"Low",1,1,"Medium","High","Private","Neutral",4,0,"High School","Moderate","Male",71,0
21,66,"Medium","Medium",1,6,74,"Medium",1,2,"Medium","High","Private","Neutral",4,0,"High School","Near","Female",66,0
18,99,"Medium","Medium",0,6,67,"Medium",1,5,"Low","Medium","Public","Positive",3,0,"Postgraduate","Near","Female",72,0
16,93,"Medium","Medium",1,8,58,"Medium",1,1,"High","High","Public","Positive",4,0,"College","Near","Female",70,0
18,68,"Low","Medium",0,8,91,"High",1,1,"Low","High","Private","Neutral",3,0,"Postgraduate","Near","Female",65,0
18,67,"High","Medium",0,6,51,"Medium",1,0,"Medium","High","Public","Positive",2,0,"College","Near","Female",64,1
21,65,"Medium","Medium",1,8,67,"Medium",1,1,"Low","Medium","Public","Positive",2,0,"College","Moderate","Male",63,0
21,66,"Medium","Medium",0,9,62,"Low",0,3,"Medium","Medium","Private","Positive",2,0,"High School","Near","Male",63,1
20,90,"Low","Medium",0,5,56,"Medium",0,3,"Medium","Medium","Public","Positive",2,0,"High School","Moderate","Male",66,0
23,79,"High","High",1,8,59,"Low",1,1,"Low","High","Public","Negative",4,0,"College","Moderate","Male",68,0
27,91,"Medium","High",1,5,75,"Low",1,1,"High","High","Public","Neutral",4,0,"College","Near","Male",74,0
26,90,"High","High",0,9,71,"Low",1,0,"High","Low","Private","Negative",2,0,"College","Near","Female",71,0
11,84,"High","Medium",1,6,76,"High",1,3,"Low","High","Public","Negative",3,0,"High School","Moderate","Female",67,0
5,87,"High","Low",0,6,86,"Medium",1,2,"Medium","High","Public","Positive",3,0,"Postgraduate","Near","Female",66,0
26,61,"High","Medium",1,9,95,"Medium",1,0,"Medium","Medium","Private","Negative",6,0,"College","Near","Male",67,0
12,72,"Low","High",1,8,56,"High",1,3,"Low","Medium","Public","Positive",1,1,"High School","Moderate","Male",62,0
19,86,"Medium","Low",0,6,54,"Low",1,1,"High","High","Private","Positive",5,0,"Postgraduate","Near","Male",68,1
13,60,"Medium","Medium",1,7,66,"Medium",1,2,"Low","Medium","Public","Positive",3,0,"Postgraduate","Near","Male",62,1
9,61,"High","Medium",1,6,77,"Low",0,1,"High","Medium","Private","Neutral",2,0,"High School","Near","Male",82,1
23,94,"High","Medium",0,5,55,"High",1,2,"Medium","Medium","Public","Positive",2,1,"High School","Near","Male",70,0
25,87,"High","Medium",0,7,86,"Medium",1,4,"Medium","Low","Private","Negative",2,0,"College","Near","Male",72,0
17,71,"Low","High",1,6,78,"Low",1,0,"Medium","Medium","Public","Positive",4,0,"College","Near","Female",64,1
4,88,"Medium","High",0,6,87,"Low",1,1,"Medium","High","Public","Neutral",4,0,"College","Near","Male",66,1
17,92,"Medium","Medium",1,9,68,"High",1,0,"Medium","Low","Private","Positive",3,0,"College","Near","Female",68,0
22,72,"Low","Medium",0,6,70,"Low",1,1,"High","Medium","Public","Neutral",3,0,"Postgraduate","Far","Male",64,1
11,61,"Low","Medium",1,7,90,"High",1,0,"Medium","High","Public","Neutral",3,0,"High School","Near","Female",61,0
21,97,"Medium","Medium",1,9,63,"Medium",1,0,"Medium","Medium","Public","Positive",1,0,"High School","Moderate","Male",69,0
20,74,"High","High",0,7,69,"Low",1,2,"High","High","Private","Neutral",2,0,"College","Near","Male",68,1
23,64,"Medium","Medium",0,6,51,"Medium",1,1,"Medium","Medium","Public","Positive",5,0,"College","Near","Male",64,0
21,80,"Medium","High",0,7,78,"Medium",1,1,"Low","High","Private","Negative",4,0,"High School","Moderate","Female",67,0
14,91,"Medium","Medium",1,8,93,"Medium",1,0,"Medium","Medium","Public","Neutral",3,0,"High School","Moderate","Male",67,0
27,69,"Medium","Medium",0,8,51,"Medium",1,1,"High","Medium","Public","Negative",2,0,"High School","Near","Male",65,0
19,71,"High","Medium",1,10,81,"Medium",1,2,"Medium","High","Public","Positive",3,0,"High School","Near","Female",68,0
20,70,"Medium","High",1,6,92,"Medium",1,2,"Medium","Low","Public","Positive",3,0,"High School","Near","Male",67,0
14,100,"Low","Medium",0,7,75,"Low",1,1,"Low","Medium","Public","Positive",3,0,"Postgraduate","Moderate","Male",67,0
17,68,"Medium","High",1,5,66,"Medium",1,1,"High","Medium","Public","Negative",4,0,"High School","Near","Male",64,1
15,83,"High","High",1,8,100,"Medium",1,0,"Medium","Medium","Public","Positive",3,0,"College","Near","Female",70,0
19,97,"Medium","High",0,7,53,"Medium",1,2,"Low","Low","Private","Neutral",3,0,"College","Moderate","Male",69,0
30,66,"Medium","High",0,7,61,"Low",1,0,"High","High","Private","Positive",2,0,"High School","Far","Male",66,0
12,99,"Low","Medium",0,6,94,"Medium",1,2,"Medium","Medium","Public","Neutral",3,0,"Postgraduate","Moderate","Male",69,0
10,98,"Low","Medium",1,6,65,"Medium",1,1,"Low","High","Private","Positive",2,0,"High School","Near","Male",66,0
29,95,"High","Medium",1,7,91,"Low",1,1,"Low","Medium","Public","Neutral",3,0,"High School","Moderate","Female",73,0
19,69,"Medium","Medium",1,6,67,"Medium",0,4,"High","High","Private","Positive",4,0,"Postgraduate","Moderate","Male",66,0
16,85,"Medium","High",1,7,91,"High",1,0,"Medium","Medium","Public","Neutral",2,0,"Postgraduate","Moderate","Male",69,0
26,90,"Medium","Low",1,7,84,"Low",1,1,"Medium","Medium","Public","Positive",3,0,"High School","Moderate","Male",70,0
16,99,"High","Medium",1,5,73,"High",1,1,"Medium","Medium","Private","Positive",5,1,"College","Far","Male",71,0
31,67,"Low","High",1,5,76,"Medium",1,2,"Medium","High","Public","Positive",4,0,"College","Near","Male",70,0
24,91,"High","Low",1,6,59,"Medium",1,0,"Low","Medium","Private","Neutral",4,0,"High School","Near","Male",69,0
17,74,"Medium","Medium",0,9,56,"Medium",1,1,"Medium","High","Private","Negative",3,0,"High School","Moderate","Male",63,1
33,67,"High","Medium",1,6,86,"Medium",1,4,"Medium","High","Public","Positive",3,1,"High School","Near","Female",71,0
16,77,"High","High",0,7,92,"Low",1,2,"Medium","Medium","Public","Negative",2,0,"College","Near","Male",67,0
24,92,"Medium","Medium",1,5,86,"High",1,3,"Medium","High","Public","Neutral",2,0,"High School","Near","Female",73,0
22,79,"Low","High",1,6,96,"Medium",1,1,"High","Medium","Public","Neutral",2,0,"College","Moderate","Male",68,0
28,82,"Low","Medium",1,5,95,"Medium",1,0,"High","Low","Public","Neutral",3,0,"High School","Near","Male",69,0
29,100,"High","High",1,8,89,"Medium",1,2,"Medium","Medium","Private","Neutral",3,0,"High School","Moderate","Female",76,0
20,76,"Low","Medium",1,5,95,"Medium",1,4,"Low","High","Public","Positive",3,0,"High School","Near","Male",68,0
15,85,"Medium","Medium",0,8,58,"High",1,1,"Low","Medium","Private","Negative",3,0,"College","Near","Male",65,0
23,75,"Medium","Medium",1,8,87,"Low",1,0,"High","Low","Public","Positive",1,0,"High School","Near","Female",66,0
16,76,"Medium","Low",0,7,88,"High",1,0,"Low","Medium","Public","Positive",2,0,"Postgraduate","Near","Male",65,0
32,88,"Low","Medium",0,8,58,"Low",1,3,"Low","High","Private","Negative",3,0,"High School","Moderate","Male",69,0
21,98,"High","Medium",1,10,95,"Medium",1,0,"Medium","Medium","Public","Neutral",1,0,"High School","Near","Male",71,0
18,82,"High","Low",1,8,50,"Medium",1,1,"High","Medium","Public","Positive",3,0,"High School","Moderate","Male",66,0
21,91,"Medium","High",0,5,72,"Medium",1,3,"Low","Medium","Public","Negative",3,1,"High School","Near","Female",69,0
12,64,"Medium","Medium",0,9,51,"Low",0,2,"Low","Medium","Public","Neutral",4,0,"College","Near","Male",59,1
14,68,"Medium","High",0,7,76,"Medium",1,2,"High","Medium","Public","Positive",3,0,"High School","Near","Male",65,1
27,80,"High","High",0,10,71,"High",1,4,"Low","Low","Public","Neutral",2,0,"College","Near","Male",72,0
16,61,"Medium","Low",1,6,81,"Medium",1,0,"Medium","Medium","Public","Negative",2,0,"College","Near","Male",60,1
14,70,"Medium","Medium",1,9,88,"Low",1,0,"High","Medium","Private","Positive",4,0,"College","Moderate","Female",64,1
23,81,"Medium","Medium",0,7,88,"Low",1,1,"Low","Medium","Public","Positive",4,0,"Postgraduate","Near","Male",69,0
27,61,"High","High",1,10,86,"Medium",1,3,"Medium","High","Private","Positive",3,0,"High School","Near","Female",70,0
24,71,"Medium","High",1,7,55,"Low",1,2,"High","Medium","Public","Positive",3,0,"College","Far","Male",67,1
26,81,"Medium","Medium",0,10,71,"Low",1,0,"Medium","Medium","Private","Positive",5,1,"High School","Near","Female",67,0
15,83,"Medium","Low",1,8,91,"Medium",1,0,"Low","Medium","Private","Neutral",3,0,"College","Far","Male",64,0
11,97,"Medium","Medium",1,8,83,"Low",1,4,"Medium","High","Private","Negative",2,0,"High School","Far","Male",68,0
29,86,"Medium","High",0,10,84,"Low",1,1,"Low","High","Private","Positive",4,0,"High School","Near","Female",72,0
18,77,"Medium","High",1,6,61,"Medium",1,1,"Low","Medium","Private","Neutral",3,0,"High School","Near","Female",65,0
18,97,"Medium","High",0,8,66,"Low",1,2,"Medium","Medium","Public","Neutral",2,0,"College","Moderate","Male",70,0
28,91,"High","Medium",0,7,98,"Low",1,2,"Low","Medium","Private","Positive",5,0,"Postgraduate","Near","Male",75,0
23,68,"Low","Low",1,7,92,"Medium",0,3,"Low","High","Private","Neutral",4,0,"High School","Near","Male",65,0
23,65,"Medium","High",1,7,58,"Low",1,1,"Low","Medium","Public","Neutral",3,1,"College","Moderate","Female",63,1
33,87,"Medium","High",0,8,77,"Low",1,0,"Low","Medium","Private","Positive",3,1,"High School","Near","Male",71,0
16,82,"Medium","Low",1,8,75,"Medium",1,2,"Medium","Medium","Public","Positive",2,0,"College","Near","Female",66,0
26,92,"Medium","Low",1,6,72,"Medium",1,1,"Low","Medium","Private","Neutral",3,0,"High School","Moderate","Female",69,0
20,90,"High","Medium",0,7,74,"Low",0,0,"High","Low","Private","Positive",3,0,"Postgraduate","Moderate","Female",68,0
22,85,"Medium","High",0,4,82,"Medium",1,1,"Medium","High","Public","Positive",2,0,"Postgraduate","Near","Male",71,0
29,99,"High","Medium",1,8,98,"High",0,5,"Low","Low","Public","Neutral",2,0,"Postgraduate","Near","Male",77,0
23,81,"High","Low",1,10,94,"High",1,1,"Medium","High","Public","Neutral",2,0,"College","Near","Female",70,0
23,65,"Medium","Medium",0,7,94,"Medium",1,1,"High","Medium","Public","Negative",3,0,"College","Near","Female",66,0
26,93,"High","Medium",0,5,85,"Low",1,1,"High","High","Public","Positive",3,0,"College","Moderate","Female",73,0
18,70,"Medium","Medium",1,8,51,"Medium",1,1,"Low","Medium","Private","Negative",3,0,"College","Moderate","Male",62,1
15,91,"Medium","Medium",0,6,72,"Low",1,0,"Medium","Medium","Public","Neutral",2,0,"High School","Moderate","Female",65,1
14,98,"High","High",1,7,76,"Medium",1,0,"Low","Medium","Public","Neutral",2,0,"Postgraduate","Near","Male",71,0
8,88,"Medium","Medium",1,8,92,"High",1,1,"Low","Medium","Public","Negative",4,0,"College","Near","Male",66,0
32,84,"Low","Medium",1,8,96,"Medium",1,1,"Low","Medium","Public","Positive",3,0,"High School","Near","Female",72,0
13,78,"Medium","Medium",1,9,73,"Medium",1,0,"Medium","High","Private","Negative",4,0,"High School","Near","Male",64,0
19,75,"Medium","Medium",0,7,65,"Low",1,0,"Low","Low","Private","Neutral",4,0,"High School","Near","Female",63,1
18,74,"Low","Medium",1,7,67,"Low",1,0,"Low","Medium","Public","Positive",3,0,"High School","Near","Male",63,1
22,85,"High","Medium",0,8,79,"High",1,5,"Medium","High","Public","Neutral",2,0,"High School","Near","Female",72,0
25,90,"Medium","Medium",1,7,64,"Medium",1,2,"Medium","High","Public","Positive",2,0,"High School","Moderate","Male",71,0
25,87,"High","High",1,6,96,"Low",0,3,"Medium","Medium","Public","Positive",2,0,"High School","Moderate","Female",72,0
17,68,"Medium","High",1,8,71,"Medium",1,1,"Medium","High","Private","Neutral",2,0,"High School","Near","Male",65,0
19,80,"Medium","Medium",1,5,100,"Medium",1,0,"Medium","Medium","Public","Neutral",3,0,"High School","Near","Female",67,0
22,92,"Low","High",1,7,55,"Low",1,1,"Low","Medium","Public","Positive",4,0,"High School","Moderate","Female",68,0
19,79,"Medium","High",1,5,59,"Medium",1,2,"Low","Medium","Private","Neutral",2,0,"Postgraduate","Far","Male",66,0
30,81,"Medium","High",0,6,76,"Medium",1,0,"High","Medium","Public","Positive",3,0,"Postgraduate","Near","Male",72,0
23,91,"High","Medium",0,6,93,"Medium",1,3,"Low","Low","Public","Neutral",3,0,"High School","Moderate","Female",71,0
24,86,"Medium","High",0,6,68,"Low",1,3,"Low","High","Public","Positive",3,1,"College","Moderate","Female",70,0
24,76,"Medium","Medium",0,9,92,"Medium",1,1,"Medium","Low","Public","Neutral",3,0,"Postgraduate","Near","Female",68,0
27,96,"Medium","High",0,9,71,"Low",1,0,"Low","Medium","Private","Positive",4,0,"College","Near","Female",72,0
21,67,"Low","Medium",1,9,93,"High",1,1,"Low","High","Public","Neutral",3,0,"College","Near","Male",66,0
12,100,"Medium","Medium",0,7,64,"Medium",1,1,"Medium","High","Public","Positive",6,0,"High School","Near","Male",69,0
22,65,"Low","Medium",1,6,74,"High",1,2,"Medium","Medium","Public","Positive",1,0,"College","Near","Male",65,0
16,61,"High","High",0,8,64,"Medium",1,1,"Low","High","Public","Positive",3,0,"High School","Far","Male",62,1
17,96,"High","High",0,7,61,"Low",1,1,"Low","High","Public","Positive",1,0,"College","Moderate","Female",69,0
24,70,"Medium","Medium",1,7,71,"Medium",1,1,"Medium","Low","Public","Negative",4,0,"High School","Near","Male",65,0
27,89,"Medium","Low",0,4,67,"Medium",1,2,"Low","Low","Private","Neutral",4,0,"College","Near","Female",69,0
20,92,"Low","High",1,8,89,"Medium",1,1,"Low","Medium","Public","Neutral",3,0,"High School","Moderate","Female",69,0
22,94,"High","Medium",1,8,87,"Medium",1,2,"Low","Medium","Private","Neutral",5,0,"College","Near","Female",73,0
30,100,"High","Medium",1,7,68,"Low",1,2,"Medium","Medium","Private","Neutral",2,0,"Postgraduate","Near","Female",75,0
21,72,"High","High",1,8,100,"Medium",1,3,"Low","High","Private","Positive",3,0,"College","Far","Male",70,0
36,88,"Medium","High",0,8,99,"High",1,0,"Low","Medium","Private","Negative",3,0,"College","Near","Female",74,0
23,65,"Medium","Medium",1,6,96,"Medium",1,0,"Low","Low","Public","Positive",3,0,"High School","Near","Male",65,0
9,76,"Medium","Medium",0,7,79,"Medium",1,1,"Medium","Medium","Public","Negative",3,0,"College","Near","Male",63,1
25,94,"High","High",0,5,71,"Low",1,4,"Medium","High","Public","Negative",4,0,"College","Near","Female",74,0
22,75,"High","High",1,9,66,"Low",1,0,"Low","Medium","Private","Neutral",2,0,"Postgraduate","Near","Male",67,1
28,84,"Medium","Medium",1,8,51,"Medium",0,3,"Medium","Medium","Public","Positive",4,0,"Postgraduate","Near","Female",71,0
24,80,"High","Low",1,6,82,"Medium",1,1,"Low","High","Public","Neutral",3,0,"College","Moderate","Female",68,0
19,86,"High","Medium",0,8,78,"Medium",1,2,"Medium","Medium","Public","Negative",4,0,"College","Near","Female",69,0
13,99,"Medium","High",0,7,81,"Medium",1,0,"Medium","Medium","Public","Positive",4,0,"Postgraduate","Near","Male",71,0
19,62,"High","Medium",1,6,79,"Low",1,7,"Medium","Medium","Public","Neutral",2,0,"High School","Near","Female",66,1
15,83,"Medium","Medium",1,7,57,"Low",1,0,"Medium","Medium","Private","Positive",3,0,"Postgraduate","Near","Male",65,1
17,95,"Medium","Low",1,8,85,"Low",0,1,"Low","High","Private","Negative",2,0,"College","Moderate","Female",66,0
24,79,"Low","Low",1,8,68,"High",1,2,"Low","Medium","Private","Negative",2,0,"High School","Near","Male",65,0
30,63,"Medium","Medium",0,10,76,"Medium",1,1,"Medium","Medium","Public","Neutral",4,0,"Postgraduate","Moderate","Female",67,0
22,82,"High","Medium",0,7,68,"High",1,2,"Low","Medium","Private","Neutral",4,0,"Postgraduate","Near","Male",70,0
13,73,"Medium","Medium",1,7,51,"Medium",1,1,"Low","Medium","Public","Positive",4,0,"Postgraduate","Near","Male",63,1
23,66,"Low","Low",0,8,94,"Low",1,1,"Medium","High","Private","Neutral",3,0,"Postgraduate","Moderate","Male",64,0
27,94,"Medium","Medium",1,7,57,"Medium",1,1,"Medium","Medium","Private","Neutral",1,0,"High School","Near","Male",71,0
16,81,"Medium","High",1,6,79,"Medium",1,2,"Low","High","Public","Positive",3,0,"College","Moderate","Female",68,0
19,97,"Medium","Low",0,6,94,"Medium",1,2,"High","Medium","Public","Neutral",4,0,"Postgraduate","Near","Male",72,0
20,92,"Medium","High",1,4,61,"Medium",1,2,"High","Medium","Public","Neutral",4,0,"College","Near","Male",71,0
15,88,"Low","Low",1,8,71,"Medium",0,1,"Low","Low","Private","Positive",2,0,"Postgraduate","Moderate","Male",64,0
24,60,"High","Low",1,5,69,"Medium",1,1,"Medium","High","Public","Neutral",5,0,"High School","Moderate","Male",64,0
19,77,"High","Medium",1,6,54,"Low",1,3,"High","Medium","Private","Negative",2,0,"College","Moderate","Male",66,1
23,68,"Medium","High",1,7,71,"High",1,3,"Medium","Medium","Public","Positive",3,0,"High School","Moderate","Female",68,0
15,96,"High","Medium",0,7,74,"Medium",1,2,"Low","Low","Private","Positive",2,0,"High School","Far","Male",68,0
17,67,"High","Medium",1,10,51,"Medium",1,3,"Low","Medium","Public","Positive",5,0,"High School","Near","Male",65,1
24,71,"Medium","Medium",1,5,74,"Medium",1,1,"Medium","Medium","Private","Positive",3,0,"High School","Near","Male",67,0
18,81,"Medium","Low",1,10,55,"Low",1,3,"Low","Medium","Public","Negative",2,0,"High School","Near","Male",64,1
30,71,"High","Medium",1,9,95,"High",0,1,"Medium","Medium","Public","Neutral",4,0,"College","Near","Male",70,0
18,68,"Medium","High",1,8,83,"Low",1,1,"Low","Medium","Public","Positive",2,0,"College","Near","Male",65,1
21,84,"Medium","Low",0,9,53,"Low",1,2,"Medium","High","Public","Negative",3,0,"High School","Moderate","Female",65,1
26,64,"High","Medium",0,8,91,"High",1,1,"Medium","Medium","Public","Positive",4,0,"High School","Near","Male",68,0
11,62,"Medium","High",1,4,68,"Medium",1,2,"High","Medium","Public","Negative",3,0,"High School","Moderate","Male",61,1
9,75,"High","Low",0,8,61,"High",1,3,"Medium","Medium","Public","Neutral",3,0,"High School","Near","Male",63,0
11,89,"Medium","Medium",1,5,63,"Medium",1,0,"Medium","Medium","Public","Neutral",2,0,"College","Near","Female",65,0
28,82,"Medium","Medium",1,6,80,"Medium",1,1,"Low","Medium","Private","Neutral",5,0,"High School","Far","Female",69,0
17,77,"Medium","Medium",0,7,54,"Low",1,1,"Low","High","Public","Positive",2,0,"College","Near","Male",64,1
35,83,"Medium","Low",0,6,53,"Medium",1,1,"Low","Medium","Private","Neutral",2,0,"High School","Near","Female",69,0
17,75,"High","Medium",1,8,81,"Low",1,3,"High","Medium","Public","Neutral",3,1,"Postgraduate","Near","Male",67,1
21,97,"Medium","High",1,7,99,"High",1,1,"Medium","High","Public","Neutral",1,0,"Postgraduate","Moderate","Male",74,0
29,62,"High","Medium",1,8,74,"Medium",1,1,"Low","Medium","Private","Negative",3,1,"College","Near","Male",66,0
32,87,"Medium","High",1,7,71,"Medium",1,0,"High","Low","Public","Neutral",4,1,"College","Near","Male",72,0
32,96,"Medium","Low",1,7,97,"Low",1,1,"Low","Medium","Public","Neutral",5,0,"College","Moderate","Male",73,0
27,92,"High","Medium",0,6,62,"High",1,0,"Medium","High","Public","Positive",4,0,"College","Near","Male",73,0
26,67,"Low","Medium",1,5,62,"High",1,0,"Medium","Medium","Public","Negative",2,0,"High School","Moderate","Male",63,0
24,72,"High","Medium",1,7,95,"Medium",1,3,"Low","Medium","Public","Negative",2,0,"Postgraduate","Near","Male",69,0
25,89,"Low","Low",1,6,82,"High",1,2,"Low","Medium","Public","Neutral",6,0,"Postgraduate","Near","Male",71,0
17,63,"High","Medium",0,9,53,"High",1,1,"Low","High","Public","Neutral",4,0,"College","Moderate","Male",63,0
15,92,"Medium","High",1,5,84,"Medium",1,0,"High","Low","Public","Positive",5,0,"High School","Moderate","Female",69,0
20,89,"High","High",1,10,91,"Low",1,3,"Medium","Medium","Private","Neutral",3,0,"College","Moderate","Male",72,0
19,89,"High","Low",1,7,64,"Medium",1,2,"Low","Medium","Public","Positive",4,1,"Postgraduate","Moderate","Female",68,0
17,64,"Low","High",0,7,69,"Medium",1,1,"Medium","Medium","Public","Negative",3,0,"High School","Near","Female",62,1
24,89,"Low","High",1,6,60,"Medium",1,1,"Low","Medium","Private","Neutral",2,0,"High School","Near","Male",68,0
26,87,"Medium","Medium",1,8,82,"High",1,1,"Low","Medium","Public","Negative",2,0,"Postgraduate","Near","Male",71,0
21,93,"Medium","Low",1,7,83,"Low",0,1,"High","High","Public","Neutral",3,1,"High School","Moderate","Male",67,0
29,62,"Low","High",1,7,53,"High",1,0,"Low","Medium","Private","Positive",3,0,"College","Moderate","Female",65,0
13,61,"Low","Medium",1,8,84,"High",0,1,"Medium","High","Public","Neutral",3,1,"Postgraduate","Far","Male",60,0
19,75,"Medium","High",1,8,83,"High",1,2,"High","Medium","Public","Neutral",2,0,"High School","Near","Male",68,0
16,66,"Low","Medium",1,9,52,"Medium",1,1,"Medium","Low","Public","Negative",3,1,"High School","Near","Male",59,1
9,82,"High","Medium",0,8,78,"Medium",1,0,"High","Medium","Public","Neutral",0,0,"High School","Moderate","Female",64,0
20,97,"High","Medium",1,6,81,"High",1,2,"Low","Low","Public","Neutral",3,0,"High School","Moderate","Male",71,0
19,76,"High","High",0,4,72,"Low",1,2,"High","Medium","Public","Neutral",2,0,"College","Moderate","Female",68,1
29,94,"Low","Medium",1,7,95,"Medium",0,2,"Low","Medium","Public","Neutral",3,1,"College","Moderate","Male",70,0
24,60,"Low","Low",0,7,66,"Medium",1,1,"Medium","High","Public","Neutral",4,0,"College","Near","Female",62,0
14,67,"Medium","Medium",0,10,53,"Medium",1,2,"High","Medium","Public","Neutral",3,0,"College","Near","Male",62,1
31,61,"High","Medium",0,7,84,"Medium",1,2,"Medium","Medium","Private","Neutral",3,0,"High School","Near","Male",68,0
27,73,"Medium","Medium",0,8,80,"Low",1,3,"Medium","Medium","Private","Negative",3,0,"High School","Near","Female",68,0
23,96,"Medium","Medium",1,8,99,"High",1,3,"Low","Low","Public","Positive",4,0,"High School","Near","Female",74,0
19,64,"Low","Medium",0,8,62,"Medium",1,0,"High","Medium","Public","Positive",4,1,"College","Near","Male",61,1
14,84,"Medium","Medium",1,8,70,"Medium",1,1,"Low","High","Public","Neutral",5,0,"College","Near","Male",67,0
18,78,"Medium","Low",0,6,73,"Medium",1,1,"High","High","Public","Positive",2,0,"High School","Moderate","Female",65,0
27,98,"Low","Medium",1,6,93,"Low",0,5,"High","High","Public","Positive",3,0,"High School","Moderate","Female",101,0
31,65,"Medium","Low",1,7,71,"Medium",1,1,"Low","Medium","Public","Neutral",4,0,"High School","Moderate","Male",65,0
29,68,"Medium","Medium",0,4,89,"Medium",1,0,"Medium","Medium","Private","Neutral",4,1,"College","Near","Male",67,0
17,61,"Medium","High",1,7,58,"Low",1,2,"Low","Medium","Public","Positive",3,1,"High School","Near","Female",61,1
13,77,"Medium","Medium",0,6,70,"Medium",1,3,"Medium","High","Public","Neutral",4,1,"High School","Near","Male",64,0
21,71,"High","Low",0,7,58,"High",1,1,"Medium","High","Public","Positive",3,1,"College","Far","Female",64,0
9,95,"Medium","Medium",1,7,97,"Medium",1,1,"Low","Low","Public","Neutral",2,0,"College","Near","Male",67,0
22,84,"Medium","Medium",1,5,59,"Medium",1,0,"High","High","Private","Positive",3,0,"College","Near","Female",69,0
19,85,"High","Medium",1,9,71,"Low",1,1,"Medium","High","Public","Positive",2,0,"Postgraduate","Moderate","Female",69,0
17,81,"High","Medium",0,7,54,"Medium",1,4,"Low","Medium","Public","Positive",3,0,"High School","Near","Female",67,0
10,64,"Medium","High",0,8,96,"Medium",1,1,"Medium","Medium","Public","Neutral",3,0,"High School","Moderate","Male",62,1
23,78,"Low","High",0,7,81,"Medium",1,0,"Low","Medium","Private","Neutral",1,0,"High School","Near","Male",66,0
17,100,"High","Medium",0,8,98,"Low",1,0,"Medium","High","Public","Positive",4,0,"College","Near","Male",72,0
13,93,"Medium","Medium",1,5,52,"Low",1,2,"Medium","Medium","Public","Positive",3,0,"College","Near","Female",67,1
3,96,"High","High",1,9,59,"Medium",1,2,"Low","Medium","Public","Negative",3,0,"College","Moderate","Female",66,1
20,93,"Low","Low",1,8,69,"Medium",1,2,"Low","Medium","Public","Neutral",4,0,"High School","Moderate","Male",67,0
31,64,"High","Low",1,7,81,"Low",1,1,"Medium","Medium","Public","Positive",4,0,"High School","Near","Female",67,0
30,69,"Medium","Medium",1,7,66,"Medium",1,0,"Medium","Low","Public","Positive",4,0,"Postgraduate","Near","Female",68,0
17,60,"High","Medium",1,9,86,"Medium",1,0,"Low","High","Public","Positive",2,0,"High School","Near","Male",63,1
16,72,"Medium","High",0,6,58,"Low",1,1,"Medium","Medium","Public","Negative",2,0,"High School","Far","Male",62,1
23,64,"High","Medium",1,5,80,"Low",1,3,"Medium","High","Public","Negative",2,1,"College","Moderate","Female",65,1
14,79,"Medium","Medium",1,6,70,"Medium",1,1,"Low","Medium","Public","Positive",6,0,"College","Moderate","Male",65,0
22,87,"Medium","High",1,7,75,"Medium",1,0,"Medium","High","Public","Positive",2,1,"College","Near","Female",70,0
25,95,"Low","Medium",0,7,78,"Medium",1,7,"Low","Medium","Public","Positive",4,0,"High School","Near","Male",73,0
27,90,"High","Medium",1,9,53,"Medium",1,1,"Medium","High","Public","Positive",2,0,"Postgraduate","Near","Female",73,0
19,98,"Medium","Low",1,6,96,"Medium",0,2,"Low","Medium","Private","Negative",2,0,"High School","Moderate","Male",68,0
19,62,"Medium","Low",0,6,89,"High",1,3,"Medium","Medium","Public","Positive",1,0,"High School","Moderate","Male",63,0
15,60,"Medium","Low",1,5,72,"High",1,2,"High","High","Public","Positive",2,0,"High School","Near","Male",62,0
15,86,"High","Medium",1,8,77,"Medium",1,0,"Medium","Medium","Public","Positive",3,0,"Postgraduate","Near","Male",69,0
19,72,"Medium","High",0,5,52,"Medium",1,2,"Medium","Medium","Public","Neutral",3,0,"Postgraduate","Near","Male",66,0
22,70,"Medium","High",1,8,75,"High",1,0,"Medium","Medium","Private","Positive",3,0,"Postgraduate","Near","Male",68,0
25,73,"High","Medium",1,6,71,"Low",1,0,"Low","Medium","Private","Positive",3,0,"College","Far","Female",67,0
15,71,"High","High",1,6,69,"Low",1,2,"Low","High","Private","Negative",4,0,"College","Near","Female",65,1
29,80,"Low","Medium",1,10,91,"High",0,1,"High","Medium","Public","Positive",3,0,"College","Moderate","Male",70,0
18,78,"Low","Medium",1,9,59,"High",0,0,"High","High","Private","Positive",1,0,"High School","Moderate","Female",64,0
20,80,"Low","Low",1,7,59,"High",1,2,"Medium","High","Private","Neutral",3,0,"High School","Moderate","Male",65,0
16,87,"Medium","Medium",0,5,76,"High",1,1,"Low","High","Private","Neutral",2,0,"Postgraduate","Far","Female",67,0
5,75,"Medium","Low",1,10,84,"Medium",1,0,"High","Medium","Private","Neutral",4,0,"Postgraduate","Moderate","Female",62,1
25,70,"Medium","Medium",1,7,51,"High",1,3,"Low","Medium","Public","Positive",4,0,"High School","Moderate","Male",66,0
24,67,"High","High",1,7,77,"Low",1,0,"High","Medium","Public","Positive",2,0,"College","Near","Female",68,0
18,74,"Medium","Low",0,8,65,"High",1,0,"Medium","High","Public","Positive",4,0,"College","Moderate","Female",64,0
20,90,"High","Low",0,4,88,"Medium",1,3,"Low","Medium","Public","Negative",3,0,"High School","Moderate","Male",69,0
23,90,"Medium","Medium",1,6,73,"Low",0,1,"High","Medium","Private","Positive",2,0,"High School","Near","Female",69,0
11,87,"Medium","Medium",1,7,92,"Medium",1,1,"Medium","Medium","Public","Positive",5,0,"High School","Moderate","Female",67,0
17,69,"Medium","Medium",1,7,70,"Low",1,0,"Low","High","Public","Neutral",3,1,"College","Moderate","Male",61,1
25,84,"High","Medium",1,5,91,"Low",1,1,"Medium","Medium","Public","Positive",4,1,"Postgraduate","Moderate","Female",70,0
12,83,"Low","Medium",1,7,86,"Low",1,1,"High","Medium","Public","Negative",4,0,"College","Near","Female",65,1
22,79,"Medium","Medium",1,7,91,"Low",1,0,"Low","Medium","Public","Positive",4,1,"College","Moderate","Male",66,0
12,82,"Low","Medium",1,10,91,"Medium",1,3,"Low","Medium","Public","Negative",3,0,"Postgraduate","Near","Male",66,0
23,80,"Medium","High",1,9,74,"Medium",1,4,"Medium","Medium","Public","Negative",3,0,"High School","Moderate","Male",69,0
20,83,"Medium","Medium",1,7,68,"High",1,1,"Medium","Medium","Public","Positive",1,0,"High School","Near","Female",67,0
10,89,"High","High",1,7,88,"Medium",1,2,"High","Medium","Private","Positive",2,0,"Postgraduate","Near","Female",71,0
27,64,"High","High",1,9,68,"High",1,1,"Low","High","Private","Neutral",4,0,"High School","Near","Male",68,0
16,90,"Medium","Medium",0,7,54,"High",0,2,"Medium","Medium","Public","Positive",3,0,"High School","Near","Female",67,0
15,65,"High","Medium",0,5,93,"Low",1,2,"Low","Medium","Public","Neutral",4,1,"High School","Near","Female",63,1
21,63,"Medium","Medium",0,10,70,"Low",1,1,"High","High","Private","Positive",2,0,"College","Near","Female",64,1
27,99,"High","Medium",1,6,57,"Medium",1,3,"Low","Medium","Public","Neutral",3,0,"College","Moderate","Male",73,0
14,98,"Medium","Medium",1,10,82,"High",1,1,"Low","Medium","Private","Positive",3,0,"High School","Moderate","Male",69,0
20,62,"High","Low",0,8,94,"High",1,1,"Medium","Medium","Public","Positive",3,0,"High School","Near","Female",65,0
23,78,"High","Low",1,6,93,"Medium",1,0,"Medium","High","Private","Positive",5,0,"Postgraduate","Near","Male",70,0
24,67,"High","Medium",1,4,78,"Low",1,1,"Low","High","Public","Positive",2,0,"High School","Near","Female",67,0
21,79,"Medium","Low",1,8,54,"High",1,3,"Low","Medium","Public","Positive",3,0,"Postgraduate","Moderate","Female",67,0
18,93,"Medium","High",1,5,85,"Medium",1,0,"Low","Medium","Public","Positive",3,0,"High School","Near","Male",70,0
15,98,"High","Low",0,8,80,"Low",0,2,"High","High","Public","Negative",2,0,"Postgraduate","Near","Female",69,0
21,85,"High","Medium",0,10,61,"High",1,2,"Medium","Medium","Public","Neutral",2,1,"High School","Near","Male",68,0
14,74,"Medium","High",0,5,95,"High",1,1,"Low","High","Public","Positive",3,1,"College","Near","Male",66,0
2,84,"Low","High",0,8,54,"Low",1,3,"Low","Low","Public","Positive",4,0,"High School","Near","Male",62,1
23,72,"Medium","Medium",1,6,69,"Low",1,2,"High","Medium","Public","Positive",4,0,"High School","Near","Male",67,1
25,96,"Medium","Low",1,9,55,"High",1,2,"Medium","High","Public","Neutral",4,0,"High School","Moderate","Male",71,0
6,95,"High","Medium",1,7,96,"Medium",1,4,"Low","Medium","Public","Neutral",2,0,"High School","Moderate","Female",68,0
14,82,"High","Medium",1,7,52,"High",1,3,"Low","Medium","Public","Negative",2,0,"High School","Near","Female",66,0
24,73,"Low","Medium",1,9,71,"High",1,0,"Low","Medium","Public","Neutral",3,0,"High School","Moderate","Male",64,0
32,72,"High","Medium",1,8,93,"Low",1,1,"Low","Medium","Private","Neutral",4,0,"Postgraduate","Near","Female",71,0
20,61,"Low","Low",1,6,63,"Medium",1,1,"Medium","High","Public","Positive",4,0,"College","Far","Male",61,1
16,93,"Medium","High",0,10,55,"Medium",0,2,"Low","Medium","Public","Neutral",2,0,"College","Near","Male",67,0
19,78,"Medium","Low",1,5,56,"Low",1,3,"High","Medium","Public","Neutral",4,0,"College","Moderate","Female",65,1
28,73,"High","Medium",1,7,70,"Low",0,0,"Low","Medium","Private","Negative",6,0,"College","Moderate","Female",66,0
16,79,"High","High",1,6,71,"Medium",1,2,"Low","High","Public","Neutral",4,0,"High School","Near","Female",68,0
15,93,"Medium","Medium",0,5,86,"Medium",1,0,"Low","Medium","Public","Neutral",2,0,"College","Far","Male",66,0
17,65,"Medium","Medium",0,5,62,"Medium",1,2,"Medium","Medium","Public","Positive",4,0,"High School","Near","Female",63,1
14,94,"Low","Low",1,7,85,"Low",1,1,"High","Medium","Public","Neutral",3,0,"High School","Moderate","Female",66,0
21,96,"Medium","High",0,8,100,"Medium",1,1,"High","Medium","Private","Positive",2,0,"College","Near","Female",73,0
30,98,"Medium","Low",1,9,93,"Medium",1,1,"Low","Low","Private","Positive",3,0,"High School","Near","Male",88,0
22,76,"Medium","Medium",0,9,82,"High",1,0,"Medium","High","Private","Neutral",4,0,"High School","Near","Male",67,0
18,69,"High","High",1,7,97,"Medium",1,2,"Medium","Medium","Public","Positive",2,0,"College","Near","Female",69,0
18,75,"Medium","Low",1,6,100,"High",1,2,"Low","Medium","Public","Positive",3,0,"High School","Near","Female",67,0
11,73,"Medium","High",1,9,79,"Medium",1,1,"Low","High","Public","Neutral",2,0,"High School","Near","Male",64,1
25,67,"Medium","High",1,6,64,"Medium",0,0,"Low","Medium","Public","Neutral",2,0,"High School","Moderate","Male",64,0
20,84,"Low","Medium",0,5,96,"Low",1,1,"Low","Medium","Public","Negative",2,0,"High School","Near","Male",65,0
19,79,"Medium","Medium",0,8,92,"High",1,1,"Medium","High","Public","Positive",2,0,"High School","Near","Male",68,0
39,95,"Medium","High",1,9,54,"High",1,2,"Medium","Medium","Private","Positive",3,0,"High School","Moderate","Male",77,0
22,61,"Medium","Medium",1,6,97,"High",1,0,"Low","High","Public","Negative",2,1,"High School","Near","Male",63,0
15,86,"High","High",1,10,68,"Medium",1,0,"High","Medium","Public","Neutral",5,0,"College","Near","Male",69,0
17,91,"Medium","Medium",1,8,66,"Medium",1,3,"Medium","Low","Public","Positive",2,0,"College","Near","Male",69,0
27,90,"Medium","Low",0,8,67,"Medium",1,2,"Medium","Medium","Public","Negative",3,0,"Postgraduate","Near","Male",70,0
21,95,"High","Medium",1,6,66,"High",1,1,"Medium","High","Public","Positive",4,0,"College","Near","Male",73,0
11,89,"Medium","Low",1,9,76,"Medium",1,1,"Medium","High","Public","Neutral",3,0,"Postgraduate","Far","Male",66,0
26,97,"Medium","Low",0,5,79,"High",1,2,"Low","Low","Private","Positive",3,0,"High School","Near","Female",71,0
16,73,"Medium","Low",1,6,71,"Medium",1,2,"High","High","Public","Positive",5,0,"College","Near","Male",66,0
31,80,"Medium","Medium",1,6,71,"High",1,2,"Low","High","Public","Neutral",3,0,"High School","Near","Female",71,0
26,61,"Medium","Low",1,5,87,"Medium",1,3,"High","High","Public","Positive",2,1,"High School","Near","Male",66,0
17,60,"Medium","High",1,8,50,"High",1,0,"Low","High","Public","Positive",4,0,"High School","Near","Female",63,0
28,70,"High","High",1,8,97,"Medium",1,5,"Low","Low","Public","Negative",5,1,"High School","Near","Male",70,0
20,64,"High","Medium",1,8,86,"Medium",1,1,"Medium","Medium","Public","Neutral",2,0,"Postgraduate","Near","Male",66,0
25,70,"Medium","Medium",0,7,85,"Medium",1,1,"Medium","Medium","Public","Negative",4,0,"High School","Near","Male",66,0
23,67,"Medium","Medium",0,8,71,"High",1,2,"Medium","Medium","Public","Neutral",4,0,"College","Moderate","Female",66,0
15,61,"Medium","Medium",0,7,98,"Medium",1,1,"Medium","Medium","Public","Neutral",3,0,"High School","Near","Male",62,0
16,96,"Medium","Medium",0,6,50,"High",1,1,"Medium","High","Public","Positive",3,0,"College","Near","Male",69,0
26,60,"Low","High",1,6,54,"Low",1,1,"Low","Medium","Private","Positive",1,0,"Postgraduate","Moderate","Male",63,1
18,89,"Medium","Low",1,4,90,"Low",1,1,"High","Medium","Public","Positive",2,1,"Postgraduate","Near","Female",68,0
18,66,"Medium","High",0,9,87,"Medium",1,1,"Medium","Low","Private","Positive",3,0,"High School","Moderate","Male",64,0
14,96,"Low","High",1,9,64,"High",1,2,"Low","High","Public","Neutral",3,0,"Postgraduate","Moderate","Male",69,0
23,96,"Low","Medium",1,10,80,"Low",1,3,"Low","High","Public","Positive",3,0,"High School","Near","Male",71,0
32,86,"Medium","Medium",1,6,77,"Medium",0,2,"Medium","Low","Private","Negative",4,0,"High School","Near","Male",71,0
14,87,"Medium","Medium",0,6,76,"Medium",1,1,"Low","Medium","Private","Positive",4,0,"College","Far","Female",66,0
20,60,"Medium","Medium",1,4,80,"Low",1,2,"High","Medium","Private","Positive",3,1,"College","Moderate","Male",63,1
28,99,"Low","Medium",1,8,100,"Low",1,0,"Medium","Medium","Public","Positive",2,0,"High School","Far","Male",72,0
20,95,"Medium","Medium",1,8,99,"Low",0,1,"Low","Medium","Private","Neutral",3,0,"College","Near","Female",70,0
23,96,"Medium","Low",0,9,99,"Medium",1,0,"High","Medium","Private","Neutral",2,0,"College","Near","Female",71,0
14,86,"Low","Low",1,6,77,"Medium",1,3,"High","Medium","Private","Neutral",3,0,"High School","Far","Male",65,0
23,74,"Medium","Low",1,8,66,"Low",1,0,"High","Medium","Public","Negative",4,0,"Postgraduate","Near","Female",65,1
19,96,"Low","Medium",0,6,78,"High",1,1,"Low","Low","Public","Positive",2,0,"High School","Far","Male",67,0
26,72,"High","Medium",0,9,81,"High",1,0,"Medium","High","Public","Neutral",3,0,"High School","Near","Male",68,0
27,83,"Medium","Medium",1,8,66,"Medium",1,3,"Medium","Medium","Public","Positive",4,0,"College","Far","Female",70,0
36,64,"Medium","Medium",1,5,82,"Medium",1,2,"Medium","High","Private","Positive",2,0,"High School","Near","Female",70,0
23,97,"Low","High",1,7,81,"Low",1,2,"Medium","High","Public","Neutral",3,0,"High School","Near","Male",72,0
22,66,"Medium","High",0,4,95,"Medium",1,1,"Low","Low","Public","Neutral",5,0,"College","Moderate","Male",65,0
21,69,"Medium","Medium",1,5,62,"High",1,2,"Low","Medium","Public","Positive",3,0,"High School","Near","Male",65,0
18,82,"High","Medium",1,5,85,"High",1,3,"Medium","High","Private","Neutral",4,0,"Postgraduate","Near","Male",71,0
22,91,"High","High",1,6,73,"Low",1,3,"High","Medium","Public","Positive",4,0,"Postgraduate","Near","Male",74,0
18,85,"Low","Medium",0,7,56,"Low",1,0,"Low","Medium","Private","Positive",4,0,"High School","Moderate","Male",64,1
21,69,"Medium","Medium",0,7,66,"High",1,1,"Medium","Medium","Private","Neutral",4,0,"High School","Far","Female",64,0
28,60,"Medium","High",1,7,53,"Low",1,3,"Low","Medium","Private","Neutral",3,0,"High School","Near","Female",65,1
14,90,"Low","Medium",1,7,66,"Medium",1,1,"Medium","Medium","Public","Neutral",5,0,"College","Near","Male",67,0
27,99,"High","Medium",0,7,53,"Low",1,2,"Low","High","Public","Neutral",3,0,"College","Near","Male",73,0
28,92,"Low","High",0,5,96,"High",1,1,"Medium","Low","Public","Neutral",3,0,"College","Moderate","Male",72,0
19,78,"Medium","Medium",0,7,55,"Low",1,0,"Medium","Medium","Public","Positive",3,0,"College","Near","Male",65,1
7,96,"Medium","High",0,9,91,"Medium",1,0,"Low","Medium","Public","Neutral",4,0,"College","Near","Male",67,0
16,76,"Medium","Medium",1,7,95,"Low",1,2,"Medium","Medium","Public","Negative",3,0,"High School","Near","Female",66,1
28,81,"High","Medium",1,8,73,"Low",1,0,"Medium","High","Public","Negative",3,0,"Postgraduate","Near","Male",70,0
20,79,"High","Medium",0,8,53,"Medium",1,2,"Medium","Medium","Private","Neutral",3,0,"High School","Moderate","Female",66,0
14,78,"High","High",1,8,80,"Low",1,1,"Medium","Medium","Public","Neutral",1,0,"High School","Near","Female",66,1
17,91,"Medium","Low",1,7,62,"Low",1,3,"High","Medium","Public","Negative",3,0,"Postgraduate","Near","Male",68,0
25,81,"Low","Medium",1,8,59,"Low",1,3,"Low","Medium","Public","Positive",4,0,"College","Near","Male",68,0
23,73,"High","High",0,8,78,"Low",1,0,"High","Medium","Public","Neutral",4,0,"High School","Moderate","Female",67,0
19,70,"High","Medium",1,8,68,"High",0,1,"Low","Medium","Public","Positive",3,0,"College","Near","Female",65,0
18,62,"Medium","Low",1,8,87,"Medium",1,4,"Low","Medium","Public","Positive",4,0,"College","Near","Female",64,0
18,83,"High","Medium",0,5,80,"High",1,1,"High","High","Public","Positive",2,0,"College","Near","Male",70,0
14,69,"Low","Medium",0,5,91,"Medium",1,0,"High","Medium","Public","Positive",3,0,"College","Moderate","Male",63,0
30,66,"Medium","High",0,6,53,"Low",0,2,"Low","Medium","Public","Positive",2,0,"High School","Near","Male",65,1
18,86,"Low","Medium",1,9,62,"Medium",1,4,"Medium","Medium","Public","Negative",2,1,"Postgraduate","Near","Female",67,0
27,87,"Medium","Medium",1,7,78,"Low",1,3,"Low","Medium","Private","Negative",5,0,"High School","Near","Female",71,0
29,90,"High","Medium",1,7,94,"Medium",1,1,"Low","Low","Private","Neutral",4,0,"High School","Near","Female",73,0
26,80,"Medium","Medium",0,4,91,"Low",1,1,"Low","Medium","Private","Neutral",3,0,"High School","Far","Male",67,0
17,96,"High","Medium",1,7,84,"Medium",1,2,"Low","High","Private","Positive",3,0,"College","Near","Female",72,0
22,97,"Medium","Medium",0,7,79,"High",1,2,"Medium","High","Public","Positive",0,0,"High School","Far","Male",71,0
20,92,"Medium","High",1,4,82,"High",1,0,"Medium","Medium","Public","Neutral",4,0,"Postgraduate","Near","Male",72,0
15,85,"High","High",1,7,61,"Medium",1,1,"Medium","High","Public","Negative",3,0,"High School","Near","Male",68,0
22,72,"Low","Low",1,5,80,"Medium",1,2,"Low","High","Public","Neutral",3,0,"College","Near","Female",65,0
13,99,"High","Medium",0,6,75,"Low",1,1,"Medium","Medium","Public","Positive",4,1,"College","Far","Female",68,0
27,71,"Medium","Low",0,8,69,"Medium",1,1,"High","Medium","Public","Positive",4,0,"College","Near","Male",67,0
17,68,"Medium","Medium",0,7,94,"High",1,1,"High","Medium","Private","Neutral",4,0,"College","Moderate","Female",66,0
21,78,"Medium","Low",1,6,91,"Medium",1,0,"Medium","Low","Private","Neutral",1,1,"High School","Near","Male",64,0
22,62,"High","Medium",0,6,54,"Medium",1,3,"Low","Medium","Private","Neutral",3,0,"Postgraduate","Near","Male",65,0
18,99,"Medium","Medium",0,6,99,"Medium",1,0,"Low","Medium","Public","Neutral",3,0,"High School","Moderate","Male",69,0
24,84,"Medium","Medium",1,7,61,"Medium",1,2,"Medium","Medium","Public","Positive",2,0,"High School","Far","Male",68,0
17,82,"High","High",0,5,61,"Medium",1,3,"Medium","Medium","Public","Neutral",4,0,"Postgraduate","Near","Male",69,0
25,86,"Medium","Medium",1,9,97,"Low",1,1,"High","Medium","Private","Neutral",3,0,"High School","Moderate","Male",70,0
12,80,"High","Medium",0,5,72,"Medium",1,1,"High","Medium","Private","Positive",4,1,"High School","Near","Female",65,0
21,61,"Medium","Medium",0,4,90,"Low",1,2,"Medium","Low","Public","Neutral",3,0,"High School","Near","Male",63,1
32,84,"Low","Medium",1,8,64,"Medium",1,1,"Low","High","Private","Positive",3,0,"College","Near","Female",71,0
14,89,"Medium","High",1,6,94,"Low",1,0,"Low","Medium","Private","Neutral",2,0,"Postgraduate","Near","Male",68,0
16,77,"Medium","Medium",1,7,92,"High",1,5,"Low","High","Public","Positive",3,0,"Postgraduate","Near","Female",70,0
23,90,"Medium","High",1,8,76,"High",1,2,"Medium","Low","Public","Positive",3,0,"High School","Near","Female",72,0
21,69,"Medium","Medium",1,6,85,"Medium",1,3,"Low","Low","Public","Neutral",1,0,"College","Far","Female",64,0
22,69,"Low","Medium",0,7,98,"Low",1,0,"Low","Medium","Public","Positive",2,0,"Postgraduate","Moderate","Male",64,0
23,66,"Medium","Low",1,8,73,"High",1,2,"High","Medium","Public","Positive",2,0,"College","Near","Female",66,0
24,75,"Medium","High",1,9,75,"High",1,0,"Medium","High","Public","Positive",3,0,"College","Far","Male",69,0
27,94,"Medium","Low",0,6,86,"Medium",1,2,"Medium","Medium","Private","Neutral",2,0,"High School","Near","Female",71,0
22,93,"Medium","High",1,6,69,"High",1,0,"High","Low","Public","Negative",3,1,"High School","Near","Male",69,0
19,75,"High","Medium",0,8,98,"Low",1,1,"Low","Medium","Public","Neutral",3,0,"Postgraduate","Moderate","Male",67,0
24,84,"Low","Medium",1,7,52,"Medium",1,0,"Low","High","Public","Neutral",3,0,"High School","Near","Male",66,0
31,89,"Medium","Medium",0,7,70,"Medium",1,2,"Low","High","Public","Positive",2,0,"High School","Moderate","Female",71,0
19,70,"Medium","Low",1,9,86,"Low",1,2,"High","Medium","Public","Neutral",2,1,"High School","Near","Male",63,1
14,67,"Medium","Low",0,4,71,"Medium",1,0,"High","Medium","Public","Neutral",4,0,"College","Near","Female",62,1
27,99,"Medium","High",0,5,63,"Medium",1,0,"Medium","High","Public","Neutral",4,0,"High School","Near","Female",73,0
19,85,"High","Medium",0,4,71,"Low",1,1,"Medium","High","Public","Negative",3,0,"High School","Far","Female",66,0
7,99,"High","Medium",1,9,94,"Medium",1,3,"High","High","Public","Positive",2,0,"Postgraduate","Moderate","Male",72,0
25,74,"High","Low",1,8,77,"Low",1,1,"Low","Medium","Public","Neutral",2,0,"Postgraduate","Moderate","Female",67,0
17,88,"Low","Low",0,5,67,"Medium",0,0,"Medium","High","Public","Neutral",3,0,"Postgraduate","Near","Male",65,0
19,69,"Medium","Medium",1,7,84,"Medium",1,2,"Medium","Medium","Public","Neutral",4,0,"High School","Near","Male",66,0
22,70,"High","Medium",1,7,81,"Low",1,3,"Medium","Medium","Public","Neutral",2,0,"Postgraduate","Moderate","Female",68,0
21,80,"Medium","High",1,4,78,"Medium",1,1,"Medium","High","Private","Neutral",4,0,"High School","Near","Female",69,0
24,73,"High","Medium",1,7,70,"Medium",1,0,"High","Medium","Public","Negative",3,0,"Postgraduate","Near","Female",68,0
17,67,"Medium","High",1,5,54,"Medium",1,0,"Low","Medium","Public","Negative",2,0,"High School","Moderate","Male",61,1
23,71,"High","Low",1,8,81,"Medium",1,3,"Medium","High","Private","Positive",2,0,"High School","Near","Male",68,0
18,61,"High","Low",1,5,71,"Low",1,3,"High","High","Private","Neutral",3,0,"College","Near","Male",64,1
24,88,"Medium","Low",1,7,71,"Low",0,1,"Low","High","Public","Neutral",3,0,"College","Moderate","Male",67,0
24,80,"Low","High",1,9,62,"High",1,3,"High","Low","Public","Neutral",3,0,"High School","Moderate","Male",68,0
14,64,"Medium","High",0,8,62,"Low",1,1,"Medium","High","Public","Positive",4,1,"High School","Moderate","Male",61,1
27,67,"High","Low",0,8,89,"Low",1,1,"Low","Low","Public","Positive",3,0,"Postgraduate","Near","Female",66,0
17,64,"High","Low",1,7,74,"Low",1,2,"Medium","Low","Public","Positive",2,0,"Postgraduate","Near","Female",64,1
25,85,"Low","Medium",0,5,55,"Low",1,3,"High","Medium","Public","Negative",3,0,"High School","Moderate","Female",67,0
22,64,"Medium","High",0,6,52,"Low",1,2,"High","Medium","Private","Negative",4,0,"College","Moderate","Female",64,1
31,90,"High","High",0,7,61,"Low",1,0,"Low","Medium","Public","Positive",3,0,"High School","Near","Male",72,0
19,61,"Medium","Medium",0,7,74,"Low",1,2,"High","Medium","Public","Negative",3,0,"Postgraduate","Far","Male",62,1
18,70,"High","Medium",1,5,81,"Low",1,2,"Low","Medium","Private","Negative",2,0,"High School","Far","Female",63,1
20,96,"High","High",0,8,57,"Low",1,1,"Low","Medium","Private","Neutral",4,0,"High School","Near","Male",70,0
18,89,"High","Medium",0,5,72,"Low",1,3,"Medium","Medium","Public","Positive",3,0,"College","Moderate","Male",69,0
25,63,"Low","Medium",1,9,54,"Medium",1,3,"Medium","Low","Public","Positive",2,0,"High School","Near","Male",64,0
10,93,"Low","Medium",0,7,52,"Medium",1,2,"Medium","Medium","Public","Positive",3,0,"Postgraduate","Near","Male",66,0
14,80,"Low","Medium",1,8,93,"Medium",1,3,"Low","High","Private","Positive",4,0,"High School","Near","Female",67,0
14,94,"High","High",1,8,83,"Medium",1,4,"Medium","Low","Public","Negative",5,1,"Postgraduate","Near","Female",71,0
26,84,"Medium","High",1,10,89,"Medium",1,0,"Low","High","Private","Positive",1,0,"High School","Far","Female",70,0
30,87,"Low","Medium",0,7,59,"Medium",1,2,"Medium","Medium","Public","Neutral",3,0,"High School","Moderate","Male",69,0
19,100,"Medium","Low",0,6,66,"High",1,0,"Low","Medium","Public","Neutral",3,0,"High School","Moderate","Male",68,0
19,69,"Medium","High",1,6,72,"Medium",0,1,"Low","Medium","Public","Neutral",1,0,"College","Near","Female",64,0
20,85,"High","Medium",1,9,83,"Low",1,3,"Medium","Medium","Public","Positive",3,1,"College","Near","Male",70,0
27,78,"High","Low",1,5,77,"Medium",1,0,"Medium","Low","Private","Neutral",3,0,"Postgraduate","Near","Male",69,0
14,62,"Medium","Medium",1,6,78,"Medium",1,0,"High","Medium","Public","Positive",2,0,"College","Near","Female",63,1
21,61,"Low","Medium",0,7,58,"Medium",1,1,"Medium","Low","Public","Negative",3,0,"High School","Near","Female",60,1
26,65,"High","Low",0,7,74,"Medium",1,2,"Low","Medium","Public","Negative",4,0,"High School","Near","Female",65,0
23,86,"Medium","Medium",0,8,91,"Medium",1,0,"Low","Medium","Public","Negative",0,0,"High School","Near","Male",67,0
21,83,"Medium","Low",0,5,75,"Low",1,1,"Medium","Medium","Public","Negative",4,0,"College","Near","Male",66,0
26,82,"Low","High",0,7,60,"Medium",0,3,"Low","Medium","Public","Neutral",3,0,"Postgraduate","Near","Female",68,0
4,61,"Low","High",1,7,71,"High",1,0,"Low","Low","Public","Positive",1,0,"Postgraduate","Near","Male",58,1
24,79,"Low","High",1,5,88,"Medium",1,0,"Medium","Medium","Public","Neutral",3,0,"High School","Moderate","Female",67,0
16,97,"Medium","Medium",1,8,57,"Low",1,0,"Medium","Medium","Public","Positive",4,1,"High School","Near","Male",68,0
9,76,"Medium","Medium",1,7,79,"Medium",1,1,"Low","Medium","Public","Neutral",3,0,"High School","Near","Female",62,1
23,85,"Low","High",0,7,98,"High",0,2,"Low","Medium","Public","Negative",3,0,"Postgraduate","Moderate","Female",69,0
28,91,"Medium","High",1,6,69,"High",1,1,"Medium","High","Private","Neutral",4,0,"High School","Far","Male",73,0
19,91,"High","Low",0,6,52,"Medium",1,2,"Low","Medium","Public","Negative",4,1,"High School","Moderate","Male",66,0
26,81,"Low","Medium",1,5,82,"Medium",1,0,"Medium","Medium","Public","Negative",5,1,"Postgraduate","Near","Female",67,0
30,94,"Medium","Medium",0,8,52,"Medium",1,1,"Medium","Low","Public","Neutral",4,0,"High School","Near","Female",71,0
28,76,"Medium","Medium",1,9,60,"Medium",1,1,"Low","Medium","Public","Neutral",2,0,"High School","Far","Male",66,0
30,96,"High","Medium",1,10,52,"Medium",1,0,"High","High","Public","Positive",4,0,"College","Moderate","Female",74,0
24,70,"Medium","High",0,8,59,"Low",1,2,"Low","High","Public","Positive",5,0,"High School","Near","Male",67,1
20,71,"High","Medium",0,6,93,"High",1,2,"Medium","High","Public","Negative",2,0,"Postgraduate","Near","Male",68,0
10,62,"Medium","Medium",0,6,87,"High",1,2,"Low","High","Public","Neutral",3,0,"High School","Near","Male",61,0
19,92,"Medium","High",0,8,67,"Medium",1,2,"Medium","Medium","Private","Negative",2,0,"High School","Near","Female",69,0
15,77,"Low","Medium",1,7,95,"Low",1,4,"Low","Medium","Public","Positive",4,0,"High School","Moderate","Male",65,1
33,69,"Medium","High",1,7,83,"Medium",1,2,"Medium","Low","Public","Neutral",2,0,"Postgraduate","Near","Male",71,0
19,69,"Medium","Low",0,7,72,"Medium",1,1,"Low","Low","Public","Positive",2,0,"High School","Far","Female",61,0
21,96,"Medium","High",1,9,53,"Medium",1,0,"Low","High","Public","Neutral",3,0,"College","Near","Male",70,0
23,93,"Medium","Low",0,6,87,"Medium",1,2,"Medium","Medium","Private","Neutral",3,0,"High School","Moderate","Male",70,0
20,82,"Medium","High",1,9,69,"Low",1,1,"Medium","Medium","Public","Positive",3,0,"College","Near","Male",69,0
30,85,"High","Low",1,7,65,"High",1,2,"Low","Medium","Public","Negative",3,0,"High School","Near","Female",70,0
16,79,"High","Medium",1,6,64,"Medium",1,4,"Low","Low","Public","Positive",4,1,"College","Near","Male",67,0
21,76,"Low","Medium",0,6,50,"Low",1,2,"Low","Medium","Public","Negative",4,0,"Postgraduate","Moderate","Female",63,1
16,97,"Medium","Medium",0,7,87,"Medium",1,1,"High","Medium","Public","Neutral",3,0,"High School","Near","Female",70,0
12,65,"Medium","Medium",0,8,57,"Medium",1,1,"High","High","Private","Positive",5,1,"High School","Near","Female",61,1
16,77,"Low","High",1,6,76,"Low",1,1,"Low","Medium","Public","Neutral",1,0,"Postgraduate","Moderate","Female",64,1
20,74,"Medium","Medium",1,8,51,"High",1,2,"Medium","Medium","Public","Negative",3,0,"College","Near","Male",65,0
17,80,"Medium","Medium",0,6,81,"Medium",1,1,"Medium","High","Public","Neutral",1,0,"College","Far","Male",65,0
16,78,"Medium","Low",1,7,68,"High",1,3,"Low","High","Private","Positive",3,0,"Postgraduate","Far","Female",66,0
12,81,"High","High",1,5,82,"Low",1,1,"Medium","High","Public","Positive",3,0,"High School","Far","Female",66,1
20,66,"Low","Medium",1,8,54,"Medium",1,2,"Medium","Low","Public","Positive",2,0,"Postgraduate","Near","Male",63,1
11,81,"Low","High",1,7,63,"Medium",1,3,"Medium","Medium","Public","Neutral",2,0,"Postgraduate","Near","Male",66,0
25,70,"Medium","Medium",1,9,56,"High",1,0,"Low","Medium","Public","Positive",1,0,"High School","Far","Male",64,0
20,67,"High","Low",0,8,82,"Medium",1,3,"Low","High","Public","Neutral",4,1,"High School","Near","Male",65,0
11,63,"High","Medium",0,7,55,"Low",1,3,"High","Medium","Private","Positive",1,0,"Postgraduate","Near","Male",62,1
18,91,"Low","High",1,9,81,"High",1,4,"High","Medium","Public","Neutral",5,0,"High School","Moderate","Male",71,0
15,77,"Medium","Medium",1,8,57,"Low",1,1,"Low","Medium","Public","Neutral",2,0,"College","Near","Male",63,1
22,85,"Medium","High",0,9,97,"High",1,0,"Medium","High","Public","Negative",3,0,"College","Moderate","Male",70,0
28,89,"Medium","Low",1,6,71,"Low",1,2,"Low","Medium","Private","Neutral",4,0,"College","Moderate","Male",70,0
9,87,"Medium","Medium",0,8,56,"Medium",1,1,"Medium","High","Public","Positive",3,0,"College","Moderate","Female",65,1
21,79,"High","High",1,8,52,"Medium",1,1,"Low","Medium","Public","Neutral",3,1,"High School","Near","Female",66,0
19,76,"Medium","Low",1,5,66,"Medium",1,2,"Medium","Medium","Private","Positive",4,0,"College","Near","Female",66,0
24,75,"Medium","Low",0,9,95,"High",1,0,"Medium","High","Public","Positive",2,0,"College","Near","Male",68,0
21,86,"High","High",0,5,57,"Medium",1,1,"Low","Medium","Private","Negative",3,0,"High School","Near","Male",68,0
15,80,"High","Medium",1,5,90,"Medium",1,4,"Medium","High","Private","Neutral",3,0,"High School","Near","Female",69,0
18,94,"Medium","Medium",1,4,71,"Medium",1,3,"High","Low","Public","Positive",3,0,"College","Near","Female",71,0
15,95,"Medium","Medium",1,8,90,"Low",1,2,"Low","Medium","Private","Negative",1,0,"Postgraduate","Near","Male",69,0
26,67,"Medium","High",1,5,94,"Medium",1,0,"Medium","Medium","Public","Positive",2,0,"College","Near","Male",68,0
20,65,"Medium","High",1,6,100,"Medium",1,2,"Low","High","Public","Neutral",5,0,"High School","Moderate","Male",67,0
31,85,"High","Medium",0,8,53,"Medium",1,2,"Low","High","Public","Positive",3,0,"High School","Near","Male",72,0
20,72,"High","Medium",1,7,90,"High",1,2,"Medium","Medium","Public","Neutral",3,0,"High School","Near","Male",68,0
16,61,"High","Medium",1,6,53,"Low",1,0,"High","Medium","Public","Positive",4,1,"High School","Moderate","Female",60,1
11,96,"Medium","High",0,5,66,"High",1,2,"Low","Medium","Public","Neutral",4,0,"High School","Moderate","Male",68,0
9,69,"High","Medium",1,7,82,"High",1,1,"High","High","Public","Positive",2,0,"High School","Near","Female",65,0
10,97,"Low","High",0,8,72,"High",1,0,"Low","Medium","Public","Neutral",3,0,"Postgraduate","Moderate","Female",67,0
22,89,"Low","Medium",0,8,78,"Low",1,4,"High","Medium","Private","Positive",3,0,"High School","Near","Female",70,0
23,91,"Medium","Low",1,10,98,"High",1,0,"Low","High","Private","Negative",3,0,"High School","Near","Female",70,0
11,68,"Medium","Medium",0,6,91,"Low",1,3,"Low","High","Public","Negative",2,0,"College","Far","Female",61,1
25,69,"High","Low",1,5,68,"Medium",1,2,"High","High","Public","Positive",4,0,"College","Far","Male",68,0
17,81,"Medium","High",0,7,80,"High",1,1,"Low","Medium","Public","Negative",3,0,"Postgraduate","Near","Female",67,0
21,67,"Medium","High",0,7,52,"Medium",1,3,"Low","Medium","Public","Negative",3,1,"High School","Moderate","Female",62,1
30,72,"Medium","Low",0,7,73,"Medium",1,0,"High","Medium","Public","Neutral",4,0,"High School","Moderate","Male",66,0
25,73,"High","Medium",1,6,80,"Medium",1,3,"High","Medium","Public","Positive",2,0,"High School","Far","Female",69,0
18,66,"Medium","High",1,4,86,"Medium",1,2,"Medium","Medium","Public","Negative",4,0,"College","Near","Female",66,0
15,68,"Medium","Medium",1,5,95,"Medium",1,0,"High","Medium","Public","Negative",5,0,"College","Near","Female",64,0
7,92,"High","Medium",0,8,64,"High",1,1,"Low","Low","Public","Neutral",4,0,"Postgraduate","Near","Male",66,0
16,67,"Medium","Medium",0,7,95,"Low",1,2,"Medium","Medium","Public","Neutral",5,1,"High School","Near","Male",63,1
19,61,"Low","High",1,8,83,"Low",1,1,"Medium","Medium","Private","Negative",3,0,"High School","Near","Male",62,1
14,85,"Medium","Medium",1,8,54,"Low",1,1,"High","Medium","Private","Negative",4,0,"Postgraduate","Moderate","Male",65,1
19,99,"Low","High",0,8,69,"Low",1,0,"High","Medium","Private","Negative",2,0,"High School","Moderate","Male",68,0
20,73,"High","High",1,8,74,"Low",1,1,"Low","Low","Private","Negative",4,0,"High School","Moderate","Male",65,1
19,65,"Medium","High",1,7,68,"Low",1,1,"Low","Low","Public","Neutral",4,0,"College","Near","Female",63,1
16,83,"High","High",1,7,56,"Medium",1,3,"Medium","Medium","Public","Negative",2,0,"High School","Near","Male",68,0
21,96,"Medium","High",1,4,78,"Low",1,2,"High","Medium","Private","Positive",2,0,"High School","Near","Male",72,0
23,91,"High","Low",0,6,57,"Medium",1,2,"Low","Medium","Private","Positive",3,0,"High School","Near","Male",69,0
13,85,"Low","Medium",0,6,96,"Low",1,1,"Low","High","Public","Positive",5,0,"Postgraduate","Far","Male",66,0
28,73,"Low","Low",1,7,93,"High",1,2,"Low","High","Private","Neutral",3,0,"College","Near","Male",68,0
19,82,"Low","Low",0,6,74,"Medium",1,1,"Medium","High","Public","Neutral",2,0,"High School","Moderate","Male",64,0
20,64,"Medium","Low",1,8,53,"Low",1,1,"Low","Medium","Public","Positive",2,0,"High School","Near","Male",61,1
24,87,"Low","Medium",0,6,78,"High",1,0,"Low","Low","Public","Neutral",2,1,"Postgraduate","Near","Male",67,0
21,89,"Medium","Low",1,9,80,"Medium",1,0,"Medium","Low","Public","Neutral",3,0,"Postgraduate","Moderate","Male",68,0
26,99,"Medium","Medium",0,6,94,"High",1,2,"Medium","Medium","Public","Positive",3,0,"High School","Near","Male",74,0
22,70,"Medium","High",1,6,53,"Medium",1,3,"Medium","High","Public","Positive",2,0,"High School","Near","Female",67,0
16,61,"Medium","High",1,6,85,"Medium",1,2,"Medium","Medium","Private","Positive",3,0,"High School","Near","Male",64,1
22,82,"Low","High",0,6,78,"Medium",1,3,"Medium","High","Public","Neutral",3,0,"High School","Moderate","Male",69,0
13,88,"High","Medium",1,9,59,"Medium",1,0,"Low","Medium","Private","Negative",3,1,"High School","Far","Female",63,0
21,92,"Medium","Medium",0,7,56,"Medium",1,0,"Low","Medium","Private","Neutral",4,0,"High School","Moderate","Female",67,0
20,68,"High","Medium",1,7,85,"Medium",1,1,"Medium","Medium","Public","Neutral",3,0,"College","Far","Male",65,0
19,70,"Medium","Medium",1,6,67,"Medium",1,5,"Medium","Low","Public","Positive",4,0,"Postgraduate","Moderate","Female",67,0
19,81,"High","Medium",0,7,100,"Medium",1,1,"Low","Medium","Private","Negative",5,0,"Postgraduate","Moderate","Female",68,0
9,73,"Medium","Low",1,7,95,"Medium",0,3,"Low","Medium","Private","Negative",3,0,"Postgraduate","Near","Male",62,1
17,94,"High","Medium",1,7,78,"Medium",1,1,"Low","High","Public","Neutral",3,0,"College","Near","Female",70,0
21,79,"Low","High",1,7,82,"Medium",1,1,"High","Medium","Public","Negative",3,0,"High School","Near","Female",67,0
21,92,"High","High",1,9,58,"Medium",1,2,"High","Medium","Public","Neutral",5,0,"High School","Moderate","Female",89,0
14,83,"High","Medium",1,7,95,"Low",1,1,"Low","Medium","Private","Neutral",2,1,"High School","Near","Female",65,1
28,91,"Low","Medium",1,5,73,"Medium",0,2,"Medium","Medium","Public","Neutral",2,0,"High School","Near","Female",69,0
15,73,"Medium","Medium",0,7,76,"High",1,2,"Low","Medium","Public","Positive",4,0,"High School","Far","Female",64,0
26,93,"High","Low",0,6,94,"Medium",1,6,"High","Medium","Private","Negative",4,0,"High School","Near","Female",74,0
23,71,"Medium","High",0,8,50,"Medium",1,0,"High","Medium","Public","Positive",2,0,"High School","Far","Female",64,0
16,82,"Low","High",0,7,75,"Medium",1,0,"Low","Medium","Public","Negative",2,0,"Postgraduate","Moderate","Female",64,0
31,69,"Medium","Low",1,9,81,"Medium",1,2,"Medium","Medium","Private","Negative",2,0,"College","Near","Male",67,0
13,79,"Low","Low",1,6,58,"High",1,2,"Medium","Medium","Public","Positive",4,0,"College","Moderate","Male",63,0
26,73,"High","Medium",1,7,53,"Low",1,3,"Medium","High","Private","Neutral",5,0,"High School","Moderate","Female",68,0
26,71,"Low","Medium",1,5,77,"Low",1,0,"Medium","Medium","Public","Neutral",5,0,"Postgraduate","Near","Male",66,0
16,99,"Low","High",1,7,77,"High",1,0,"Low","Medium","Public","Neutral",3,1,"High School","Moderate","Female",68,0
28,66,"Medium","High",0,5,67,"Medium",1,1,"High","Medium","Private","Positive",1,0,"Postgraduate","Moderate","Female",68,0
18,91,"Medium","Medium",0,7,94,"Medium",1,3,"Low","Medium","Private","Neutral",2,0,"High School","Near","Female",69,0
22,99,"High","Low",0,7,65,"Medium",1,3,"Low","Low","Public","Neutral",3,0,"Postgraduate","Near","Female",71,0
22,61,"Low","High",1,7,76,"Medium",1,1,"High","Medium","Public","Positive",3,0,"College","Near","Female",65,0
19,88,"Low","Medium",1,8,59,"Medium",1,2,"Medium","Medium","Private","Neutral",4,0,"High School","Near","Male",67,0
25,70,"Medium","Medium",0,7,51,"Medium",1,1,"High","Medium","Public","Negative",4,0,"College","Near","Female",65,0
25,62,"High","Medium",0,5,71,"Medium",1,0,"Low","High","Private","Positive",4,0,"High School","Moderate","Male",65,0
10,76,"Medium","Low",0,6,76,"Medium",1,1,"High","High","Public","Negative",2,0,"Postgraduate","Near","Male",80,0
28,97,"Medium","Medium",1,7,88,"High",1,2,"Medium","Medium","Public","Neutral",2,0,"High School","Moderate","Male",74,0
10,60,"Medium","Medium",0,7,72,"Low",0,3,"Medium","Low","Public","Positive",3,0,"High School","Near","Male",59,1
26,84,"Medium","Medium",0,7,64,"Low",1,2,"High","High","Public","Neutral",3,0,"High School","Near","Male",69,0
27,80,"Medium","Low",1,9,80,"Medium",1,0,"High","Medium","Public","Neutral",2,1,"High School","Moderate","Male",66,0
13,95,"Medium","Medium",1,7,69,"Medium",1,1,"Low","Low","Public","Positive",2,1,"Postgraduate","Moderate","Female",66,0
18,63,"High","High",0,8,62,"Medium",1,2,"High","Medium","Public","Positive",4,0,"High School","Near","Female",65,1
13,87,"High","Medium",1,4,96,"Low",1,3,"Low","Low","Public","Neutral",3,1,"College","Near","Male",67,0
19,87,"High","High",0,8,77,"Low",1,3,"Low","Medium","Private","Neutral",4,0,"High School","Moderate","Male",69,0
18,87,"Medium","Low",1,10,60,"High",1,2,"Medium","Medium","Public","Positive",3,0,"High School","Near","Female",68,0
25,98,"Medium","Medium",1,9,84,"Medium",1,1,"Medium","High","Private","Neutral",2,0,"Postgraduate","Near","Female",73,0
28,93,"Low","High",1,6,90,"Medium",1,1,"Low","Medium","Public","Positive",2,1,"High School","Near","Female",71,0
28,62,"High","Medium",1,10,88,"Medium",1,0,"Low","High","Public","Positive",2,1,"Postgraduate","Moderate","Male",67,0
17,79,"Medium","Medium",1,7,80,"Low",1,1,"High","High","Public","Positive",3,0,"College","Near","Female",67,1
19,76,"High","Low",0,7,76,"Medium",1,0,"High","High","Public","Neutral",2,0,"Postgraduate","Near","Male",66,0
10,72,"Medium","Low",0,7,89,"Medium",1,3,"Medium","Medium","Public","Negative",4,0,"College","Near","Female",63,1
15,78,"High","High",0,7,85,"Medium",0,1,"High","Medium","Public","Negative",1,0,"High School","Far","Male",65,0
26,75,"Medium","Low",1,4,79,"Medium",1,2,"High","Medium","Public","Negative",1,0,"College","Near","Male",67,0
30,77,"Medium","Low",1,8,83,"Medium",1,1,"Low","Low","Public","Positive",3,0,"College","Near","Male",69,0
13,99,"Medium","Medium",1,7,58,"Medium",1,1,"Low","Medium","Public","Neutral",2,0,"High School","Near","Male",67,0
16,64,"High","Medium",1,7,51,"High",1,4,"High","High","Public","Neutral",3,0,"College","Near","Male",66,0
20,97,"High","High",1,7,97,"Low",1,2,"Medium","High","Private","Neutral",4,0,"High School","Moderate","Female",74,0
22,79,"High","Medium",0,6,97,"Medium",0,2,"High","Medium","Public","Positive",2,0,"College","Moderate","Female",69,0
15,85,"Low","Medium",1,7,89,"High",1,0,"Medium","Medium","Public","Negative",4,0,"College","Moderate","Female",66,0
23,93,"High","Low",1,9,69,"Low",1,0,"Medium","Medium","Private","Positive",3,1,"Postgraduate","Moderate","Male",69,0
17,74,"Medium","Medium",1,8,58,"Low",1,1,"High","Medium","Public","Neutral",2,0,"College","Far","Male",63,1
20,77,"Medium","Low",1,7,68,"Medium",0,0,"Medium","High","Private","Positive",3,0,"College","Near","Female",65,0
23,76,"Low","Medium",0,7,86,"Low",0,1,"Low","Medium","Private","Positive",4,0,"College","Far","Male",64,0
20,75,"Low","Medium",0,7,67,"High",1,0,"Medium","Medium","Private","Neutral",4,0,"High School","Near","Male",64,0
17,97,"Low","High",1,6,90,"Low",1,2,"Medium","Low","Public","Negative",2,0,"High School","Moderate","Male",69,0
19,93,"High","High",0,7,84,"Medium",1,5,"Low","High","Public","Negative",3,0,"High School","Near","Female",73,0
19,64,"Medium","Medium",1,8,81,"High",1,1,"Medium","Medium","Public","Negative",3,1,"High School","Moderate","Male",62,0
18,64,"Low","Low",1,7,97,"Low",1,2,"Medium","Low","Private","Neutral",4,0,"College","Near","Male",62,1
18,77,"Medium","Medium",1,6,95,"High",1,0,"Medium","High","Private","Positive",2,0,"Postgraduate","Moderate","Female",68,0
30,64,"Medium","Medium",0,7,86,"Low",1,1,"Medium","Medium","Private","Positive",3,0,"Postgraduate","Far","Female",66,0
23,85,"Low","High",1,8,60,"High",1,2,"Medium","Medium","Public","Positive",1,1,"College","Moderate","Female",68,0
18,66,"Low","High",1,5,97,"Medium",1,4,"Medium","Medium","Public","Neutral",4,0,"High School","Moderate","Male",66,0
24,81,"Low","Medium",1,6,61,"Low",1,3,"Medium","Medium","Public","Positive",3,0,"Postgraduate","Near","Male",69,0
18,60,"Medium","Medium",1,5,69,"Medium",1,0,"Medium","Medium","Public","Neutral",2,0,"Postgraduate","Near","Female",62,1
27,73,"Low","Medium",0,7,91,"Medium",1,2,"High","Medium","Public","Neutral",4,0,"College","Far","Female",68,0
22,87,"Medium","Medium",0,8,60,"Low",1,2,"Medium","High","Public","Negative",2,0,"College","Moderate","Male",67,0
19,79,"Low","Medium",0,9,82,"Medium",1,1,"Low","Medium","Private","Neutral",4,0,"High School","Near","Male",65,0
23,99,"Low","Medium",0,9,73,"Medium",1,0,"Low","Medium","Public","Negative",4,0,"College","Near","Male",69,0
11,95,"Medium","Medium",0,6,81,"High",1,2,"Low","Low","Public","Positive",3,0,"High School","Near","Male",67,0
13,74,"Low","Low",1,7,98,"High",1,0,"Medium","Medium","Public","Positive",3,0,"Postgraduate","Near","Female",64,0
13,62,"Low","Medium",1,6,90,"Medium",0,3,"High","High","Private","Neutral",3,1,"Postgraduate","Near","Female",62,1
21,94,"Medium","Medium",1,9,65,"Low",1,5,"High","High","Private","Neutral",3,1,"High School","Near","Male",71,0
30,96,"Medium","High",1,9,53,"Medium",0,0,"Medium","Medium","Private","Neutral",3,0,"High School","Near","Male",72,0
33,93,"High","High",1,7,98,"Low",1,0,"Medium","Medium","Public","Negative",2,1,"High School","Near","Female",74,0
24,65,"Low","High",0,6,79,"Low",1,1,"Medium","High","Public","Neutral",2,0,"Postgraduate","Near","Male",66,1
23,100,"High","Low",1,4,59,"Medium",1,2,"Medium","Medium","Public","Positive",4,0,"High School","Near","Female",72,0
9,70,"High","Medium",0,5,81,"Medium",1,1,"High","High","Private","Neutral",4,0,"Postgraduate","Near","Female",65,1
17,89,"High","Medium",1,4,52,"High",1,0,"Low","Medium","Public","Positive",3,0,"College","Far","Female",67,0
15,96,"Medium","High",1,5,59,"High",1,2,"Medium","High","Private","Neutral",2,0,"High School","Near","Male",70,0
16,69,"High","Medium",1,10,82,"Medium",1,0,"Low","High","Public","Negative",1,1,"High School","Moderate","Male",62,0
19,96,"Low","Low",1,5,70,"High",1,0,"Low","Medium","Public","Positive",2,0,"High School","Far","Male",66,0
17,72,"Low","Medium",1,5,66,"Medium",1,2,"High","High","Public","Negative",3,0,"College","Near","Male",65,0
8,99,"Low","High",1,6,83,"High",1,2,"Medium","High","Public","Positive",4,1,"Postgraduate","Near","Male",70,0
24,71,"High","High",1,10,93,"Low",1,2,"Medium","Medium","Private","Positive",2,1,"College","Near","Female",69,0
14,98,"Medium","Medium",1,7,84,"Low",1,3,"High","Medium","Public","Neutral",3,0,"High School","Near","Female",70,0
21,62,"High","High",0,8,73,"Medium",1,2,"High","Medium","Private","Negative",2,0,"College","Near","Female",66,0
32,88,"Medium","Low",1,7,83,"Low",1,1,"Low","High","Private","Positive",4,0,"Postgraduate","Near","Male",73,0
14,81,"High","Medium",0,4,85,"Low",1,3,"Medium","High","Public","Positive",4,0,"Postgraduate","Moderate","Female",69,0
5,79,"High","High",1,9,89,"Low",1,3,"Medium","Medium","Private","Neutral",3,0,"College","Near","Female",66,1
18,69,"High","Medium",1,8,65,"Medium",1,4,"Medium","Medium","Public","Neutral",4,0,"High School","Far","Male",65,0
27,88,"Medium","Low",0,7,56,"High",1,2,"Low","Medium","Public","Neutral",4,0,"Postgraduate","Near","Female",70,0
32,68,"High","High",0,10,84,"Medium",1,0,"Medium","High","Private","Positive",2,0,"Postgraduate","Far","Male",70,0
13,82,"High","Medium",0,6,56,"High",1,2,"Low","High","Public","Neutral",4,0,"Postgraduate","Near","Male",67,0
23,70,"Medium","High",1,7,73,"High",1,1,"Low","Medium","Private","Positive",3,0,"Postgraduate","Near","Male",68,0
17,98,"Medium","Low",1,6,62,"Low",1,1,"Medium","Medium","Private","Neutral",2,0,"College","Near","Female",68,0
19,61,"High","Medium",0,9,67,"Medium",1,0,"Low","Medium","Public","Negative",2,0,"College","Far","Female",61,1
36,68,"Medium","Medium",1,8,74,"High",1,2,"Medium","Medium","Public","Negative",3,0,"High School","Near","Male",70,0
11,70,"High","High",0,7,95,"High",1,0,"Low","High","Public","Negative",5,0,"College","Moderate","Male",65,0
22,77,"Low","Medium",1,5,84,"Medium",0,3,"High","Medium","Public","Positive",2,0,"High School","Moderate","Male",66,0
23,69,"Medium","Medium",1,6,59,"Medium",1,3,"High","Medium","Public","Neutral",3,0,"Postgraduate","Moderate","Male",67,0
27,80,"Low","Low",1,5,94,"High",1,3,"High","Medium","Public","Negative",3,0,"High School","Near","Male",69,0
21,95,"Medium","High",0,9,75,"Medium",1,1,"Low","Medium","Public","Neutral",2,0,"College","Far","Male",69,0
22,88,"Medium","Medium",1,5,60,"Low",1,1,"Low","Medium","Public","Neutral",2,0,"High School","Moderate","Male",67,0
18,83,"High","Low",0,9,76,"Medium",1,0,"Medium","Low","Private","Neutral",4,0,"High School","Near","Female",66,0
22,64,"Low","Medium",1,9,60,"Medium",1,1,"High","High","Private","Neutral",2,0,"High School","Near","Male",63,0
18,88,"High","Medium",0,6,68,"Low",1,0,"Medium","High","Public","Neutral",4,0,"High School","Far","Female",67,0
24,67,"High","Low",1,6,90,"Medium",1,0,"Low","Medium","Public","Neutral",1,0,"College","Far","Male",64,0
18,91,"Medium","Low",0,6,83,"Medium",1,2,"Low","Medium","Private","Neutral",4,0,"High School","Near","Male",68,0
22,70,"Medium","High",1,8,74,"Low",1,2,"Low","High","Public","Negative",2,0,"High School","Moderate","Male",65,1
20,77,"Medium","Low",0,9,61,"Medium",1,2,"Medium","Medium","Public","Neutral",3,0,"High School","Near","Male",65,0
27,74,"Medium","Low",1,9,64,"High",0,1,"Low","Medium","Public","Neutral",3,0,"High School","Near","Male",65,0
20,94,"Low","Medium",1,6,99,"Medium",1,0,"Medium","Medium","Public","Negative",4,0,"College","Near","Female",70,0
9,65,"Medium","High",1,9,67,"Medium",1,1,"High","Medium","Public","Neutral",3,0,"High School","Near","Female",62,1
28,83,"High","Low",0,9,81,"Medium",1,0,"Low","Medium","Public","Neutral",4,0,"High School","Moderate","Male",68,0
15,66,"Low","High",1,7,75,"Low",1,0,"High","High","Public","Negative",3,0,"College","Near","Male",62,1
16,88,"Medium","High",1,7,51,"Medium",1,0,"Medium","Medium","Public","Positive",3,0,"College","Near","Female",68,0
16,96,"High","Medium",1,9,97,"Medium",1,0,"Medium","High","Private","Neutral",5,0,"College","Near","Male",72,0
28,77,"High","Medium",1,9,54,"Low",1,1,"High","Medium","Public","Positive",3,0,"Postgraduate","Near","Female",70,0
7,80,"High","Medium",0,9,83,"Low",0,3,"Medium","Medium","Public","Neutral",3,0,"High School","Far","Female",62,1
39,97,"High","High",1,10,91,"Medium",1,2,"Low","Medium","Public","Positive",3,0,"High School","Moderate","Female",79,0
26,81,"Medium","High",1,8,87,"Medium",1,2,"High","High","Public","Neutral",1,0,"Postgraduate","Near","Male",73,0
21,80,"High","High",1,7,90,"High",1,1,"Low","Low","Public","Negative",2,0,"College","Far","Male",68,0
20,83,"High","Medium",1,9,87,"Low",1,0,"High","Medium","Public","Neutral",2,0,"High School","Near","Male",68,0
22,88,"Medium","Medium",1,10,72,"Medium",1,2,"Low","High","Public","Neutral",2,0,"High School","Moderate","Female",69,0
23,64,"Medium","Low",1,6,95,"High",1,1,"Low","Medium","Public","Positive",2,1,"College","Far","Female",63,0
24,93,"Medium","Medium",1,7,96,"Medium",0,5,"High","Medium","Public","Negative",4,0,"Postgraduate","Near","Female",74,0
23,77,"Medium","Medium",1,5,72,"Medium",1,2,"High","High","Public","Negative",5,0,"College","Moderate","Female",69,0
21,63,"Medium","Low",0,8,74,"Medium",1,0,"Low","Medium","Public","Negative",3,0,"High School","Near","Female",61,0
19,91,"Medium","Low",1,8,74,"Low",1,4,"Medium","Medium","Public","Neutral",2,1,"Postgraduate","Near","Female",69,0
19,75,"Medium","Low",0,6,64,"High",1,2,"Low","Medium","Public","Neutral",3,0,"High School","Near","Female",64,0
19,64,"Medium","Medium",1,9,56,"Low",1,2,"Low","Medium","Public","Positive",4,0,"Postgraduate","Far","Female",63,1
27,85,"Low","High",0,6,63,"Low",1,1,"Low","Medium","Public","Negative",2,0,"College","Near","Male",68,0
24,95,"High","Medium",1,6,92,"Medium",1,2,"Low","Medium","Public","Neutral",3,0,"High School","Far","Male",72,0
2,96,"Low","High",1,9,77,"Medium",1,3,"Medium","Medium","Public","Neutral",2,0,"High School","Far","Female",65,0
24,98,"Low","Low",0,6,93,"Low",0,2,"Low","Low","Public","Positive",4,0,"College","Near","Male",69,0
21,95,"Medium","Low",0,5,87,"Low",1,2,"Medium","Medium","Private","Neutral",4,0,"High School","Near","Male",70,0
20,60,"Medium","Medium",1,8,67,"Low",1,1,"Medium","Medium","Public","Neutral",4,0,"Postgraduate","Moderate","Female",63,1
18,75,"Low","Medium",1,7,59,"Low",1,0,"Medium","Medium","Public","Positive",2,1,"High School","Near","Female",62,1
27,93,"Medium","Medium",1,9,78,"Low",1,1,"Low","Medium","Public","Positive",2,0,"Postgraduate","Near","Female",72,0
26,75,"High","High",0,8,97,"Medium",1,1,"Low","Medium","Public","Neutral",4,0,"High School","Far","Male",69,0
15,84,"Medium","Medium",0,4,92,"Low",1,2,"Medium","Medium","Public","Negative",3,0,"High School","Moderate","Female",66,0
22,84,"Medium","Medium",1,9,88,"Medium",1,2,"Low","High","Private","Neutral",4,0,"Postgraduate","Near","Male",71,0
14,75,"Low","Low",0,10,88,"Medium",1,2,"Low","Medium","Private","Negative",3,0,"College","Moderate","Female",62,0
12,96,"Medium","Low",1,9,76,"Medium",1,2,"Medium","High","Public","Positive",2,0,"High School","Near","Male",68,0
16,80,"High","Low",0,9,58,"Low",1,0,"Medium","Medium","Public","Neutral",2,0,"High School","Near","Female",63,1
25,79,"Medium","Medium",1,7,64,"Medium",1,0,"Low","Medium","Public","Neutral",3,0,"College","Far","Female",66,0
26,100,"High","Medium",1,6,79,"High",1,1,"Medium","High","Public","Positive",3,0,"College","Moderate","Male",75,0
23,80,"Medium","Low",1,7,66,"High",1,1,"High","High","Private","Positive",4,0,"College","Near","Female",69,0
24,67,"High","Medium",0,8,89,"Medium",1,2,"High","Low","Private","Positive",3,0,"High School","Near","Female",68,0
23,81,"High","Medium",0,8,69,"Medium",1,5,"Medium","Medium","Public","Negative",2,0,"High School","Moderate","Male",69,0
16,93,"High","Low",0,6,56,"Medium",1,2,"Low","Medium","Public","Positive",4,0,"High School","Near","Male",67,0
23,91,"High","Medium",1,6,89,"Medium",1,3,"Medium","Medium","Private","Negative",3,0,"Postgraduate","Near","Male",73,0
25,92,"Medium","High",1,5,85,"Low",1,1,"Low","Medium","Public","Negative",1,0,"College","Near","Male",71,0
25,88,"High","Medium",1,8,63,"Medium",1,2,"High","Medium","Public","Positive",3,0,"High School","Moderate","Female",71,0
27,70,"Medium","Medium",0,6,99,"High",1,2,"Low","Medium","Private","Neutral",2,0,"High School","Near","Female",68,0
24,94,"High","Low",0,7,70,"Medium",1,1,"High","Medium","Public","Neutral",1,0,"High School","Near","Male",70,0
22,96,"Low","High",1,10,84,"Low",1,1,"High","High","Public","Negative",3,0,"High School","Near","Male",71,0
26,68,"Medium","High",0,8,96,"High",1,1,"Medium","High","Public","Neutral",2,0,"High School","Near","Male",69,0
20,65,"High","Medium",0,7,58,"Medium",0,3,"Low","Medium","Private","Neutral",4,0,"High School","Near","Male",63,1
15,99,"Low","Medium",1,8,94,"Medium",1,2,"Medium","Medium","Private","Neutral",3,0,"Postgraduate","Near","Male",71,0
19,95,"Medium","Medium",1,9,85,"Medium",0,2,"Low","Medium","Public","Negative",3,0,"College","Near","Male",69,0
16,96,"High","Medium",1,5,58,"Medium",1,2,"High","Low","Public","Positive",5,0,"Postgraduate","Moderate","Male",71,0
16,95,"Medium","Low",0,6,83,"Low",1,2,"Low","High","Private","Neutral",3,0,"High School","Near","Female",68,0
19,82,"Medium","Medium",0,7,94,"Medium",1,1,"Medium","Medium","Public","Positive",3,0,"High School","Near","Female",68,0
15,86,"Medium","Low",0,6,90,"Medium",1,0,"Medium","High","Public","Neutral",3,0,"Postgraduate","Far","Male",66,0
18,82,"Medium","Medium",0,7,88,"Medium",1,3,"Low","Medium","Public","Negative",3,0,"College","Moderate","Female",67,0
9,62,"Low","High",1,5,58,"Low",1,0,"Medium","High","Private","Positive",5,0,"College","Moderate","Female",59,1
21,90,"Low","Medium",0,8,60,"Medium",1,1,"Low","Medium","Public","Negative",2,0,"College","Near","Female",66,0
20,80,"Low","Low",0,6,77,"Low",1,0,"Medium","High","Private","Negative",3,0,"High School","Near","Male",64,1
15,86,"Medium","Medium",0,7,79,"Medium",1,1,"Low","Medium","Public","Neutral",3,1,"High School","Moderate","Female",64,0
24,80,"Medium","High",1,7,97,"Medium",1,0,"Low","High","Private","Neutral",4,0,"High School","Moderate","Female",69,0
26,80,"High","Low",0,8,73,"High",1,1,"Medium","Medium","Public","Neutral",3,0,"High School","Near","Male",69,0
10,67,"Medium","Medium",0,4,65,"Medium",0,3,"Medium","Medium","Public","Positive",3,0,"High School","Near","Male",61,1
15,71,"High","High",0,8,60,"Medium",1,0,"Low","High","Private","Negative",3,0,"High School","Far","Female",62,1
15,66,"Low","Medium",0,7,53,"Medium",1,2,"Medium","High","Public","Negative",3,0,"College","Near","Female",61,1
14,68,"Medium","Medium",1,8,53,"High",1,1,"Medium","High","Private","Positive",2,0,"College","Near","Female",63,0
25,99,"Medium","Low",0,5,79,"Low",1,2,"Low","Medium","Public","Positive",4,0,"College","Near","Female",71,0
19,66,"High","High",1,8,59,"Medium",1,1,"Medium","Low","Public","Positive",2,0,"Postgraduate","Moderate","Female",65,0
18,71,"High","High",1,9,93,"Medium",1,1,"Low","High","Private","Neutral",4,0,"College","Moderate","Male",68,0
8,84,"High","High",0,7,80,"Medium",1,1,"High","High","Public","Positive",4,0,"High School","Moderate","Male",67,0
24,84,"Low","High",1,6,93,"High",1,2,"Low","Medium","Public","Neutral",1,0,"High School","Near","Female",70,0
13,66,"High","Medium",1,6,71,"Medium",1,3,"Medium","Medium","Public","Neutral",3,0,"High School","Near","Male",64,1
20,92,"Medium","High",0,8,80,"High",1,0,"Medium","Medium","Private","Neutral",3,0,"College","Near","Male",71,0
22,91,"High","Medium",1,8,76,"Low",1,2,"Medium","Medium","Public","Neutral",3,0,"College","Moderate","Female",71,0
28,69,"Medium","High",0,8,99,"Low",1,0,"High","Medium","Private","Negative",3,0,"High School","Moderate","Female",67,0
12,72,"Medium","Low",1,7,90,"Medium",1,0,"High","Medium","Public","Positive",3,0,"Postgraduate","Far","Male",63,0
2,98,"Low","High",1,7,80,"High",1,2,"Low","High","Public","Neutral",1,0,"High School","Near","Male",66,0
21,93,"Medium","Low",1,7,80,"Medium",1,3,"High","Medium","Public","Neutral",1,0,"High School","Moderate","Male",70,0
31,88,"Medium","Low",0,6,62,"Medium",1,2,"Low","Medium","Private","Positive",4,0,"High School","Near","Male",70,0
27,63,"Low","Medium",1,8,87,"Medium",1,3,"Low","High","Private","Positive",3,0,"High School","Near","Female",67,0
21,77,"Low","Medium",0,7,99,"High",1,3,"Medium","High","Public","Neutral",3,0,"Postgraduate","Near","Male",69,0
17,82,"High","Low",0,9,56,"Low",1,3,"High","Medium","Public","Positive",2,0,"High School","Near","Female",66,1
25,67,"Medium","High",0,9,82,"Medium",1,1,"Medium","Medium","Public","Positive",3,0,"Postgraduate","Far","Female",67,0
14,78,"High","Medium",1,7,76,"Medium",1,0,"High","Medium","Public","Negative",2,1,"College","Near","Female",65,0
23,84,"High","High",1,8,93,"Medium",1,1,"High","Medium","Public","Positive",3,0,"Postgraduate","Far","Male",72,0
23,73,"High","High",0,6,50,"Medium",1,1,"Medium","Medium","Public","Positive",3,0,"College","Near","Male",68,0
26,91,"High","Medium",1,7,57,"Low",1,3,"Medium","Medium","Public","Negative",3,0,"College","Near","Male",72,0
37,94,"High","Medium",1,8,52,"High",1,1,"Low","Medium","Private","Positive",3,0,"Postgraduate","Near","Male",76,0
22,73,"Medium","Low",1,5,58,"Medium",1,4,"Low","Medium","Public","Positive",3,1,"College","Near","Female",65,0
17,94,"Low","Medium",0,8,85,"Medium",1,1,"Medium","Low","Public","Positive",4,0,"High School","Near","Male",68,0
20,64,"Medium","Medium",1,6,57,"Medium",1,3,"Low","High","Public","Neutral",4,0,"College","Near","Female",65,0
9,94,"Medium","Medium",1,6,81,"Low",1,0,"Low","High","Public","Positive",3,0,"High School","Near","Male",66,1
16,66,"Low","Medium",0,6,93,"Medium",1,7,"Low","Medium","Public","Negative",2,0,"High School","Far","Male",63,0
18,63,"Medium","Low",0,7,52,"Medium",1,2,"High","High","Public","Positive",3,0,"Postgraduate","Moderate","Female",63,1
17,86,"Medium","Medium",1,5,51,"Medium",1,2,"Low","Medium","Private","Neutral",2,0,"Postgraduate","Moderate","Male",66,0
21,79,"High","Low",1,8,99,"Medium",1,2,"Low","High","Public","Positive",4,0,"High School","Near","Male",69,0
15,96,"Medium","High",1,7,84,"High",1,3,"Medium","Low","Public","Positive",1,0,"Postgraduate","Near","Male",72,0
27,75,"Medium","Low",1,10,57,"Medium",1,3,"High","Low","Public","Negative",3,0,"High School","Near","Male",66,0
20,71,"Medium","Medium",1,7,65,"Medium",0,2,"Medium","Medium","Public","Negative",4,0,"High School","Moderate","Female",64,0
20,80,"Medium","Low",1,8,99,"Low",1,0,"Low","High","Private","Positive",3,0,"High School","Near","Male",67,0
18,78,"High","High",1,6,61,"Low",1,1,"Low","Medium","Private","Positive",5,0,"High School","Near","Male",67,1
21,74,"Low","Medium",1,5,88,"Medium",1,1,"Medium","High","Public","Neutral",1,0,"College","Near","Male",66,0
25,88,"Medium","Low",1,8,62,"Low",1,2,"Low","Medium","Public","Neutral",2,0,"High School","Near","Female",68,0
15,90,"Medium","Medium",0,5,70,"Medium",1,0,"Medium","Medium","Private","Neutral",2,0,"High School","Moderate","Male",65,0
16,94,"Medium","High",1,8,94,"High",1,2,"Low","High","Private","Negative",3,0,"High School","Near","Male",71,0
18,99,"Medium","High",1,10,51,"Medium",1,1,"Medium","Low","Public","Neutral",4,0,"Postgraduate","Near","Male",71,0
12,71,"Medium","Medium",1,8,65,"Medium",1,1,"Medium","High","Private","Neutral",2,0,"High School","Moderate","Male",62,1
15,89,"Medium","High",1,8,74,"Low",1,2,"Medium","High","Public","Positive",2,0,"College","Near","Male",69,0
17,76,"Medium","Low",0,7,81,"Low",1,4,"High","Medium","Private","Neutral",2,0,"High School","Near","Male",65,1
25,87,"High","Low",0,6,51,"Low",1,3,"Medium","Medium","Public","Neutral",3,0,"Postgraduate","Near","Male",70,0
22,79,"Medium","Medium",1,7,71,"Medium",1,2,"Low","Medium","Private","Neutral",2,0,"College","Moderate","Male",66,0
21,100,"Medium","Medium",0,6,67,"Medium",1,0,"High","Medium","Public","Positive",3,0,"High School","Far","Male",70,0
25,89,"Medium","High",0,5,51,"Low",1,2,"Medium","High","Private","Negative",2,0,"Postgraduate","Moderate","Female",70,0
19,98,"Low","High",1,7,68,"Medium",1,1,"Low","Medium","Private","Neutral",4,0,"High School","Moderate","Female",69,0
22,93,"High","Low",1,9,97,"Medium",1,2,"Medium","Medium","Public","Neutral",3,1,"High School","Near","Male",71,0
19,96,"Medium","Medium",0,5,64,"Medium",1,1,"Medium","Medium","Public","Neutral",3,0,"High School","Near","Male",69,0
22,93,"High","Medium",0,9,79,"Medium",1,2,"Medium","High","Public","Positive",2,0,"Postgraduate","Near","Female",73,0
17,78,"Medium","Medium",1,9,65,"Low",1,1,"Medium","High","Public","Neutral",4,0,"High School","Moderate","Female",65,1
5,70,"High","High",1,8,55,"Medium",1,3,"Low","Medium","Public","Neutral",3,0,"High School","Near","Male",62,1
19,75,"Medium","High",0,8,64,"Medium",1,2,"High","Low","Public","Negative",5,0,"Postgraduate","Moderate","Female",67,0
29,61,"Low","Medium",1,7,74,"High",1,1,"Medium","Medium","Public","Neutral",3,0,"Postgraduate","Moderate","Male",65,0
26,81,"Low","Medium",0,7,65,"Low",1,1,"Medium","Medium","Public","Neutral",3,0,"High School","Far","Male",65,0
26,80,"Medium","High",1,6,81,"Medium",1,0,"Medium","Medium","Public","Neutral",2,0,"College","Near","Female",70,0
27,81,"Medium","Medium",1,7,97,"Low",1,1,"Medium","Medium","Public","Neutral",2,0,"College","Near","Female",70,0
21,99,"Medium","High",1,7,53,"Medium",1,0,"Medium","Low","Public","Neutral",4,0,"Postgraduate","Near","Female",71,0
21,96,"High","Low",0,10,86,"Low",1,1,"Low","High","Public","Neutral",3,0,"College","Near","Male",71,0
16,66,"Medium","Medium",1,8,50,"Low",1,1,"Medium","High","Public","Neutral",4,0,"High School","Moderate","Male",62,1
18,75,"Medium","Low",0,7,50,"Medium",1,4,"Low","Medium","Public","Positive",2,0,"Postgraduate","Near","Female",65,0
24,77,"High","Medium",1,7,57,"Medium",1,3,"Medium","High","Public","Positive",2,0,"College","Far","Male",84,0
27,74,"Medium","Medium",1,6,74,"Medium",1,2,"Medium","High","Public","Neutral",2,0,"College","Far","Male",68,0
19,92,"High","Medium",1,6,52,"Medium",1,3,"High","Medium","Public","Positive",1,0,"High School","Near","Male",70,0
17,81,"Medium","High",0,8,86,"Medium",1,1,"Medium","Medium","Private","Neutral",3,0,"Postgraduate","Near","Male",68,0
20,83,"Medium","Medium",0,6,51,"Medium",1,2,"Low","High","Public","Negative",4,0,"Postgraduate","Near","Male",67,0
24,94,"Low","Medium",1,6,75,"Low",1,1,"Low","High","Public","Negative",4,0,"High School","Near","Female",69,0
11,92,"High","High",1,6,84,"Medium",1,2,"Low","Low","Public","Negative",1,0,"High School","Near","Female",68,0
6,65,"High","High",0,6,62,"Medium",0,3,"Low","Low","Public","Neutral",1,0,"High School","Near","Male",59,1
17,89,"High","Low",1,9,79,"Medium",0,0,"Medium","Medium","Public","Positive",2,0,"College","Near","Female",67,0
13,77,"Medium","High",1,7,63,"Low",1,0,"High","Low","Public","Positive",1,0,"High School","Moderate","Male",63,1
17,72,"High","High",1,7,61,"Low",1,1,"Medium","Medium","Public","Negative",4,0,"High School","Near","Female",65,1
19,62,"Medium","Medium",0,7,91,"Low",1,1,"Low","Medium","Public","Positive",3,0,"College","Near","Male",63,1
17,79,"Medium","Medium",0,7,67,"Low",1,1,"Low","Medium","Private","Positive",3,0,"High School","Near","Female",64,1
29,74,"High","Medium",1,6,91,"High",1,3,"Low","High","Public","Positive",4,0,"College","Far","Female",72,0
22,70,"Low","Medium",1,5,61,"High",1,1,"Low","Medium","Public","Negative",3,0,"College","Moderate","Male",63,0
22,88,"Medium","Medium",0,9,68,"Medium",0,2,"Medium","Medium","Public","Neutral",2,1,"High School","Near","Male",66,0
24,91,"Medium","Medium",1,8,55,"Low",1,0,"Medium","Low","Private","Neutral",2,0,"College","Moderate","Female",67,0
13,70,"High","High",1,8,75,"High",1,1,"High","Medium","Public","Positive",2,1,"Postgraduate","Moderate","Male",66,0
26,62,"Medium","Medium",1,8,69,"Medium",1,2,"Medium","High","Public","Positive",3,0,"College","Moderate","Female",66,0
20,94,"Medium","Medium",1,10,50,"Low",1,1,"Low","High","Private","Negative",4,1,"Postgraduate","Near","Female",68,0
24,60,"High","High",0,6,73,"Medium",1,1,"Low","Medium","Private","Positive",5,0,"Postgraduate","Moderate","Male",66,0
14,97,"Medium","Medium",1,5,54,"Medium",1,3,"Medium","Medium","Public","Negative",2,0,"College","Near","Female",68,0
11,85,"Medium","Medium",1,8,92,"Low",1,2,"Medium","Medium","Public","Negative",4,0,"High School","Far","Female",65,1
25,73,"Medium","Medium",1,5,75,"Low",1,0,"Medium","Medium","Private","Positive",2,0,"College","Near","Female",67,0
22,70,"High","Low",0,7,85,"Medium",1,0,"High","Medium","Private","Negative",3,0,"High School","Far","Male",64,0
15,60,"Low","High",0,7,91,"Low",1,0,"Low","Medium","Private","Negative",2,0,"College","Far","Male",59,1
15,69,"Medium","Medium",1,8,53,"Low",0,0,"High","Medium","Private","Negative",3,0,"High School","Near","Male",60,1
27,66,"Low","High",0,6,67,"Low",1,1,"High","High","Public","Negative",4,0,"College","Far","Female",65,1
13,84,"Medium","Medium",1,9,51,"High",1,0,"Low","Medium","Public","Negative",4,0,"High School","Near","Female",64,0
30,67,"Medium","High",0,6,52,"Medium",1,1,"Low","Medium","Public","Neutral",1,0,"High School","Near","Female",66,0
15,81,"Medium","Medium",1,8,52,"Medium",1,0,"Medium","Medium","Public","Neutral",2,0,"Postgraduate","Near","Male",65,0
24,84,"Medium","Medium",1,6,74,"Medium",1,2,"Medium","High","Public","Positive",2,0,"High School","Far","Male",69,0
18,72,"High","High",1,8,73,"Medium",1,0,"Medium","Medium","Private","Positive",4,1,"High School","Near","Female",66,0
24,61,"High","Medium",1,5,53,"Medium",1,1,"Low","High","Private","Neutral",5,0,"College","Near","Female",65,0
17,61,"High","Medium",0,7,63,"Low",1,1,"Medium","Medium","Public","Positive",4,0,"College","Moderate","Female",62,1
19,61,"Medium","Low",0,9,62,"Medium",1,2,"Medium","Medium","Public","Neutral",2,0,"High School","Far","Female",60,1
20,90,"Low","Medium",0,7,65,"Low",0,4,"Low","High","Public","Positive",4,0,"College","Moderate","Female",68,0
14,73,"Medium","High",1,9,82,"Medium",1,1,"Medium","Medium","Public","Negative",3,0,"High School","Near","Female",64,0
24,92,"High","High",0,7,85,"High",1,0,"Medium","Medium","Public","Positive",3,0,"College","Near","Female",73,0
17,77,"Medium","Medium",1,6,67,"Low",1,1,"Low","Medium","Public","Positive",1,0,"College","Near","Male",64,1
19,78,"High","High",0,7,89,"Medium",1,2,"Medium","Medium","Public","Neutral",4,0,"High School","Moderate","Female",69,0
14,81,"Low","Medium",0,8,71,"Low",1,1,"Low","High","Public","Neutral",3,1,"Postgraduate","Near","Female",63,1
5,89,"Medium","Medium",1,4,76,"High",1,2,"Medium","Medium","Public","Neutral",3,0,"College","Near","Male",65,0
19,71,"Medium","Medium",0,8,57,"Medium",1,2,"Medium","High","Public","Positive",4,0,"High School","Moderate","Male",65,0
34,65,"Medium","Medium",1,6,62,"High",1,0,"Medium","High","Public","Negative",3,0,"High School","Near","Male",67,0
25,82,"Medium","Medium",1,5,86,"Medium",0,0,"Low","Low","Public","Positive",4,0,"High School","Near","Male",67,0
20,73,"Medium","Medium",0,8,99,"Low",1,1,"Medium","Medium","Private","Positive",3,0,"High School","Near","Male",66,0
18,78,"Medium","High",1,9,85,"High",1,1,"Low","High","Private","Negative",2,0,"Postgraduate","Near","Male",68,0
20,86,"Medium","Low",1,7,53,"Medium",1,1,"Low","High","Public","Negative",2,0,"High School","Near","Male",65,0
23,80,"Low","Low",1,5,57,"Medium",1,1,"Low","Medium","Public","Neutral",4,0,"Postgraduate","Near","Male",66,0
13,85,"High","Low",1,6,72,"Medium",1,2,"Low","Medium","Public","Positive",1,0,"College","Moderate","Female",66,0
27,82,"Medium","Medium",1,6,87,"Low",0,2,"Low","High","Public","Positive",2,0,"High School","Near","Male",69,0
24,90,"Medium","Medium",0,7,58,"Medium",1,2,"Low","Medium","Private","Neutral",2,0,"Postgraduate","Near","Male",70,0
24,88,"Medium","Low",1,7,88,"Medium",1,2,"Medium","High","Private","Neutral",2,0,"Postgraduate","Moderate","Male",71,0
23,81,"High","Medium",0,8,78,"High",1,4,"Low","Low","Public","Positive",3,0,"High School","Moderate","Male",70,0
20,87,"Medium","Medium",0,8,89,"Low",1,2,"Medium","Medium","Public","Neutral",3,0,"High School","Moderate","Male",68,0
24,95,"High","High",1,8,78,"Medium",1,2,"Low","High","Public","Negative",2,0,"Postgraduate","Far","Female",73,0
24,77,"Medium","High",0,8,80,"High",1,1,"Low","High","Public","Positive",2,1,"High School","Moderate","Female",68,0
18,77,"Medium","Medium",1,7,62,"Low",1,2,"High","Medium","Private","Neutral",4,0,"College","Near","Male",66,1
17,91,"Medium","Low",1,10,86,"Low",1,1,"Medium","Medium","Public","Neutral",3,1,"Postgraduate","Moderate","Female",67,0
21,83,"Medium","Low",1,8,92,"Low",1,2,"Medium","Medium","Private","Negative",4,1,"High School","Near","Male",66,0
29,63,"Medium","High",1,8,94,"Medium",1,0,"Medium","High","Private","Positive",2,0,"Postgraduate","Near","Female",69,0
13,96,"Medium","Medium",0,10,51,"Medium",1,1,"Low","Low","Public","Positive",3,0,"Postgraduate","Near","Female",67,0
11,61,"Medium","Low",1,7,81,"High",1,5,"Medium","Low","Public","Positive",4,1,"High School","Near","Male",61,0
21,90,"Medium","Medium",0,6,99,"Medium",1,2,"Low","Medium","Private","Negative",3,0,"College","Near","Female",70,0
20,90,"High","High",0,9,79,"Medium",1,2,"Low","Medium","Public","Negative",2,0,"High School","Near","Female",70,0
21,98,"Medium","Medium",1,9,59,"High",0,3,"Medium","Medium","Public","Neutral",3,1,"College","Near","Female",70,0
21,62,"Medium","Medium",0,7,94,"Low",1,1,"Low","High","Private","Positive",3,0,"College","Moderate","Female",64,1
19,84,"High","Medium",0,10,63,"Medium",1,0,"Low","Medium","Public","Negative",3,0,"College","Far","Female",65,0
29,77,"Medium","Medium",0,7,52,"Medium",1,5,"Low","Medium","Public","Positive",4,0,"College","Near","Female",70,0
10,73,"Low","High",1,8,72,"Low",1,1,"Low","High","Public","Positive",2,0,"College","Moderate","Female",62,1
15,64,"High","High",1,9,55,"High",1,1,"Medium","Low","Public","Neutral",3,0,"College","Near","Female",64,0
19,83,"Medium","High",1,7,56,"Medium",1,1,"Medium","Low","Private","Positive",3,0,"College","Far","Female",67,0
10,79,"High","Medium",0,8,73,"High",0,1,"Low","Low","Public","Neutral",4,0,"High School","Near","Female",63,0
19,64,"Low","Medium",1,9,81,"High",1,0,"Medium","High","Public","Neutral",3,1,"High School","Near","Male",62,0
30,84,"Low","Medium",0,6,95,"Medium",1,2,"High","High","Public","Negative",2,0,"College","Near","Male",72,0
20,90,"Low","Medium",0,6,85,"High",0,3,"Low","High","Private","Neutral",2,0,"College","Near","Male",69,0
21,91,"Medium","High",1,9,92,"Medium",1,5,"Low","Medium","Private","Negative",2,0,"High School","Near","Male",72,0
12,96,"Low","Medium",1,7,71,"High",1,2,"Medium","Medium","Private","Positive",2,0,"College","Near","Male",68,0
16,76,"Low","Medium",0,6,66,"Low",1,1,"Medium","Medium","Private","Neutral",3,0,"Postgraduate","Near","Female",64,1
18,98,"High","High",1,7,80,"Low",1,3,"Low","Medium","Private","Neutral",1,0,"College","Near","Female",72,0
18,95,"High","High",1,8,85,"Low",1,2,"Low","High","Public","Positive",3,0,"College","Near","Female",73,0
28,72,"High","Medium",1,5,78,"Low",0,5,"Medium","Low","Private","Negative",2,0,"College","Far","Male",67,0
23,66,"High","Low",1,8,63,"Medium",1,0,"Low","Medium","Public","Negative",4,0,"College","Near","Female",64,0
13,77,"Medium","Medium",1,8,68,"Low",1,3,"High","Medium","Private","Neutral",3,0,"High School","Near","Female",65,1
21,76,"High","High",1,9,72,"Low",1,1,"Low","High","Public","Neutral",3,0,"High School","Moderate","Female",67,0
23,83,"Medium","Medium",1,7,51,"Low",1,3,"Medium","High","Public","Neutral",2,0,"College","Moderate","Male",68,0
27,83,"Medium","High",1,9,94,"Medium",1,2,"Low","High","Public","Positive",2,0,"High School","Near","Male",72,0
29,90,"High","Low",1,7,76,"Low",1,1,"Medium","Low","Public","Positive",3,0,"High School","Moderate","Female",71,0
14,80,"Medium","Medium",1,7,88,"Medium",1,1,"Medium","Medium","Private","Neutral",3,0,"High School","Near","Male",66,0
15,64,"High","Medium",0,7,59,"Low",1,0,"Low","Medium","Public","Neutral",3,1,"High School","Near","Female",59,1
12,94,"Medium","Medium",1,10,78,"Medium",1,1,"Medium","High","Public","Neutral",2,0,"High School","Near","Female",68,0
19,72,"Low","High",1,5,96,"Low",0,3,"Low","Low","Public","Positive",2,0,"High School","Moderate","Female",64,1
23,99,"Low","Medium",0,8,61,"Low",1,2,"High","High","Private","Positive",3,1,"High School","Near","Female",70,0
26,65,"Low","Medium",1,7,67,"Medium",1,4,"High","Medium","Private","Negative",3,0,"High School","Moderate","Female",65,0
20,98,"High","Medium",1,7,69,"High",0,2,"High","High","Public","Negative",2,0,"College","Near","Female",72,0
18,64,"High","High",0,8,69,"Medium",1,3,"High","Medium","Public","Positive",3,0,"College","Moderate","Male",66,0
21,69,"Medium","Medium",1,9,80,"High",1,2,"Medium","High","Public","Positive",5,0,"College","Near","Male",68,0
15,62,"Medium","High",0,8,70,"Medium",1,1,"Low","Medium","Private","Positive",3,0,"College","Near","Male",62,1
33,88,"Medium","Low",0,9,84,"Medium",1,1,"Low","Medium","Public","Negative",3,0,"High School","Near","Male",70,0
10,94,"High","Medium",1,7,74,"High",1,3,"High","Medium","Public","Positive",3,0,"College","Moderate","Male",70,0
21,77,"Medium","Low",1,7,58,"Medium",1,0,"Low","High","Public","Negative",3,0,"College","Near","Male",64,0
32,97,"High","Low",1,5,97,"Low",1,1,"Low","High","Public","Positive",5,0,"College","Moderate","Female",76,0
20,84,"Medium","Medium",1,10,62,"High",1,1,"Medium","Medium","Public","Neutral",2,0,"College","Moderate","Male",67,0
19,85,"High","High",0,7,78,"Low",1,2,"Low","High","Private","Negative",3,0,"College","Near","Male",69,0
18,94,"Medium","Low",1,7,53,"Medium",1,4,"Medium","High","Public","Positive",3,0,"High School","Far","Female",68,0
19,72,"Medium","Medium",1,8,96,"Low",1,1,"Medium","High","Public","Positive",2,0,"Postgraduate","Moderate","Female",67,0
28,74,"Medium","Medium",1,9,96,"Low",1,0,"High","High","Private","Neutral",3,0,"High School","Near","Female",69,0
7,96,"High","Medium",1,6,68,"Medium",1,2,"Low","High","Public","Neutral",1,0,"High School","Near","Female",67,0
29,96,"High","High",1,9,56,"Low",1,0,"Low","High","Private","Neutral",4,0,"High School","Near","Male",73,0
11,99,"Medium","High",1,7,88,"High",0,4,"Medium","Low","Private","Neutral",3,0,"College","Near","Male",71,0
18,96,"Medium","Low",0,9,63,"Medium",1,4,"Low","Medium","Private","Neutral",3,0,"Postgraduate","Near","Male",70,0
17,65,"High","Medium",1,6,85,"Medium",1,1,"Low","Medium","Private","Neutral",3,0,"High School","Near","Male",65,0
24,93,"High","Medium",1,8,96,"Medium",1,0,"Medium","Medium","Public","Positive",1,0,"Postgraduate","Moderate","Male",73,0
10,76,"Medium","Medium",1,7,80,"Medium",1,1,"Low","High","Public","Positive",4,0,"Postgraduate","Near","Female",65,0
23,100,"Low","Medium",1,5,93,"Medium",1,4,"Low","Medium","Private","Neutral",3,0,"Postgraduate","Moderate","Male",73,0
32,79,"Low","High",1,5,61,"Medium",1,0,"Low","High","Public","Positive",3,0,"College","Near","Male",70,0
12,82,"High","Medium",1,6,96,"High",1,0,"Low","Low","Private","Positive",4,1,"College","Near","Male",66,0
21,81,"Low","Medium",1,8,61,"High",1,3,"Medium","Low","Public","Negative",5,0,"High School","Moderate","Female",66,0
16,73,"Medium","Medium",1,4,61,"Low",1,4,"Low","High","Private","Neutral",5,0,"High School","Moderate","Male",64,1
23,63,"Medium","Medium",1,8,94,"High",1,2,"Medium","Medium","Public","Neutral",5,0,"Postgraduate","Near","Male",68,0
20,96,"Medium","Medium",0,7,78,"Medium",1,1,"High","High","Public","Neutral",2,0,"High School","Near","Male",70,0
16,92,"Medium","Medium",1,4,90,"High",1,6,"High","Medium","Private","Neutral",3,0,"High School","Near","Male",72,0
23,66,"Medium","High",0,6,90,"Medium",1,2,"Low","Medium","Public","Neutral",3,0,"High School","Near","Male",66,0
31,91,"Medium","Medium",1,6,82,"Medium",1,2,"Medium","High","Public","Positive",3,0,"High School","Near","Male",74,0
19,85,"High","Medium",0,7,59,"Low",1,0,"Medium","High","Private","Negative",4,0,"College","Moderate","Male",67,1
24,76,"High","High",1,9,85,"Medium",1,2,"Low","Medium","Private","Positive",2,0,"Postgraduate","Near","Female",71,0
12,70,"Low","High",1,9,53,"Medium",1,2,"Low","Medium","Public","Neutral",2,1,"High School","Near","Male",60,1
14,94,"Low","Medium",0,6,60,"Medium",1,3,"High","Medium","Public","Neutral",3,0,"College","Near","Female",68,0
23,88,"Medium","Medium",0,6,82,"Medium",1,0,"Medium","Medium","Private","Negative",3,0,"College","Near","Male",69,0
29,82,"High","High",0,5,95,"Medium",1,2,"Medium","High","Public","Neutral",3,0,"College","Near","Male",74,0
22,84,"High","Medium",1,6,89,"Medium",1,2,"Medium","Medium","Public","Neutral",3,0,"High School","Near","Male",71,0
18,64,"High","Medium",1,6,67,"High",1,0,"Low","Medium","Private","Negative",4,0,"College","Near","Male",63,0
20,79,"High","Low",1,7,91,"High",0,2,"Low","Medium","Private","Negative",4,1,"College","Moderate","Male",66,0
12,68,"Medium","High",0,7,98,"Medium",1,1,"Medium","High","Private","Neutral",4,0,"High School","Near","Male",65,0
24,68,"Low","Low",0,6,67,"High",0,0,"Low","High","Private","Positive",3,1,"High School","Far","Female",60,0
25,86,"Medium","Low",1,6,59,"Medium",1,3,"Low","Medium","Public","Positive",3,0,"High School","Near","Female",69,0
17,96,"High","Medium",0,6,60,"Medium",1,1,"Low","Medium","Public","Neutral",3,0,"College","Near","Female",69,0
17,76,"Medium","High",1,6,70,"Low",1,2,"High","Medium","Public","Neutral",4,0,"Postgraduate","Moderate","Male",67,1
22,68,"High","Medium",1,9,53,"High",1,1,"Medium","Medium","Public","Neutral",2,0,"High School","Moderate","Female",65,0
17,86,"High","High",1,8,74,"Medium",1,1,"Low","High","Private","Neutral",4,0,"College","Near","Male",70,0
20,95,"High","Medium",1,8,87,"Low",1,0,"Low","Medium","Private","Positive",3,0,"Postgraduate","Moderate","Female",71,0
33,90,"Low","Medium",1,9,77,"Medium",1,3,"Medium","High","Public","Negative",6,1,"Postgraduate","Moderate","Male",73,0
19,95,"Low","High",1,8,99,"Medium",1,0,"Low","Medium","Public","Neutral",2,0,"Postgraduate","Moderate","Male",70,0
18,81,"High","Low",1,9,73,"High",1,1,"Medium","High","Public","Neutral",2,0,"High School","Near","Female",67,0
16,90,"Low","High",1,8,51,"Medium",1,1,"High","Medium","Public","Neutral",5,0,"High School","Moderate","Female",67,0
24,66,"Low","High",0,7,74,"Medium",1,0,"High","High","Public","Neutral",2,0,"College","Moderate","Male",65,0
19,74,"High","High",1,6,96,"Medium",1,2,"High","Medium","Public","Neutral",3,0,"College","Near","Male",69,0
16,76,"High","High",1,6,55,"Medium",0,1,"Low","Medium","Public","Positive",1,0,"Postgraduate","Near","Male",65,0
28,80,"Medium","High",1,8,61,"Low",1,1,"Low","Medium","Private","Negative",3,0,"College","Far","Female",68,0
29,97,"High","Medium",0,7,86,"Medium",1,0,"Medium","Medium","Public","Positive",3,0,"College","Near","Female",74,0
16,95,"Low","Medium",1,5,65,"High",1,0,"Medium","Medium","Private","Neutral",3,0,"College","Near","Female",68,0
9,65,"Medium","Medium",0,4,88,"Low",1,1,"Low","Medium","Public","Positive",3,0,"College","Near","Male",61,1
26,67,"Medium","Low",1,10,71,"High",1,3,"Low","Medium","Public","Neutral",3,0,"Postgraduate","Near","Male",67,0
16,74,"High","High",1,6,90,"Medium",1,1,"Low","Medium","Private","Negative",4,1,"High School","Near","Female",66,0
25,72,"Low","Low",1,6,78,"Low",1,8,"Medium","High","Public","Positive",4,0,"High School","Near","Male",69,0
8,85,"Medium","Low",1,9,54,"Low",1,1,"Low","High","Private","Positive",3,0,"High School","Near","Male",62,1
25,96,"Medium","High",1,5,69,"Low",1,0,"Low","Medium","Public","Neutral",4,0,"High School","Moderate","Male",71,0
13,98,"High","High",1,8,67,"Medium",1,1,"Medium","Medium","Private","Positive",4,0,"Postgraduate","Moderate","Female",71,0
24,86,"Medium","High",1,10,91,"Low",1,0,"Low","High","Private","Positive",4,0,"College","Near","Female",72,0
20,94,"Medium","High",1,10,81,"Low",1,1,"Medium","High","Public","Neutral",5,1,"High School","Far","Female",69,0
14,81,"Low","Medium",0,6,89,"Medium",0,6,"Low","High","Private","Neutral",3,0,"College","Near","Female",67,0
18,68,"Medium","High",0,7,69,"Medium",1,1,"Low","High","Public","Neutral",4,1,"High School","Moderate","Female",63,0
24,81,"Medium","Medium",1,6,85,"Medium",0,1,"Medium","High","Public","Neutral",4,0,"College","Moderate","Male",68,0
21,82,"High","High",1,7,53,"Low",1,0,"High","Medium","Public","Positive",2,0,"Postgraduate","Near","Male",69,0
24,90,"Medium","Low",1,9,52,"Low",1,0,"Low","Medium","Public","Negative",3,1,"College","Near","Female",65,0
32,69,"High","High",1,5,64,"Medium",1,0,"Medium","Medium","Public","Negative",3,0,"Postgraduate","Near","Female",70,0
11,75,"Medium","Medium",0,8,89,"Medium",1,2,"High","High","Private","Positive",4,0,"College","Moderate","Male",65,0
30,75,"Medium","Medium",0,7,77,"Medium",1,0,"Low","Medium","Public","Positive",2,0,"High School","Moderate","Male",67,0
21,98,"Medium","High",1,9,70,"Medium",1,0,"Low","High","Public","Positive",1,0,"College","Near","Male",72,0
15,78,"Medium","High",1,9,95,"High",1,1,"High","High","Public","Positive",3,0,"High School","Near","Male",69,0
12,90,"High","High",1,6,75,"Low",0,2,"Medium","Medium","Public","Neutral",3,0,"Postgraduate","Near","Male",69,1
19,90,"High","Low",0,7,81,"Medium",1,4,"High","High","Public","Neutral",4,1,"College","Near","Female",71,0
26,71,"Medium","Low",1,8,99,"Medium",1,1,"Medium","High","Public","Positive",3,0,"High School","Far","Male",67,0
19,83,"Low","Low",0,8,76,"Low",1,3,"Low","Low","Public","Neutral",3,0,"Postgraduate","Near","Female",65,0
29,96,"Low","Low",0,4,89,"Medium",1,2,"Low","High","Public","Neutral",2,0,"High School","Far","Female",70,0
11,79,"Medium","Medium",0,8,71,"Low",1,1,"Medium","Medium","Private","Positive",2,0,"College","Moderate","Female",63,1
20,98,"High","High",1,9,52,"Medium",1,0,"Medium","Medium","Private","Positive",3,0,"College","Far","Male",71,0
12,69,"High","Medium",1,7,92,"Low",1,1,"Medium","Medium","Public","Neutral",3,0,"College","Near","Female",64,1
22,63,"Medium","High",1,8,97,"High",1,5,"Medium","Medium","Private","Neutral",3,0,"High School","Near","Male",69,0
25,96,"Low","Medium",0,9,72,"Low",1,0,"Low","Medium","Private","Positive",3,0,"High School","Near","Male",69,0
17,94,"Medium","Medium",1,7,75,"Medium",1,1,"Low","High","Public","Positive",3,0,"Postgraduate","Moderate","Male",70,0
4,100,"High","Low",0,8,71,"Low",1,2,"Low","Medium","Private","Negative",4,0,"High School","Moderate","Female",64,1
21,87,"Medium","High",0,7,100,"Low",1,1,"Low","Medium","Public","Positive",3,0,"High School","Near","Male",70,0
23,97,"Medium","High",0,7,95,"Medium",1,0,"Medium","High","Private","Positive",4,0,"Postgraduate","Moderate","Female",74,0
22,93,"Medium","Medium",1,6,52,"Medium",1,1,"Low","Medium","Public","Negative",3,0,"College","Near","Female",69,0
27,94,"Low","Medium",1,7,89,"Medium",1,3,"Low","Medium","Private","Positive",2,0,"College","Near","Female",73,0
14,83,"Medium","Medium",1,10,80,"Medium",1,1,"Medium","High","Private","Neutral",3,1,"College","Near","Female",66,0
24,75,"High","High",1,6,51,"High",0,1,"Medium","High","Public","Negative",3,0,"High School","Near","Male",67,0
27,97,"High","High",0,8,72,"Medium",1,6,"Low","Medium","Public","Neutral",2,0,"College","Near","Female",76,0
9,77,"Medium","Medium",0,7,57,"Low",1,2,"Medium","Low","Public","Negative",3,0,"High School","Near","Male",61,1
22,82,"Low","Medium",1,9,94,"High",1,0,"Medium","Medium","Public","Positive",4,0,"High School","Moderate","Female",68,0
17,78,"Medium","Low",1,9,51,"High",1,1,"Low","Medium","Private","Neutral",3,0,"High School","Moderate","Male",63,0
20,83,"High","Low",1,6,94,"Medium",1,1,"Low","Medium","Public","Neutral",2,0,"High School","Near","Male",67,0
22,79,"Low","Low",1,6,97,"Low",1,3,"High","Medium","Public","Negative",3,0,"High School","Moderate","Male",66,0
17,62,"High","Low",1,6,54,"Low",1,2,"Medium","High","Public","Neutral",3,0,"College","Near","Male",62,1
16,95,"High","Low",1,6,86,"Medium",1,0,"Low","High","Private","Neutral",3,0,"High School","Near","Male",69,0
20,78,"Medium","Medium",0,6,77,"Medium",1,3,"Medium","Medium","Private","Positive",3,0,"High School","Moderate","Male",67,0
13,84,"Medium","Medium",0,8,98,"Low",0,2,"Medium","Medium","Public","Positive",2,0,"College","Moderate","Female",66,0
13,66,"High","Medium",1,6,90,"Medium",1,2,"Low","Medium","Public","Positive",3,1,"High School","Moderate","Male",63,1
24,60,"Medium","Medium",0,6,85,"Low",1,1,"High","Medium","Public","Neutral",2,0,"Postgraduate","Moderate","Male",64,1
13,70,"Low","Medium",1,6,96,"High",1,2,"Medium","Medium","Private","Negative",5,0,"Postgraduate","Moderate","Male",64,0
24,88,"Low","Medium",0,8,58,"Medium",1,1,"Low","High","Public","Negative",3,0,"High School","Near","Male",67,0
23,64,"Low","Medium",1,7,69,"High",1,4,"High","Medium","Public","Positive",3,0,"High School","Moderate","Male",66,0
10,96,"High","High",1,7,92,"Medium",1,1,"Low","Low","Public","Neutral",1,0,"High School","Near","Female",68,0
16,69,"Medium","High",1,6,55,"Medium",1,1,"Medium","High","Public","Negative",1,0,"High School","Moderate","Male",62,1
27,68,"Medium","Medium",1,5,97,"Low",1,1,"Medium","Medium","Public","Negative",4,0,"College","Near","Male",68,0
14,67,"High","Low",0,9,87,"Medium",1,1,"Medium","Medium","Private","Positive",3,0,"High School","Near","Male",63,0
17,61,"Medium","High",0,7,72,"Low",1,1,"Medium","High","Public","Neutral",2,0,"High School","Moderate","Male",62,1
23,91,"High","High",0,10,67,"High",1,2,"Low","Medium","Public","Positive",2,0,"College","Near","Male",72,0
25,95,"Medium","Low",0,8,57,"Low",1,4,"Low","Medium","Public","Neutral",3,0,"High School","Moderate","Female",69,0
18,85,"Medium","Low",1,10,55,"High",1,3,"Medium","High","Public","Neutral",3,0,"High School","Near","Male",67,0
16,68,"Medium","High",1,8,71,"Medium",1,1,"High","High","Private","Neutral",3,0,"High School","Moderate","Male",65,0
29,71,"High","Medium",0,7,92,"Low",1,1,"Low","Medium","Public","Positive",3,0,"High School","Near","Female",69,0
30,79,"High","High",1,6,77,"Medium",1,1,"Low","Medium","Public","Positive",2,0,"High School","Near","Male",72,0
26,98,"Low","Medium",1,6,73,"Medium",1,2,"Low","Low","Public","Negative",3,0,"High School","Near","Female",70,0
21,70,"High","High",0,9,66,"Medium",1,1,"Medium","Low","Public","Neutral",4,0,"College","Moderate","Male",91,0
15,89,"High","Low",1,7,58,"Low",1,2,"Low","Medium","Public","Negative",3,0,"High School","Moderate","Male",65,1
15,78,"Low","Medium",1,8,100,"Low",1,0,"Low","Medium","Public","Negative",3,1,"High School","Near","Female",62,1
23,72,"Low","High",1,8,51,"Medium",1,2,"Low","Medium","Private","Positive",3,0,"College","Far","Male",65,0
23,78,"Medium","Medium",1,8,66,"Medium",1,1,"Medium","High","Public","Neutral",1,0,"College","Moderate","Female",67,0
28,63,"Medium","Low",0,6,88,"High",1,4,"Medium","High","Public","Neutral",4,0,"High School","Far","Male",67,0
24,92,"Medium","High",0,9,76,"Medium",1,2,"High","Medium","Public","Positive",2,0,"High School","Near","Female",72,0
11,70,"Medium","Low",1,7,66,"Low",1,1,"Medium","High","Public","Negative",3,0,"High School","Near","Female",60,1
26,89,"Medium","Low",0,7,100,"Low",1,0,"Medium","Low","Public","Neutral",3,0,"High School","Near","Female",69,0
14,63,"Medium","Medium",0,8,81,"Low",1,0,"Medium","Low","Private","Positive",5,0,"High School","Near","Female",61,1
18,98,"Low","Medium",1,7,65,"Medium",1,1,"High","Medium","Private","Neutral",4,0,"Postgraduate","Near","Female",70,0
22,68,"Medium","High",0,4,92,"High",1,2,"High","Medium","Public","Neutral",3,0,"High School","Near","Male",68,0
32,95,"Medium","High",1,9,58,"Medium",1,2,"Medium","Medium","Private","Positive",4,0,"High School","Near","Male",75,0
39,92,"Medium","Medium",0,9,73,"Medium",1,1,"Medium","Medium","Public","Negative",4,0,"Postgraduate","Moderate","Male",75,0
24,99,"High","Medium",0,4,92,"Low",1,2,"High","Medium","Private","Neutral",3,0,"High School","Far","Male",72,0
19,79,"Low","Medium",1,5,99,"High",1,1,"Low","Medium","Private","Negative",4,0,"College","Moderate","Female",66,0
23,89,"Low","High",0,10,69,"Low",1,5,"Medium","Medium","Public","Neutral",4,0,"High School","Near","Male",71,0
25,75,"Low","High",0,7,57,"High",1,4,"Low","High","Public","Positive",5,0,"College","Near","Male",70,0
18,67,"Medium","High",1,7,78,"Low",1,2,"Medium","Medium","Public","Negative",3,1,"High School","Near","Female",63,1
31,78,"High","High",1,6,97,"Low",1,0,"Medium","High","Public","Neutral",3,0,"High School","Near","Male",72,0
21,67,"Medium","Medium",1,5,83,"Medium",1,1,"Low","High","Private","Neutral",5,0,"High School","Near","Male",65,0
23,99,"Medium","Medium",1,7,80,"Low",1,3,"Low","Low","Private","Neutral",2,0,"High School","Near","Male",71,0
24,64,"Medium","Medium",1,8,65,"Medium",1,0,"Medium","Medium","Public","Positive",3,0,"College","Near","Female",65,0
23,84,"Medium","Low",1,7,80,"Medium",1,1,"Medium","High","Private","Positive",3,0,"College","Moderate","Female",69,0
25,85,"Medium","Low",1,8,94,"Medium",1,3,"Medium","High","Public","Positive",3,0,"High School","Moderate","Male",71,0
16,82,"Medium","High",1,10,69,"Medium",1,2,"Low","Medium","Public","Positive",4,0,"College","Near","Male",68,0
17,86,"Low","Medium",0,6,62,"Low",1,2,"Medium","High","Public","Positive",4,0,"High School","Near","Female",66,1
13,65,"High","Medium",0,7,74,"Low",1,0,"High","Medium","Public","Neutral",2,1,"High School","Moderate","Male",60,1
23,82,"Medium","Medium",0,9,69,"Medium",1,0,"High","Medium","Public","Positive",3,0,"High School","Near","Female",68,0
25,71,"Medium","High",1,6,73,"Medium",1,1,"Low","Medium","Private","Neutral",4,0,"High School","Near","Female",67,0
23,98,"Medium","Low",0,7,55,"Medium",1,3,"High","High","Private","Neutral",4,0,"High School","Near","Male",71,0
30,90,"High","Medium",0,10,67,"High",1,2,"Medium","Medium","Private","Neutral",6,0,"High School","Near","Male",74,0
20,99,"Low","Medium",0,6,91,"Medium",1,2,"Medium","Low","Public","Negative",4,0,"High School","Near","Male",70,0
24,62,"Low","High",0,9,70,"Low",1,2,"Low","Medium","Public","Positive",2,0,"College","Moderate","Female",63,1
13,71,"Medium","Medium",0,7,98,"Medium",1,0,"Medium","Medium","Public","Positive",3,0,"College","Near","Male",64,0
18,68,"Medium","High",1,10,85,"High",1,3,"Low","Medium","Public","Neutral",3,0,"High School","Near","Male",66,0
24,60,"Medium","Medium",1,5,68,"Medium",1,0,"Medium","Low","Public","Neutral",3,0,"Postgraduate","Near","Female",64,0
25,70,"High","High",1,7,63,"Medium",1,1,"Medium","High","Private","Positive",3,0,"College","Moderate","Male",69,0
18,87,"Medium","High",1,5,84,"Medium",1,2,"Medium","Low","Private","Positive",4,0,"Postgraduate","Near","Male",71,0
20,69,"High","Medium",0,6,65,"Medium",1,1,"Low","Medium","Public","Neutral",2,0,"High School","Near","Female",64,0
11,80,"Medium","Medium",1,6,96,"Low",1,1,"Low","High","Public","Neutral",3,0,"High School","Near","Male",65,1
18,96,"High","Medium",0,7,56,"Low",1,2,"Medium","Medium","Private","Neutral",1,0,"College","Near","Female",69,0
25,88,"Medium","High",0,5,51,"Medium",1,1,"Medium","Low","Public","Neutral",1,0,"High School","Near","Female",68,0
23,76,"Medium","Medium",1,7,61,"Medium",1,3,"Medium","Low","Public","Positive",4,0,"High School","Near","Male",68,0
23,75,"High","Medium",1,8,80,"High",1,0,"Low","High","Private","Neutral",4,0,"High School","Moderate","Female",68,0
20,78,"Low","Medium",1,5,92,"Low",1,1,"Medium","Medium","Public","Positive",3,0,"High School","Far","Male",65,0
20,67,"High","High",0,6,59,"Low",1,1,"Medium","Medium","Private","Negative",4,0,"College","Near","Female",65,1
16,85,"Medium","Low",0,10,79,"Low",1,1,"High","Medium","Private","Neutral",3,0,"College","Near","Male",66,1
24,75,"High","Low",0,7,57,"Medium",1,0,"Medium","Medium","Public","Neutral",1,0,"Postgraduate","Near","Male",66,0
23,94,"Medium","Low",1,4,78,"Medium",1,2,"High","High","Public","Neutral",4,0,"High School","Moderate","Male",71,0
23,90,"High","Medium",1,5,51,"Medium",1,0,"Low","High","Public","Negative",1,0,"High School","Near","Male",68,0
17,84,"Low","Medium",1,7,78,"Low",1,0,"High","High","Public","Neutral",5,1,"College","Moderate","Female",65,1
7,75,"Medium","High",1,7,76,"Medium",1,0,"Medium","Low","Private","Positive",4,0,"College","Moderate","Female",63,1
27,68,"High","Medium",0,6,52,"Medium",1,1,"Medium","Low","Private","Neutral",5,0,"Postgraduate","Far","Female",66,0
17,91,"High","Low",1,10,84,"Medium",1,7,"Low","High","Public","Neutral",4,1,"College","Moderate","Male",71,0
15,79,"Low","Medium",1,10,79,"Medium",1,2,"Low","Medium","Private","Neutral",4,0,"College","Moderate","Male",65,0
24,69,"Medium","High",1,7,81,"Low",1,3,"Medium","Medium","Private","Neutral",4,0,"High School","Near","Female",68,0
18,68,"Medium","Medium",1,8,76,"High",1,2,"High","Medium","Public","Neutral",3,0,"Postgraduate","Near","Male",66,0
26,67,"Low","High",0,8,86,"Medium",1,2,"Low","Medium","Public","Negative",2,1,"High School","Near","Female",64,0
24,91,"Medium","Low",1,9,76,"High",1,1,"Low","Low","Public","Positive",4,0,"College","Near","Female",70,0
24,69,"High","Low",1,6,96,"Medium",1,4,"High","Medium","Public","Positive",4,0,"College","Moderate","Male",70,0
12,81,"Medium","High",0,10,97,"Low",1,1,"Low","Medium","Private","Positive",5,0,"High School","Near","Female",66,1
27,78,"Medium","Medium",1,7,86,"Medium",1,3,"Medium","Medium","Public","Positive",2,0,"High School","Moderate","Female",70,0
22,83,"High","High",0,8,96,"Medium",0,2,"Medium","High","Public","Positive",0,0,"College","Near","Female",71,0
18,95,"Low","High",0,7,96,"Medium",1,2,"Medium","High","Private","Positive",4,1,"High School","Moderate","Male",70,0
21,95,"Medium","Medium",0,7,63,"Medium",1,1,"Low","Medium","Private","Positive",4,0,"Postgraduate","Near","Male",70,0
9,78,"High","Medium",1,7,100,"Low",1,2,"Medium","Medium","Public","Positive",2,0,"High School","Near","Male",66,1
22,61,"High","Medium",0,5,63,"Low",1,1,"Low","Medium","Public","Positive",3,0,"Postgraduate","Near","Male",64,1
14,77,"High","High",0,4,51,"Low",1,5,"Low","Medium","Public","Positive",3,0,"College","Moderate","Male",66,1
12,84,"High","Medium",1,7,98,"High",1,1,"Low","Medium","Public","Positive",3,0,"High School","Near","Female",68,0
11,82,"Low","Low",0,6,61,"Low",1,2,"Medium","Medium","Public","Neutral",2,0,"High School","Near","Female",61,1
27,86,"Medium","Medium",1,8,79,"Medium",1,2,"Low","High","Private","Positive",4,0,"College","Near","Male",72,0
16,66,"High","High",0,8,99,"Medium",1,1,"Low","High","Private","Positive",3,0,"High School","Moderate","Male",66,0
29,86,"Low","Low",1,7,52,"Medium",1,1,"Low","Medium","Public","Positive",3,0,"College","Near","Female",68,0
17,67,"Low","Medium",0,9,63,"High",1,1,"Low","High","Public","Negative",4,0,"College","Far","Male",61,0
10,90,"High","Medium",1,7,80,"Low",1,0,"Medium","Medium","Public","Neutral",5,0,"High School","Near","Female",67,1
13,74,"High","High",1,5,88,"Low",1,3,"Low","Medium","Private","Neutral",3,1,"College","Near","Female",66,1
27,88,"Medium","Medium",1,7,90,"Medium",1,3,"Medium","Medium","Public","Positive",4,0,"Postgraduate","Moderate","Female",74,0
19,62,"High","Medium",1,9,94,"Medium",1,0,"High","Low","Public","Neutral",4,0,"Postgraduate","Near","Female",66,0
17,76,"High","Medium",1,4,58,"Medium",1,4,"Medium","Medium","Private","Neutral",2,0,"Postgraduate","Moderate","Female",67,0
21,88,"High","Low",1,7,69,"Medium",1,4,"Medium","Medium","Private","Neutral",3,0,"College","Near","Male",71,0
23,69,"High","Low",1,8,86,"High",1,0,"Medium","High","Public","Neutral",4,0,"College","Far","Male",66,0
27,92,"Medium","Medium",1,10,86,"High",1,0,"Low","Low","Private","Positive",3,0,"High School","Moderate","Male",71,0
29,85,"High","Medium",1,9,65,"High",0,4,"Low","Medium","Private","Neutral",4,0,"Postgraduate","Moderate","Male",72,0
18,84,"Medium","Medium",1,7,65,"Medium",1,2,"Medium","Medium","Public","Negative",3,0,"High School","Near","Female",66,0
12,74,"High","Low",1,8,66,"Low",1,1,"Low","Medium","Public","Positive",2,0,"High School","Near","Male",62,1
18,79,"High","Medium",1,4,95,"Low",1,1,"Low","High","Public","Negative",2,0,"High School","Moderate","Female",66,0
22,84,"Low","High",1,5,95,"Medium",1,2,"Low","High","Public","Neutral",3,0,"High School","Moderate","Male",69,0
14,79,"Medium","Medium",1,8,51,"Medium",1,0,"Medium","High","Public","Negative",4,0,"High School","Near","Male",64,1
14,88,"Medium","Medium",1,7,66,"Medium",1,4,"Medium","High","Public","Positive",3,0,"High School","Near","Female",69,0
22,77,"High","Low",1,7,70,"Medium",1,2,"Medium","Medium","Private","Positive",4,0,"Postgraduate","Near","Male",69,0
20,68,"High","Low",1,7,99,"High",1,0,"Low","Medium","Public","Positive",2,1,"College","Moderate","Female",64,0
20,69,"Medium","High",1,7,97,"Medium",1,3,"Medium","High","Public","Positive",3,1,"College","Near","Female",68,0
15,60,"Medium","Medium",1,7,81,"Low",1,4,"Low","High","Public","Positive",2,0,"High School","Near","Male",63,1
19,72,"High","Medium",1,5,52,"Low",1,1,"Low","Medium","Public","Positive",2,0,"High School","Near","Male",64,1
14,90,"Medium","High",1,7,60,"Medium",1,2,"Medium","Medium","Public","Neutral",4,0,"Postgraduate","Near","Male",69,0
25,92,"Low","High",0,5,72,"Medium",1,1,"Medium","Medium","Public","Positive",4,0,"High School","Near","Female",71,0
26,68,"Medium","High",0,6,98,"Low",1,2,"Medium","Medium","Private","Neutral",3,0,"College","Far","Female",67,0
9,98,"High","Medium",0,9,55,"Low",1,3,"Low","Medium","Public","Positive",2,0,"High School","Near","Male",67,1
14,80,"High","Low",1,7,90,"High",1,2,"Low","High","Public","Negative",2,0,"College","Far","Female",66,0
11,97,"Medium","High",1,8,60,"Medium",1,0,"Medium","Low","Private","Positive",3,0,"High School","Near","Male",67,0
16,88,"Low","High",0,7,75,"Low",1,2,"Medium","Medium","Public","Neutral",4,0,"Postgraduate","Near","Female",68,0
19,89,"Medium","Medium",1,6,88,"Low",1,1,"Medium","High","Public","Positive",2,0,"High School","Near","Female",69,0
11,63,"High","High",1,5,85,"High",0,0,"Low","High","Public","Positive",4,1,"High School","Moderate","Female",62,0
14,69,"Medium","Medium",1,6,89,"High",1,2,"High","High","Private","Positive",5,0,"High School","Moderate","Female",66,0
14,60,"Medium","Medium",1,7,91,"Medium",1,1,"Low","High","Private","Negative",3,0,"Postgraduate","Near","Male",63,1
21,89,"Low","Low",1,8,65,"Medium",1,2,"Low","Low","Public","Neutral",3,0,"College","Near","Female",67,0
20,74,"High","Medium",0,7,68,"High",1,3,"Medium","Medium","Public","Positive",4,0,"High School","Far","Male",68,0
16,91,"Medium","Low",0,8,91,"Low",1,2,"Medium","Medium","Public","Neutral",2,0,"High School","Far","Female",66,0
21,74,"Medium","Medium",1,5,52,"Medium",1,3,"Medium","Medium","Private","Positive",1,0,"High School","Near","Male",66,0
17,93,"High","Medium",0,8,76,"Low",1,0,"Low","Medium","Private","Negative",3,0,"High School","Moderate","Female",67,0
18,65,"High","Medium",1,5,96,"Medium",1,1,"High","Medium","Private","Neutral",2,0,"High School","Near","Female",66,0
30,67,"Medium","Medium",1,8,94,"Medium",1,1,"Medium","Medium","Public","Neutral",2,0,"College","Near","Female",69,0
28,74,"Medium","High",0,8,90,"High",1,2,"Medium","Medium","Public","Positive",3,0,"Postgraduate","Near","Male",72,0
12,76,"Medium","Low",1,4,51,"Medium",1,0,"Low","Medium","Private","Neutral",1,0,"High School","Near","Female",60,1
25,74,"Low","High",1,8,94,"High",1,0,"Low","Medium","Public","Positive",4,0,"High School","Moderate","Female",68,0
25,91,"Low","Medium",1,8,96,"Medium",1,3,"Medium","Medium","Public","Neutral",3,0,"High School","Near","Female",72,0
13,64,"Medium","High",1,9,83,"Low",1,1,"High","Medium","Public","Positive",4,0,"High School","Near","Male",64,1
25,74,"Low","Medium",1,6,65,"High",1,0,"High","Medium","Public","Neutral",1,0,"High School","Moderate","Male",65,0
29,93,"High","High",0,7,74,"Medium",1,3,"Medium","High","Private","Positive",3,0,"High School","Near","Male",76,0
13,63,"Low","Medium",0,8,88,"Medium",1,0,"Low","Medium","Private","Negative",2,0,"High School","Near","Male",59,1
14,98,"Medium","Medium",1,8,91,"Low",1,0,"Low","Medium","Public","Negative",4,0,"High School","Moderate","Male",67,0
26,99,"Medium","Medium",1,8,67,"Medium",1,4,"Medium","Medium","Private","Positive",4,1,"High School","Near","Male",73,0
22,64,"Medium","High",0,6,66,"Low",1,1,"Medium","Medium","Public","Neutral",4,0,"College","Near","Male",64,1
23,72,"Medium","High",0,8,87,"Low",1,3,"Medium","Low","Public","Neutral",3,0,"High School","Near","Male",67,0
22,75,"High","Medium",1,8,84,"Low",1,3,"High","Medium","Public","Negative",3,0,"College","Near","Male",69,0
22,91,"Medium","Low",1,7,76,"Medium",1,1,"Low","High","Public","Neutral",3,0,"College","Moderate","Female",69,0
12,84,"High","High",1,6,71,"Medium",0,2,"Medium","Medium","Public","Positive",3,0,"College","Moderate","Male",67,0
26,86,"Medium","High",1,6,83,"Medium",1,2,"Low","Medium","Public","Positive",4,0,"High School","Near","Male",72,0
27,90,"Low","Medium",0,9,52,"Low",0,2,"Low","High","Public","Positive",2,1,"College","Near","Male",86,0
19,65,"Medium","High",1,8,54,"Medium",1,0,"Low","High","Private","Neutral",3,0,"High School","Far","Female",62,1
20,93,"Medium","Low",0,7,79,"Medium",1,1,"Medium","Low","Public","Neutral",3,0,"Postgraduate","Near","Female",69,0
11,88,"High","High",1,7,61,"Low",1,2,"Medium","Medium","Public","Neutral",3,0,"Postgraduate","Near","Male",68,1
23,83,"High","High",1,4,89,"Low",1,1,"Medium","Medium","Public","Negative",3,0,"High School","Far","Male",99,0
23,96,"Low","Medium",1,7,89,"Medium",1,1,"Low","Medium","Private","Positive",3,0,"College","Far","Female",70,0
20,88,"Low","Medium",1,5,85,"Medium",1,2,"Medium","Medium","Public","Negative",3,0,"High School","Near","Male",68,0
27,68,"Medium","Medium",1,7,95,"Low",1,0,"Medium","Medium","Public","Positive",4,0,"High School","Near","Male",67,0
18,77,"High","Medium",1,9,57,"Low",1,1,"Low","High","Public","Negative",2,0,"Postgraduate","Near","Male",66,1
23,80,"Low","High",0,6,63,"Low",1,0,"High","Medium","Private","Positive",2,0,"High School","Near","Male",66,0
14,62,"Medium","High",1,7,63,"Medium",1,2,"Low","Medium","Public","Positive",2,0,"College","Moderate","Female",62,1
20,98,"Medium","Medium",1,8,89,"High",1,3,"High","Medium","Public","Negative",2,1,"College","Near","Male",72,0
19,65,"Medium","High",1,7,76,"Medium",0,0,"Medium","Medium","Public","Neutral",3,0,"Postgraduate","Near","Female",64,0
21,88,"Medium","Medium",1,6,63,"Low",1,1,"Medium","Medium","Public","Neutral",3,0,"High School","Near","Female",68,0
18,80,"Medium","High",1,7,57,"Medium",1,2,"Low","Low","Public","Positive",3,0,"Postgraduate","Far","Female",66,0
19,61,"Medium","High",1,8,95,"High",1,4,"Medium","Medium","Private","Positive",3,0,"College","Near","Male",68,0
25,97,"Low","High",1,7,85,"High",1,3,"High","Medium","Public","Neutral",1,0,"Postgraduate","Near","Male",75,0
17,94,"Low","Low",0,7,76,"High",1,3,"Low","High","Public","Neutral",3,1,"College","Far","Male",67,0
10,81,"Low","Medium",1,9,98,"Medium",1,2,"Low","Medium","Public","Neutral",2,0,"College","Near","Male",65,0
30,69,"Medium","Medium",0,8,92,"Medium",1,2,"Medium","Low","Public","Neutral",3,0,"High School","Near","Female",68,0
28,65,"Medium","Medium",1,5,59,"High",1,2,"Low","Medium","Private","Neutral",5,0,"High School","Near","Male",67,0
12,75,"Medium","Medium",1,8,75,"High",1,1,"Low","Medium","Private","Negative",2,0,"College","Near","Female",63,0
24,70,"Medium","High",1,8,74,"Low",1,2,"Medium","High","Public","Negative",3,0,"High School","Near","Male",67,0
17,80,"Medium","Medium",1,5,92,"Medium",1,0,"Low","Medium","Private","Negative",4,0,"Postgraduate","Near","Female",67,0
22,99,"Medium","Medium",1,4,57,"High",1,2,"Medium","High","Public","Positive",3,0,"College","Near","Female",73,0
22,83,"Medium","Medium",1,5,73,"High",0,0,"Low","Medium","Public","Positive",3,0,"High School","Near","Male",67,0
19,96,"Medium","Medium",0,7,82,"Medium",1,1,"High","Medium","Public","Neutral",4,0,"Postgraduate","Near","Male",71,0
15,86,"Low","Medium",0,9,97,"Medium",1,2,"Medium","Medium","Public","Negative",4,0,"High School","Near","Male",67,0
16,79,"High","Low",1,6,95,"Medium",1,0,"High","Medium","Public","Neutral",5,0,"College","Near","Male",68,0
15,94,"Low","Low",1,8,77,"Medium",1,1,"High","High","Private","Positive",1,0,"College","Near","Male",68,0
15,79,"High","Medium",1,4,80,"Medium",1,1,"High","Medium","Private","Negative",4,0,"High School","Far","Male",66,0
20,95,"High","Low",1,7,93,"Low",0,0,"Low","High","Public","Neutral",2,0,"High School","Near","Male",68,0
16,72,"Medium","Low",0,6,87,"Medium",0,2,"Medium","Low","Private","Positive",4,0,"High School","Near","Female",63,0
24,65,"High","High",0,10,94,"Medium",1,2,"Medium","Medium","Public","Neutral",2,0,"Postgraduate","Moderate","Male",68,0
29,94,"Low","High",1,4,95,"Medium",1,1,"Medium","Medium","Public","Positive",5,0,"High School","Near","Male",74,0
17,83,"Low","Medium",1,7,92,"Low",1,3,"Low","Medium","Public","Neutral",2,1,"High School","Moderate","Male",65,0
21,96,"Medium","Medium",1,4,50,"Medium",1,1,"Low","Low","Private","Positive",2,0,"Postgraduate","Moderate","Male",69,0
23,98,"Medium","High",0,6,66,"Medium",1,1,"Low","Medium","Public","Neutral",1,0,"High School","Moderate","Male",70,0
23,62,"Medium","Low",1,4,70,"High",1,3,"Medium","High","Public","Positive",2,0,"College","Moderate","Female",65,0
20,80,"Medium","Medium",0,10,84,"Medium",1,1,"Medium","Medium","Public","Positive",4,0,"College","Near","Male",68,0
24,75,"Low","Medium",0,6,65,"Medium",0,0,"Medium","Medium","Public","Positive",5,0,"College","Moderate","Male",65,0
23,85,"Medium","High",0,7,66,"Low",0,0,"High","High","Public","Neutral",2,0,"College","Near","Male",68,0
13,92,"Medium","High",1,7,70,"Low",1,4,"Low","Medium","Public","Neutral",3,0,"High School","Near","Male",68,1
25,71,"Medium","Medium",1,5,98,"Low",1,0,"Low","Medium","Public","Positive",1,0,"Postgraduate","Far","Male",66,0
25,82,"High","Medium",0,9,72,"High",1,0,"High","Medium","Public","Positive",0,0,"College","Near","Female",70,0
15,88,"Medium","Medium",0,8,57,"Medium",1,1,"High","Medium","Private","Positive",2,0,"High School","Far","Male",66,0
20,65,"Medium","High",1,8,50,"Medium",1,0,"Low","Medium","Public","Positive",5,0,"High School","Near","Male",64,1
24,93,"Medium","High",0,5,62,"Medium",1,1,"Low","Medium","Public","Neutral",1,0,"College","Near","Female",70,0
19,84,"High","Medium",0,9,97,"Low",1,1,"High","Medium","Public","Negative",3,1,"High School","Near","Male",68,0
26,98,"Low","High",1,9,98,"Low",1,4,"Low","Low","Public","Positive",2,0,"College","Moderate","Male",74,0
34,74,"High","Low",1,7,76,"Medium",1,2,"Low","High","Public","Positive",2,0,"College","Near","Female",71,0
15,64,"Medium","Medium",1,8,82,"Low",1,0,"Low","Medium","Public","Negative",3,0,"High School","Near","Male",61,1
12,80,"Medium","Low",0,7,90,"Medium",1,3,"Low","Medium","Public","Neutral",3,0,"High School","Near","Female",64,0
22,63,"High","Low",0,5,53,"High",1,2,"High","Medium","Public","Neutral",1,0,"Postgraduate","Moderate","Male",64,0
24,99,"High","Medium",1,7,69,"Medium",1,0,"Medium","Medium","Private","Positive",3,0,"High School","Near","Male",73,0
19,62,"Medium","High",1,6,82,"Medium",1,0,"Low","High","Public","Negative",3,1,"College","Moderate","Male",62,0
29,90,"Low","Medium",1,7,95,"Medium",1,0,"High","High","Public","Neutral",2,1,"High School","Near","Male",71,0
12,81,"High","Medium",1,9,86,"Medium",1,2,"Medium","High","Public","Negative",2,0,"Postgraduate","Near","Male",68,0
24,75,"Medium","Low",1,5,68,"High",1,2,"Medium","Medium","Public","Neutral",2,0,"Postgraduate","Near","Male",67,0
16,63,"Medium","Medium",0,6,95,"High",1,1,"Medium","Medium","Public","Negative",4,0,"College","Far","Female",63,0
30,85,"Low","Medium",0,6,83,"Medium",1,2,"Medium","Medium","Public","Positive",3,0,"College","Near","Female",71,0
32,83,"Medium","Medium",1,6,92,"Low",1,1,"High","Medium","Public","Neutral",3,0,"High School","Near","Male",72,0
15,71,"High","Medium",0,6,69,"High",0,3,"Medium","High","Public","Positive",3,0,"Postgraduate","Moderate","Female",66,0
17,96,"Medium","Medium",1,7,50,"Low",1,1,"Medium","Medium","Private","Negative",4,0,"High School","Near","Female",67,0
25,72,"High","Medium",1,8,58,"Medium",1,0,"Low","Medium","Public","Negative",4,0,"College","Moderate","Female",66,0
18,78,"Low","Medium",0,8,96,"Medium",1,4,"High","Medium","Public","Positive",4,1,"College","Near","Male",68,0
20,82,"Low","Low",1,7,52,"Low",1,0,"Medium","Medium","Private","Neutral",3,0,"College","Near","Female",64,1
20,64,"Medium","Medium",1,8,80,"High",1,1,"Medium","Medium","Private","Positive",3,0,"High School","Near","Male",65,0
8,97,"High","Medium",1,10,70,"High",1,0,"Low","Low","Public","Neutral",1,0,"High School","Near","Male",66,0
20,75,"High","High",1,7,71,"High",1,1,"Medium","High","Public","Positive",4,0,"College","Moderate","Male",69,0
16,63,"High","High",0,9,70,"Low",1,2,"Medium","High","Private","Negative",5,0,"College","Moderate","Female",64,1
17,75,"Low","High",1,8,53,"Medium",1,1,"Low","High","Public","Positive",3,0,"College","Near","Female",65,0
29,84,"High","Medium",1,10,56,"High",1,3,"Low","High","Public","Neutral",4,0,"Postgraduate","Far","Female",72,0
12,81,"High","Medium",0,8,53,"Low",1,1,"Medium","High","Private","Positive",3,0,"College","Near","Male",65,1
25,88,"Low","High",1,6,53,"Medium",1,2,"Medium","High","Public","Negative",4,0,"College","Near","Female",70,0
18,62,"Medium","Medium",1,7,54,"Medium",1,2,"Medium","High","Private","Positive",3,0,"Postgraduate","Moderate","Male",64,1
18,71,"Medium","Low",1,7,85,"Low",1,1,"Low","Low","Public","Neutral",2,0,"High School","Moderate","Male",62,1
25,93,"Medium","High",0,8,56,"High",1,0,"Low","Low","Private","Neutral",3,0,"High School","Near","Male",69,0
22,63,"High","Low",0,6,63,"Low",1,1,"Medium","Low","Public","Negative",2,0,"Postgraduate","Moderate","Male",62,1
23,94,"Low","Low",1,9,83,"Medium",1,2,"Low","Medium","Private","Positive",2,0,"High School","Near","Female",69,0
26,64,"Medium","High",0,7,56,"Medium",1,3,"Medium","Medium","Public","Positive",3,0,"High School","Near","Male",66,0
18,93,"Medium","High",1,8,96,"Medium",1,2,"Medium","Low","Public","Positive",2,0,"High School","Moderate","Female",71,0
16,74,"Medium","High",1,7,74,"Low",1,4,"Low","Low","Private","Positive",3,0,"High School","Near","Male",66,1
13,84,"High","Medium",0,7,98,"Medium",0,0,"Low","Low","Public","Neutral",4,1,"High School","Near","Male",64,0
15,66,"Medium","High",1,7,60,"High",1,2,"High","Medium","Private","Negative",3,0,"High School","Moderate","Female",63,0
38,63,"Medium","High",0,8,52,"High",1,1,"Medium","Medium","Private","Positive",3,0,"College","Moderate","Male",69,0
27,69,"High","High",1,10,80,"Medium",0,1,"Medium","High","Public","Positive",4,1,"High School","Near","Female",68,0
12,65,"High","High",1,4,66,"Medium",1,0,"Medium","High","Public","Neutral",2,0,"High School","Near","Female",63,1
12,72,"Medium","Medium",1,8,79,"High",1,1,"High","Medium","Public","Positive",3,0,"College","Far","Male",64,0
23,81,"Medium","Low",1,7,74,"Medium",1,0,"Low","Medium","Public","Neutral",0,0,"Postgraduate","Near","Female",66,0
23,84,"Medium","High",1,7,73,"Medium",1,1,"High","Medium","Public","Positive",4,0,"High School","Near","Male",71,0
23,92,"High","Medium",1,4,93,"High",1,0,"High","Medium","Public","Negative",4,0,"High School","Near","Female",72,0
18,86,"High","Medium",0,8,60,"Medium",1,2,"Low","High","Private","Neutral",1,0,"College","Near","Male",88,0
19,84,"Medium","High",1,7,75,"Low",1,1,"Low","Medium","Public","Negative",2,0,"College","Far","Male",66,0
22,76,"Medium","Medium",1,6,71,"Medium",1,0,"Low","High","Private","Neutral",2,0,"High School","Moderate","Male",65,0
21,79,"Low","Medium",1,7,84,"Low",1,2,"Medium","Medium","Private","Neutral",3,0,"High School","Near","Male",66,0
7,77,"Low","Medium",1,7,53,"High",1,4,"Low","Medium","Private","Positive",2,0,"College","Moderate","Female",62,0
19,94,"Medium","Low",0,4,76,"Medium",1,4,"Low","High","Private","Negative",3,0,"High School","Moderate","Female",68,0
15,69,"Medium","Medium",1,7,74,"High",1,2,"Low","Medium","Private","Neutral",5,0,"Postgraduate","Near","Female",65,0
21,60,"Low","High",0,8,99,"Low",1,0,"Low","Low","Private","Positive",3,0,"High School","Near","Male",62,1
38,86,"High","Medium",0,6,88,"High",1,1,"Low","High","Public","Negative",4,0,"High School","Moderate","Female",74,0
22,68,"Medium","Low",1,7,58,"Medium",1,0,"Medium","Medium","Public","Neutral",3,0,"Postgraduate","Near","Male",64,0
18,96,"High","High",0,7,75,"High",1,2,"Medium","High","Public","Negative",2,0,"High School","Near","Male",72,0
26,94,"Medium","Medium",0,9,89,"Medium",1,0,"Low","Medium","Public","Neutral",3,1,"High School","Near","Female",70,0
23,63,"High","Medium",0,7,76,"Medium",1,2,"Medium","High","Public","Positive",1,0,"High School","Far","Male",65,0
23,64,"Medium","High",1,8,68,"Low",1,3,"Low","High","Public","Neutral",3,0,"High School","Near","Female",66,1
24,80,"Medium","Medium",1,7,69,"Low",1,0,"Medium","High","Private","Positive",3,0,"College","Far","Male",67,0
32,84,"Medium","High",1,10,68,"Medium",1,1,"Low","Medium","Public","Positive",5,0,"High School","Near","Male",73,0
13,71,"Medium","High",1,6,51,"Low",1,4,"High","Medium","Public","Positive",4,0,"College","Moderate","Female",65,1
23,89,"High","High",0,6,87,"Medium",1,4,"Medium","High","Private","Neutral",3,0,"College","Near","Female",74,0
14,84,"Medium","Medium",0,7,81,"Medium",1,0,"High","Medium","Public","Neutral",2,0,"College","Near","Female",66,0
23,73,"Medium","Medium",0,6,63,"Medium",1,1,"High","Medium","Public","Positive",3,0,"High School","Near","Male",67,0
14,61,"Medium","Medium",0,5,82,"Low",0,0,"Low","Medium","Public","Neutral",0,0,"High School","Near","Female",58,1
17,90,"High","High",0,8,65,"Medium",1,2,"Low","High","Public","Positive",3,0,"Postgraduate","Moderate","Male",71,0
18,69,"Low","High",1,4,62,"High",1,1,"Medium","Low","Public","Neutral",3,0,"High School","Moderate","Male",63,0
26,93,"Low","High",0,6,87,"Medium",1,1,"Medium","High","Public","Positive",3,0,"College","Near","Female",73,0
26,77,"High","Medium",1,5,90,"Medium",1,1,"Medium","Medium","Private","Neutral",2,0,"High School","Far","Female",68,0
13,83,"Low","Medium",1,7,81,"Medium",1,4,"Low","Medium","Public","Negative",5,0,"College","Near","Female",66,0
20,95,"Low","Medium",0,4,89,"Medium",1,3,"Low","Medium","Public","Negative",3,1,"High School","Near","Male",68,0
16,95,"Medium","Low",0,8,68,"Low",0,2,"Medium","High","Public","Neutral",4,0,"High School","Near","Female",66,0
12,75,"Medium","High",0,8,54,"Low",1,1,"Medium","High","Public","Negative",3,0,"High School","Near","Female",62,1
19,68,"Medium","Medium",1,5,80,"Medium",1,0,"Medium","Medium","Public","Neutral",3,1,"High School","Moderate","Male",78,0
18,91,"Medium","Medium",0,7,63,"Medium",1,1,"Medium","Medium","Public","Negative",4,0,"College","Near","Male",68,0
35,77,"High","High",1,8,89,"Medium",1,5,"High","Medium","Public","Positive",4,0,"College","Near","Female",77,0
23,68,"High","Low",1,8,68,"Medium",1,1,"Medium","Medium","Public","Neutral",2,0,"College","Near","Male",65,0
12,96,"High","High",1,5,84,"Low",1,3,"High","Medium","Public","Positive",4,0,"Postgraduate","Near","Female",73,0
17,68,"Medium","Low",1,5,78,"Medium",1,4,"Low","Low","Public","Positive",2,0,"College","Near","Male",64,0
26,61,"Low","High",1,9,91,"Medium",0,0,"High","High","Private","Positive",4,0,"College","Near","Female",67,0
33,61,"High","Medium",0,6,92,"Medium",1,1,"Medium","Medium","Public","Positive",4,0,"High School","Near","Female",69,0
10,85,"Low","Low",1,6,53,"High",1,1,"Low","Medium","Private","Neutral",3,1,"High School","Moderate","Male",60,0
9,86,"High","Medium",0,8,65,"High",1,0,"Medium","Medium","Public","Positive",3,0,"College","Near","Female",66,0
31,72,"Low","High",1,5,94,"High",1,2,"Low","Low","Public","Positive",2,0,"High School","Near","Male",70,0
22,73,"High","Medium",1,7,70,"Low",0,2,"Low","Medium","Public","Positive",3,0,"College","Near","Male",66,1
15,74,"High","Medium",1,8,76,"Medium",1,1,"Medium","Low","Public","Neutral",4,0,"High School","Far","Male",64,0
23,87,"Medium","High",0,5,59,"Medium",1,1,"High","Low","Public","Neutral",4,0,"College","Near","Male",70,0
4,62,"Medium","Medium",0,6,78,"High",1,3,"High","Medium","Public","Neutral",2,0,"High School","Far","Female",58,1
20,97,"Medium","High",1,5,63,"Medium",1,0,"Low","Medium","Public","Negative",3,0,"College","Far","Female",69,0
22,69,"Medium","Medium",1,6,91,"Low",1,0,"High","High","Private","Neutral",1,1,"High School","Moderate","Male",64,1
26,100,"Low","Medium",0,9,60,"Medium",1,2,"Medium","Medium","Public","Positive",4,0,"High School","Near","Male",72,0
14,67,"Medium","Medium",1,9,68,"Low",1,1,"Low","Medium","Public","Neutral",3,1,"High School","Near","Male",60,1
21,91,"Medium","Medium",1,7,55,"High",1,2,"High","Medium","Private","Neutral",3,0,"High School","Near","Female",70,0
14,69,"Medium","Low",1,8,79,"Medium",1,1,"High","Medium","Public","Negative",1,0,"Postgraduate","Moderate","Female",62,1
22,63,"Medium","Medium",1,8,97,"Medium",1,1,"High","High","Public","Neutral",3,0,"High School","Moderate","Female",66,0
15,95,"Medium","Medium",1,6,59,"Low",1,0,"Medium","Medium","Private","Positive",5,0,"High School","Far","Female",66,1
18,94,"Low","Medium",1,7,51,"Medium",1,1,"Low","Medium","Public","Neutral",3,1,"College","Moderate","Male",65,0
14,76,"High","Medium",1,5,71,"Medium",1,1,"Low","Medium","Public","Negative",3,0,"High School","Near","Male",64,0
24,88,"High","Medium",1,6,87,"Medium",1,1,"High","Low","Private","Positive",3,0,"High School","Near","Female",72,0
25,82,"Medium","Medium",1,7,99,"High",1,3,"Low","High","Public","Neutral",2,0,"High School","Near","Female",71,0
19,94,"Low","High",0,5,53,"Medium",1,1,"Medium","Medium","Public","Neutral",3,0,"High School","Near","Female",68,0
20,73,"High","Medium",1,5,89,"Medium",1,2,"Medium","High","Public","Positive",5,1,"High School","Moderate","Female",68,0
11,81,"Low","Medium",1,6,68,"High",1,2,"High","Medium","Private","Negative",3,0,"Postgraduate","Far","Female",64,0
18,79,"Low","Medium",1,9,58,"Medium",1,3,"Medium","High","Public","Negative",3,0,"High School","Near","Female",65,0
20,74,"Medium","High",1,9,60,"Medium",0,1,"Low","Medium","Public","Positive",3,0,"High School","Moderate","Female",64,0
36,96,"Medium","Low",0,7,96,"Medium",1,1,"Low","High","Public","Positive",3,0,"College","Moderate","Female",75,0
13,67,"Low","Medium",1,8,90,"Medium",1,2,"Low","Medium","Private","Negative",2,0,"High School","Near","Male",61,1
29,66,"High","High",0,6,66,"Medium",1,0,"Medium","Medium","Private","Negative",3,0,"Postgraduate","Near","Male",68,0
26,83,"Medium","Medium",0,4,97,"Low",1,2,"Low","High","Public","Negative",4,0,"College","Moderate","Male",70,0
22,86,"High","Medium",0,6,55,"Medium",1,5,"High","Low","Private","Negative",3,0,"Postgraduate","Near","Female",71,0
31,68,"Low","High",1,7,66,"Low",1,0,"Low","Medium","Public","Positive",3,0,"High School","Near","Male",66,0
22,76,"High","Low",1,7,83,"Low",1,0,"Low","Medium","Public","Positive",1,0,"College","Near","Male",66,0
22,98,"Medium","Medium",1,7,100,"Low",1,0,"Low","Medium","Public","Neutral",3,0,"High School","Far","Male",70,0
20,70,"Low","Medium",0,7,73,"Medium",1,0,"Low","Medium","Public","Negative",5,0,"High School","Near","Female",62,0
27,87,"High","Low",1,6,91,"Low",1,4,"High","Medium","Public","Neutral",4,0,"High School","Moderate","Male",72,0
27,90,"High","Medium",0,8,96,"High",1,0,"Medium","Medium","Public","Negative",4,0,"High School","Moderate","Male",72,0
16,78,"Low","Medium",1,5,50,"Medium",1,2,"Low","Medium","Private","Positive",2,0,"College","Moderate","Male",63,1
12,98,"High","Low",1,8,64,"Medium",0,5,"Low","Medium","Public","Neutral",5,0,"College","Near","Female",69,0
19,89,"Medium","Medium",1,6,55,"Medium",1,0,"Medium","High","Public","Positive",2,0,"Postgraduate","Moderate","Male",68,0
15,78,"High","High",1,10,89,"Low",1,0,"Medium","Medium","Public","Neutral",3,0,"High School","Near","Male",67,1
20,83,"High","High",1,7,78,"High",1,3,"Low","Medium","Private","Neutral",2,0,"College","Near","Female",71,0
27,88,"Low","Medium",1,6,55,"Low",0,2,"Low","Medium","Public","Positive",5,0,"High School","Far","Male",67,0
17,84,"Low","Low",1,6,71,"Low",1,0,"Medium","Medium","Private","Negative",4,1,"High School","Near","Male",62,1
20,95,"Medium","Medium",0,6,76,"Medium",1,0,"Low","High","Private","Positive",4,0,"High School","Moderate","Female",69,0
20,74,"High","Medium",1,8,85,"Medium",1,2,"Low","Medium","Public","Positive",0,0,"High School","Near","Male",67,0
25,72,"Medium","High",1,7,89,"Medium",1,2,"Low","High","Public","Positive",3,0,"Postgraduate","Near","Female",71,0
7,69,"Medium","High",1,8,54,"High",1,1,"Medium","High","Public","Positive",2,0,"High School","Far","Male",87,0
16,62,"Low","Medium",0,8,74,"Medium",1,2,"High","High","Private","Neutral",3,0,"High School","Moderate","Male",62,1
21,62,"High","Low",1,7,58,"Medium",1,2,"Low","High","Public","Positive",1,0,"College","Near","Female",64,1
27,95,"Medium","High",0,8,88,"High",1,3,"Medium","Medium","Private","Positive",2,0,"High School","Far","Female",74,0
17,87,"High","High",1,9,83,"Medium",1,0,"Low","High","Public","Neutral",2,0,"College","Moderate","Male",69,0
9,86,"High","Medium",0,8,86,"Medium",1,1,"Low","High","Public","Neutral",1,0,"High School","Near","Male",65,0
24,85,"Low","Medium",1,7,54,"Medium",0,2,"Medium","Low","Public","Neutral",3,0,"College","Moderate","Female",66,0
16,94,"Medium","Medium",1,8,76,"Low",1,3,"Medium","Medium","Public","Negative",4,0,"Postgraduate","Near","Female",70,0
13,79,"High","High",0,5,92,"Medium",1,3,"Medium","Medium","Public","Neutral",3,0,"High School","Near","Male",68,0
16,95,"Low","Low",0,10,86,"Medium",1,4,"High","Medium","Public","Positive",2,0,"College","Near","Female",70,0
19,74,"High","High",0,8,93,"High",1,1,"Medium","Medium","Public","Negative",3,0,"High School","Near","Male",68,0
16,97,"High","Low",1,8,60,"Medium",1,0,"Low","High","Public","Positive",3,0,"High School","Near","Male",69,0
7,88,"Medium","High",1,7,64,"Low",1,2,"Medium","High","Public","Neutral",4,0,"Postgraduate","Moderate","Male",66,1
25,70,"Medium","Medium",1,4,72,"Medium",1,0,"Low","Low","Public","Neutral",4,0,"College","Moderate","Male",65,0
28,83,"Medium","Medium",1,7,76,"Medium",1,1,"Medium","Medium","Public","Positive",3,0,"College","Near","Male",71,0
24,81,"Medium","Low",1,7,63,"Medium",1,1,"Low","Medium","Public","Positive",3,0,"High School","Moderate","Male",66,0
13,66,"Low","Medium",1,6,69,"Low",1,2,"Low","Medium","Private","Positive",4,0,"High School","Near","Male",61,1
19,84,"Medium","Medium",1,6,84,"Medium",1,3,"Medium","High","Public","Neutral",2,0,"Postgraduate","Moderate","Male",69,0
20,73,"Medium","Medium",0,6,82,"Low",1,1,"Medium","High","Private","Negative",3,0,"College","Near","Male",65,1
24,62,"Medium","Medium",1,8,56,"Medium",1,0,"Medium","Medium","Private","Positive",2,0,"College","Moderate","Male",63,0
24,98,"Medium","Low",1,9,99,"High",1,2,"Low","High","Public","Neutral",2,0,"Postgraduate","Far","Female",73,0
16,86,"High","Medium",1,7,78,"Low",1,1,"Low","Medium","Private","Positive",4,0,"Postgraduate","Moderate","Male",68,0
20,95,"Medium","Medium",1,6,74,"Medium",1,1,"High","Low","Public","Positive",4,0,"High School","Far","Female",70,0
23,87,"Medium","Medium",1,6,98,"Medium",1,3,"Medium","Medium","Public","Neutral",3,0,"College","Near","Male",72,0
29,74,"High","Medium",1,7,57,"Medium",0,3,"Medium","Medium","Private","Positive",2,0,"High School","Moderate","Male",68,0
24,81,"Medium","Medium",0,7,77,"Medium",1,0,"High","Medium","Private","Positive",3,0,"High School","Near","Male",68,0
25,87,"High","Medium",1,8,90,"Medium",1,1,"Low","Medium","Public","Negative",4,0,"High School","Near","Female",71,0
21,98,"Low","Low",1,6,70,"Medium",1,1,"Medium","Medium","Public","Positive",3,0,"High School","Moderate","Male",68,0
28,70,"High","Low",1,8,87,"High",1,3,"Low","Medium","Public","Neutral",3,0,"Postgraduate","Moderate","Male",70,0
22,95,"Medium","Low",1,8,95,"Medium",0,2,"Low","High","Private","Neutral",4,0,"High School","Near","Female",70,0
15,97,"High","Medium",1,6,63,"Low",1,2,"Medium","Medium","Public","Neutral",3,0,"High School","Near","Female",69,0
28,87,"High","Medium",1,4,62,"High",1,2,"Low","High","Public","Positive",4,0,"High School","Near","Female",73,0
24,97,"Medium","Medium",1,6,68,"Low",1,1,"Medium","High","Public","Neutral",4,0,"College","Near","Male",72,0
17,76,"Medium","High",0,9,71,"Medium",1,0,"Medium","High","Public","Neutral",3,0,"Postgraduate","Near","Male",67,0
17,98,"High","Medium",0,4,56,"Medium",1,2,"Low","Low","Private","Positive",3,0,"High School","Near","Female",69,0
22,88,"Low","Medium",1,9,62,"Medium",1,1,"High","Medium","Private","Negative",3,0,"College","Near","Male",68,0
23,62,"High","Low",0,4,94,"Medium",1,0,"Medium","Low","Private","Positive",3,0,"Postgraduate","Far","Female",64,0
21,96,"Low","High",1,6,78,"Low",1,2,"Medium","High","Private","Neutral",3,0,"High School","Moderate","Female",71,0
22,79,"High","Medium",1,6,63,"Medium",1,1,"Medium","High","Public","Neutral",4,0,"High School","Near","Female",68,0
30,78,"Medium","High",1,10,97,"Medium",1,1,"Low","Low","Private","Positive",2,0,"High School","Far","Male",70,0
26,83,"Medium","High",1,7,89,"Medium",1,3,"Low","Medium","Private","Positive",3,0,"High School","Moderate","Male",72,0
21,66,"Low","High",1,7,68,"High",1,2,"Low","Medium","Public","Positive",1,0,"High School","Near","Female",65,0
26,79,"Medium","High",0,6,88,"Medium",1,1,"Low","High","Public","Positive",3,1,"College","Near","Male",70,0
14,93,"Medium","Medium",0,8,80,"Low",1,2,"Low","Medium","Private","Positive",4,0,"Postgraduate","Near","Male",69,0
22,61,"Medium","Medium",0,6,84,"Low",1,0,"Medium","Medium","Public","Positive",2,0,"Postgraduate","Near","Male",64,1
31,71,"Low","High",1,7,66,"Medium",1,3,"Low","Medium","Private","Negative",1,0,"High School","Near","Male",67,0
19,60,"High","High",1,6,60,"High",1,1,"Low","Medium","Public","Positive",2,0,"College","Near","Male",65,0
15,77,"Low","Medium",1,8,63,"Medium",1,0,"Medium","Medium","Public","Neutral",1,0,"High School","Near","Female",62,1
16,89,"High","Medium",0,8,54,"Medium",1,2,"Low","High","Private","Positive",2,0,"College","Moderate","Male",68,0
13,92,"Medium","High",0,6,74,"High",1,2,"Low","Medium","Private","Neutral",2,0,"College","Near","Male",68,0
15,98,"Medium","Medium",0,6,70,"Low",1,1,"Medium","High","Private","Positive",3,0,"High School","Moderate","Male",68,0
18,84,"Medium","Low",1,6,50,"Medium",1,4,"High","High","Private","Negative",3,0,"Postgraduate","Near","Male",68,0
12,70,"Medium","Medium",1,7,93,"Medium",1,1,"Low","High","Public","Neutral",4,0,"High School","Far","Female",62,1
20,97,"Medium","Low",1,8,84,"Low",1,4,"Medium","Medium","Public","Positive",5,0,"High School","Near","Female",72,0
25,91,"Low","Medium",0,7,72,"Medium",1,1,"Medium","High","Private","Neutral",3,0,"College","Far","Male",69,0
15,83,"Medium","High",0,4,98,"Low",1,3,"Low","High","Public","Positive",3,0,"High School","Moderate","Female",68,0
29,88,"Low","Medium",1,8,97,"Medium",1,4,"Low","High","Public","Negative",3,1,"College","Moderate","Male",71,0
23,97,"Low","High",1,5,55,"Medium",1,0,"Medium","Low","Public","Neutral",3,0,"High School","Moderate","Female",69,0
26,88,"Low","High",0,6,81,"Medium",1,1,"High","Medium","Public","Positive",2,0,"High School","Near","Male",71,0
16,75,"Medium","High",1,7,91,"Low",1,2,"Low","Low","Public","Positive",5,0,"High School","Far","Male",65,1
25,89,"Medium","High",0,7,59,"Medium",1,1,"Low","Medium","Public","Neutral",4,1,"High School","Near","Male",68,0
13,62,"Medium","Medium",1,8,56,"Low",1,1,"Low","High","Public","Positive",4,1,"High School","Near","Female",60,1
25,75,"Medium","Medium",1,6,63,"Low",1,3,"High","Medium","Private","Neutral",4,0,"High School","Near","Male",68,0
21,76,"Low","High",0,6,64,"Medium",1,1,"Medium","Medium","Public","Neutral",4,0,"High School","Near","Female",66,0
23,67,"Medium","Medium",0,7,98,"Low",1,4,"Low","Medium","Private","Neutral",3,0,"High School","Moderate","Male",66,0
13,61,"Medium","Medium",1,8,89,"Low",1,4,"Low","Medium","Private","Neutral",4,0,"High School","Far","Female",62,1
15,65,"Medium","Medium",0,8,53,"Medium",1,2,"Low","Medium","Public","Negative",3,0,"College","Near","Male",61,1
24,86,"High","Medium",0,7,89,"Low",1,2,"Low","Medium","Public","Negative",3,0,"Postgraduate","Far","Female",69,0
14,92,"Medium","High",1,9,58,"High",1,1,"High","Low","Public","Positive",2,0,"High School","Near","Male",69,0
23,100,"Medium","Medium",1,9,68,"Medium",1,4,"High","High","Private","Negative",3,0,"Postgraduate","Near","Male",74,0
12,74,"Medium","High",1,8,66,"Low",1,1,"Low","Medium","Public","Negative",4,0,"High School","Near","Female",62,1
25,84,"Medium","Medium",1,5,64,"Medium",1,0,"Low","Medium","Public","Negative",3,0,"College","Moderate","Female",67,0
13,97,"High","Medium",0,8,65,"High",1,1,"Low","Medium","Private","Positive",2,0,"High School","Near","Female",69,0
23,67,"High","Low",1,7,88,"Medium",1,1,"Low","Medium","Private","Positive",4,0,"High School","Near","Male",66,0
24,89,"Medium","High",1,6,63,"Medium",1,2,"High","Medium","Private","Positive",3,0,"College","Near","Male",72,0
16,90,"High","Low",0,6,90,"Medium",1,2,"High","Medium","Public","Neutral",3,0,"High School","Near","Male",69,0
23,64,"Medium","High",1,7,55,"Medium",1,0,"Medium","Medium","Public","Positive",4,0,"High School","Moderate","Male",65,0
22,94,"Medium","High",0,6,80,"Low",1,0,"High","Medium","Private","Positive",2,0,"Postgraduate","Near","Male",72,0
17,93,"Low","Medium",1,7,93,"Low",1,2,"Medium","Medium","Private","Positive",4,0,"High School","Near","Male",69,0
14,61,"Medium","High",0,7,54,"Medium",1,3,"Low","Medium","Public","Positive",2,1,"High School","Near","Female",60,1
8,64,"High","Medium",0,7,82,"High",1,0,"High","Medium","Public","Neutral",1,1,"Postgraduate","Near","Female",61,0
22,62,"High","Low",0,8,76,"Medium",1,1,"Medium","Low","Public","Neutral",3,0,"High School","Near","Male",63,0
11,73,"Medium","Medium",0,7,67,"Medium",0,3,"Medium","High","Private","Positive",5,1,"Postgraduate","Near","Male",63,1
21,80,"Medium","Medium",1,6,55,"High",1,1,"High","High","Public","Negative",3,0,"Postgraduate","Moderate","Male",68,0
18,81,"Medium","Medium",1,4,84,"Low",1,1,"Medium","Medium","Private","Positive",4,0,"College","Near","Female",68,0
24,71,"High","Medium",0,8,65,"Medium",1,1,"Low","Medium","Private","Negative",2,0,"High School","Near","Male",65,0
18,96,"Medium","High",0,7,67,"Medium",1,1,"High","Medium","Public","Positive",2,0,"High School","Near","Female",71,0
18,75,"Medium","Medium",1,7,86,"Low",1,1,"Low","Medium","Private","Negative",3,0,"High School","Near","Male",64,1
24,62,"Medium","Medium",0,9,97,"Medium",1,1,"Medium","Medium","Private","Negative",2,0,"Postgraduate","Near","Male",65,0
22,72,"High","Medium",1,5,67,"Low",1,2,"Medium","Medium","Public","Neutral",4,0,"College","Near","Female",67,1
22,81,"High","Medium",0,7,87,"Low",1,0,"Low","Medium","Public","Neutral",2,0,"High School","Near","Female",67,0
23,76,"Low","Medium",1,6,98,"Medium",1,1,"Low","High","Public","Neutral",3,0,"College","Moderate","Male",67,0
11,71,"Low","Medium",1,8,55,"Medium",1,1,"Low","Medium","Public","Negative",3,0,"College","Near","Female",87,0
25,65,"High","High",1,4,76,"High",1,1,"High","Medium","Private","Neutral",1,0,"High School","Moderate","Female",67,0
24,93,"High","Medium",1,8,51,"High",1,4,"Medium","Medium","Private","Positive",2,1,"High School","Near","Male",72,0
14,100,"Medium","Low",1,8,91,"High",1,0,"Low","High","Public","Neutral",3,0,"High School","Near","Female",69,0
19,73,"Medium","Medium",1,6,64,"Low",1,1,"High","Medium","Public","Positive",3,0,"College","Moderate","Female",65,1
20,75,"High","Medium",1,7,67,"Low",1,1,"Low","Medium","Private","Positive",4,0,"High School","Near","Female",66,1
19,85,"High","High",0,6,84,"Low",1,3,"Medium","Medium","Private","Negative",3,0,"Postgraduate","Near","Male",70,0
22,89,"High","High",1,8,89,"Medium",1,0,"Medium","Medium","Private","Neutral",3,0,"High School","Moderate","Male",71,0
29,76,"Medium","High",1,8,70,"Low",0,1,"Low","Low","Public","Neutral",4,0,"College","Moderate","Female",67,0
26,96,"High","Medium",0,5,83,"Medium",1,0,"Medium","High","Public","Positive",2,0,"High School","Far","Male",72,0
12,82,"Low","Medium",0,5,98,"Medium",1,0,"Low","High","Public","Neutral",1,0,"High School","Moderate","Male",63,0
24,78,"High","Low",1,9,94,"Low",1,0,"Low","High","Public","Neutral",4,0,"High School","Moderate","Female",67,0
28,86,"Low","Medium",0,10,85,"Medium",1,6,"Low","High","Public","Neutral",2,0,"High School","Near","Male",72,0
22,98,"Medium","Medium",0,8,97,"Low",1,1,"High","Medium","Private","Positive",1,1,"Postgraduate","Near","Female",72,0
27,92,"Medium","Medium",0,8,94,"Medium",0,1,"Low","Medium","Private","Negative",4,0,"College","Near","Female",70,0
32,62,"High","Medium",0,7,86,"Low",1,0,"Low","Medium","Public","Positive",2,0,"High School","Near","Female",67,0
26,73,"Medium","Medium",0,7,96,"High",1,0,"Medium","High","Private","Neutral",3,0,"High School","Near","Female",68,0
21,79,"Low","Medium",1,8,91,"High",1,1,"Low","Medium","Public","Positive",3,0,"High School","Moderate","Male",67,0
26,73,"High","High",0,7,75,"Low",1,3,"Low","Medium","Public","Positive",5,0,"College","Near","Male",70,0
21,88,"Medium","Low",0,9,75,"High",0,1,"Medium","High","Private","Neutral",2,0,"Postgraduate","Moderate","Female",67,0
20,93,"Medium","Medium",1,7,50,"Medium",1,1,"High","High","Public","Positive",4,0,"College","Near","Male",71,0
18,89,"High","Low",1,7,52,"Medium",1,1,"High","High","Public","Positive",3,0,"Postgraduate","Near","Female",69,0
29,100,"Medium","Medium",1,7,87,"Medium",0,3,"Low","Medium","Public","Negative",5,0,"College","Near","Female",74,0
15,71,"High","Low",0,7,78,"Medium",1,0,"Medium","Medium","Private","Positive",3,0,"High School","Near","Male",63,0
29,95,"Medium","Low",1,9,88,"Medium",1,0,"Medium","High","Public","Neutral",2,0,"High School","Near","Female",72,0
23,91,"High","Low",1,7,97,"Low",1,2,"Low","Medium","Public","Neutral",3,0,"College","Moderate","Male",71,0
12,74,"High","Medium",0,7,73,"Medium",1,1,"Low","Medium","Public","Neutral",5,0,"High School","Near","Male",64,1
22,89,"Medium","Medium",1,7,54,"Medium",1,1,"High","Medium","Public","Positive",3,0,"High School","Near","Female",69,0
7,64,"High","High",0,6,81,"Medium",1,2,"Low","Low","Private","Positive",3,0,"Postgraduate","Moderate","Female",62,1
24,92,"Medium","Medium",1,5,55,"Medium",0,1,"Medium","Medium","Public","Neutral",4,0,"College","Near","Male",69,0
25,81,"High","Low",1,9,81,"Low",1,2,"Low","Medium","Public","Neutral",3,0,"High School","Near","Male",68,0
16,72,"High","Medium",1,9,76,"High",1,6,"Low","Low","Public","Negative",3,0,"High School","Near","Male",67,0
21,86,"Medium","Medium",1,9,86,"High",1,2,"Medium","Medium","Public","Neutral",3,0,"Postgraduate","Near","Male",71,0
32,86,"Medium","Medium",1,5,68,"Low",1,1,"Medium","Medium","Public","Negative",4,0,"High School","Moderate","Male",70,0
17,68,"High","Medium",0,9,57,"Medium",1,2,"Medium","Low","Public","Neutral",3,0,"High School","Moderate","Male",63,1
14,61,"Low","High",0,10,62,"Medium",1,0,"High","Medium","Public","Negative",4,0,"College","Moderate","Female",60,1
29,77,"Medium","Medium",0,9,84,"Medium",1,0,"Low","High","Public","Neutral",3,0,"College","Near","Female",69,0
32,83,"Medium","Medium",1,9,74,"Medium",1,3,"Low","Medium","Public","Neutral",3,0,"College","Moderate","Male",71,0
20,95,"Low","Low",1,8,77,"Medium",1,1,"High","High","Public","Positive",2,0,"High School","Near","Male",69,0
26,97,"High","Low",1,6,66,"Medium",1,2,"Medium","Medium","Public","Positive",1,0,"College","Near","Female",73,0
28,81,"Medium","High",1,8,92,"Medium",1,1,"High","Medium","Public","Positive",3,0,"College","Near","Female",73,0
16,90,"Medium","Medium",0,5,100,"Medium",1,1,"Low","Medium","Public","Positive",3,0,"High School","Moderate","Female",68,0
17,78,"High","Medium",1,6,66,"Medium",1,2,"Low","Medium","Public","Positive",4,0,"College","Moderate","Male",67,0
27,90,"Medium","High",0,7,86,"High",1,2,"Medium","Medium","Public","Positive",3,0,"College","Moderate","Male",74,0
30,68,"Medium","High",0,7,59,"Medium",1,3,"Low","Medium","Public","Positive",3,0,"College","Moderate","Male",68,0
23,75,"High","Medium",0,8,87,"Low",1,1,"Medium","High","Public","Positive",2,0,"College","Near","Female",69,0
15,85,"High","Medium",0,4,72,"Medium",1,4,"Low","High","Private","Neutral",4,0,"College","Near","Male",69,0
32,61,"High","High",1,7,80,"Medium",1,0,"Low","Medium","Public","Positive",4,1,"College","Moderate","Female",68,0
17,89,"Low","High",0,8,62,"Medium",1,1,"Low","High","Public","Positive",1,0,"High School","Moderate","Male",66,0
18,93,"Low","Low",1,8,93,"Medium",1,3,"Low","High","Public","Negative",3,0,"Postgraduate","Moderate","Male",69,0
22,76,"Medium","Medium",1,8,59,"Medium",1,1,"Low","Medium","Public","Positive",2,0,"College","Near","Female",66,0
29,78,"Low","Medium",1,7,96,"High",1,5,"Low","Medium","Public","Positive",4,0,"College","Moderate","Male",72,0
25,94,"Medium","Low",1,6,53,"Low",1,1,"Medium","Medium","Public","Negative",3,0,"High School","Near","Female",69,0
22,91,"Medium","Medium",1,8,64,"Medium",1,1,"Low","High","Public","Positive",3,1,"High School","Moderate","Male",68,0
23,72,"Medium","Medium",1,7,78,"Medium",1,1,"Low","Medium","Private","Neutral",3,0,"High School","Near","Male",66,0
20,73,"Medium","Low",1,8,93,"High",1,1,"Low","High","Public","Negative",4,0,"High School","Far","Male",65,0
23,87,"Medium","Medium",0,8,79,"High",1,2,"Low","High","Public","Neutral",2,0,"Postgraduate","Near","Male",71,0
5,83,"Medium","Medium",1,7,61,"Medium",1,2,"Low","Medium","Public","Negative",4,0,"High School","Moderate","Male",61,1
18,66,"Low","Medium",1,6,93,"Medium",1,1,"Low","Medium","Public","Neutral",3,1,"College","Near","Female",63,0
21,72,"Medium","High",1,9,80,"Low",1,1,"Medium","Medium","Public","Neutral",3,0,"High School","Near","Female",66,1
13,96,"Medium","High",0,8,62,"Medium",1,0,"High","Medium","Private","Neutral",2,0,"Postgraduate","Near","Male",69,0
22,88,"High","High",1,10,78,"Medium",1,0,"Medium","High","Private","Positive",2,0,"High School","Moderate","Male",71,0
19,99,"High","Medium",1,8,84,"High",1,0,"High","Medium","Public","Positive",4,0,"High School","Near","Female",73,0
31,91,"High","Medium",1,8,84,"Low",1,2,"Low","Medium","Public","Negative",2,0,"High School","Near","Male",72,0
29,98,"Medium","High",0,5,86,"Low",1,2,"Medium","Medium","Private","Negative",4,0,"High School","Far","Male",73,0
17,69,"Low","High",1,7,95,"Medium",1,1,"Low","High","Private","Positive",2,0,"High School","Moderate","Male",65,0
19,91,"Low","High",1,7,91,"Medium",1,1,"High","High","Public","Neutral",3,0,"High School","Near","Female",71,0
20,61,"High","Medium",1,8,80,"Medium",1,1,"Low","High","Public","Positive",3,0,"High School","Near","Male",65,0
17,87,"Medium","Medium",0,8,52,"Low",1,1,"Medium","Medium","Public","Positive",5,0,"College","Near","Male",67,1
21,79,"Medium","High",1,8,87,"Medium",1,1,"Low","High","Public","Neutral",2,0,"Postgraduate","Moderate","Male",69,0
15,74,"Low","High",0,10,99,"Low",0,0,"Low","Medium","Private","Neutral",3,0,"College","Moderate","Male",63,1
13,94,"Low","High",1,6,65,"High",1,2,"Medium","Medium","Public","Neutral",2,0,"Postgraduate","Moderate","Male",68,0
24,94,"High","Low",1,8,80,"High",0,1,"Low","Medium","Public","Neutral",4,0,"High School","Near","Female",70,0
24,61,"Medium","Medium",1,8,88,"Low",1,1,"Low","Medium","Private","Positive",4,0,"High School","Moderate","Female",64,1
15,84,"Medium","Medium",0,10,82,"Medium",1,1,"High","Low","Private","Negative",2,1,"High School","Near","Male",64,0
25,75,"Low","High",1,8,96,"High",1,1,"Low","Medium","Private","Neutral",0,0,"College","Near","Male",68,0
16,77,"Medium","High",1,8,74,"Medium",1,0,"High","Low","Private","Neutral",2,0,"College","Moderate","Female",65,0
22,93,"High","Medium",0,8,77,"Medium",1,0,"High","Medium","Public","Neutral",1,0,"High School","Near","Female",70,0
25,72,"Medium","Medium",1,8,52,"Low",1,0,"Medium","Medium","Private","Positive",2,0,"Postgraduate","Near","Male",66,1
20,98,"High","Low",1,9,95,"Low",1,1,"Low","Medium","Public","Positive",2,0,"High School","Moderate","Female",70,0
23,67,"Medium","Medium",1,6,63,"High",1,3,"Low","High","Private","Neutral",3,0,"High School","Near","Male",66,0
17,87,"Medium","Medium",0,6,99,"Medium",1,2,"Low","Medium","Private","Neutral",2,0,"Postgraduate","Near","Male",69,0
19,87,"High","High",0,10,60,"High",1,2,"Medium","Low","Private","Positive",3,0,"High School","Moderate","Male",69,0
19,70,"High","High",0,4,63,"Medium",1,1,"Low","Medium","Private","Neutral",3,0,"College","Far","Female",64,0
16,73,"Medium","Medium",1,7,74,"Low",1,1,"Low","High","Public","Positive",3,0,"High School","Moderate","Male",64,1
19,93,"Low","Medium",1,7,83,"Medium",1,1,"Medium","Medium","Public","Positive",3,0,"High School","Near","Female",69,0
11,90,"Medium","Medium",1,7,72,"High",1,3,"Medium","Medium","Public","Negative",3,0,"High School","Near","Female",67,0
17,73,"Low","Medium",1,9,68,"Low",1,2,"Medium","Medium","Public","Positive",3,1,"College","Near","Female",63,1
18,81,"Low","High",1,8,77,"Low",1,1,"Medium","High","Public","Positive",3,0,"College","Moderate","Male",67,0
18,62,"Medium","High",0,6,98,"Low",1,3,"Medium","Medium","Private","Neutral",1,0,"College","Near","Male",65,1
19,68,"Medium","Medium",1,6,98,"Low",1,2,"Low","Medium","Public","Positive",1,0,"High School","Moderate","Female",64,1
20,79,"High","Medium",0,7,66,"Low",1,3,"High","Medium","Public","Negative",3,0,"College","Near","Female",68,0
23,63,"Low","Medium",1,9,84,"High",1,0,"High","Medium","Public","Neutral",3,0,"High School","Near","Female",64,0
25,94,"High","Medium",0,7,86,"Low",0,2,"Low","Medium","Private","Negative",4,0,"College","Moderate","Male",70,0
16,89,"High","Medium",1,7,83,"High",1,0,"Low","High","Public","Positive",4,0,"Postgraduate","Moderate","Male",70,0
13,98,"High","Low",1,6,56,"Medium",1,1,"High","Low","Public","Negative",3,0,"College","Moderate","Female",67,0
14,88,"High","High",1,8,77,"Medium",1,2,"Medium","Medium","Public","Positive",3,0,"College","Far","Male",69,0
17,98,"High","Medium",0,7,88,"Medium",1,2,"Low","High","Private","Negative",4,0,"High School","Far","Male",70,0
18,82,"High","High",0,6,60,"Medium",1,5,"Medium","High","Public","Negative",3,0,"College","Near","Male",69,0
15,84,"Medium","Low",1,9,67,"Medium",1,1,"Medium","High","Private","Negative",3,0,"College","Moderate","Male",65,0
12,99,"Medium","High",1,10,60,"Medium",1,0,"Low","Low","Public","Negative",1,0,"High School","Moderate","Male",66,0
17,86,"High","High",1,7,94,"Medium",1,2,"Medium","Medium","Public","Neutral",3,0,"High School","Moderate","Male",70,0
21,61,"Medium","Low",1,7,93,"Low",1,1,"Low","High","Private","Negative",5,0,"High School","Near","Male",63,1
24,89,"Low","Medium",0,5,58,"Medium",1,3,"High","Medium","Public","Positive",3,0,"High School","Near","Female",69,0
17,96,"High","High",1,8,88,"Medium",1,4,"Low","Low","Private","Positive",4,0,"Postgraduate","Near","Male",74,0
18,92,"Medium","Medium",1,8,68,"Low",1,2,"High","High","Private","Positive",3,0,"High School","Near","Male",70,0
14,83,"High","Medium",0,7,84,"Medium",1,1,"Low","Medium","Public","Neutral",3,0,"High School","Near","Female",66,0
20,87,"Low","High",1,6,75,"Medium",1,0,"Low","Medium","Public","Positive",3,1,"Postgraduate","Near","Male",68,0
15,100,"Medium","Low",0,10,74,"Medium",1,2,"Medium","Medium","Public","Negative",5,0,"High School","Far","Male",67,0
23,64,"Medium","Medium",1,8,94,"Low",1,2,"Medium","Medium","Private","Positive",5,0,"High School","Moderate","Female",66,0
9,87,"High","Medium",0,6,82,"Medium",1,0,"Low","Medium","Public","Negative",3,0,"College","Near","Female",65,0
18,71,"Low","Medium",1,8,62,"Medium",1,3,"High","High","Public","Positive",2,0,"College","Near","Male",66,0
22,86,"High","Medium",1,7,56,"Medium",1,1,"High","Medium","Private","Positive",4,0,"High School","Moderate","Male",69,0
21,84,"Low","Medium",0,7,97,"Medium",1,2,"Low","Low","Public","Neutral",4,0,"High School","Moderate","Female",67,0
36,66,"Low","High",1,8,58,"High",1,1,"Medium","Medium","Public","Positive",3,0,"College","Far","Male",69,0
22,68,"Medium","Medium",0,4,87,"High",1,2,"Medium","Medium","Public","Neutral",3,0,"Postgraduate","Far","Female",66,0
14,85,"Medium","Medium",0,4,75,"High",1,2,"High","Medium","Public","Negative",1,1,"High School","Far","Female",64,0
19,65,"Medium","Medium",0,9,57,"Low",1,1,"Medium","Medium","Public","Positive",2,1,"High School","Near","Female",61,1
9,71,"Low","High",1,7,89,"Medium",1,0,"Low","Medium","Public","Negative",2,0,"High School","Near","Male",61,1
20,93,"Medium","Medium",1,6,95,"Low",1,1,"Medium","High","Public","Negative",4,0,"College","Moderate","Male",70,0
15,73,"Medium","High",0,5,56,"Medium",1,1,"Medium","Medium","Public","Positive",2,0,"Postgraduate","Near","Female",65,1
25,80,"High","Low",0,7,53,"Medium",1,1,"Medium","Medium","Private","Neutral",3,0,"College","Moderate","Male",67,0
17,98,"Low","Medium",0,7,92,"Medium",1,0,"High","Medium","Private","Positive",0,0,"College","Near","Male",69,0
19,69,"Medium","Low",1,9,75,"Medium",1,2,"Medium","Low","Public","Negative",5,0,"High School","Moderate","Female",63,0
16,76,"Medium","Medium",0,8,84,"High",1,1,"High","High","Public","Neutral",4,0,"High School","Near","Male",66,0
30,84,"High","Medium",1,7,72,"Medium",1,3,"Medium","Medium","Public","Positive",2,0,"High School","Near","Male",73,0
18,90,"High","High",0,8,71,"High",0,0,"Low","Medium","Public","Neutral",3,0,"High School","Near","Female",68,0
31,96,"High","High",1,9,65,"High",1,0,"Low","Medium","Private","Positive",2,0,"High School","Far","Male",74,0
25,97,"Low","Medium",1,8,78,"Medium",1,0,"Medium","Medium","Public","Neutral",3,0,"High School","Near","Male",70,0
23,91,"High","Low",1,8,58,"Medium",1,0,"Medium","Medium","Public","Positive",2,0,"High School","Far","Male",68,0
22,69,"High","High",0,7,86,"Low",1,1,"High","Medium","Public","Positive",4,1,"High School","Moderate","Female",67,0
22,61,"High","Medium",0,6,77,"Low",1,1,"Medium","Medium","Public","Positive",4,0,"Postgraduate","Moderate","Male",65,1
8,75,"Medium","Medium",0,5,92,"Medium",1,5,"High","High","Public","Positive",4,0,"High School","Moderate","Male",66,0
18,66,"High","Medium",1,5,96,"Medium",1,0,"Low","Medium","Public","Neutral",5,0,"High School","Moderate","Female",64,0
25,88,"Medium","Medium",1,8,95,"Low",1,1,"High","High","Public","Neutral",4,0,"High School","Near","Female",72,0
20,86,"Medium","Medium",1,8,80,"High",1,2,"Medium","Medium","Public","Neutral",2,0,"College","Near","Male",70,0
12,62,"Medium","Medium",1,9,66,"Medium",1,1,"Low","Medium","Private","Neutral",2,0,"College","Moderate","Female",60,1
20,93,"Medium","Medium",1,8,68,"Medium",1,1,"Low","Low","Public","Neutral",3,0,"High School","Moderate","Male",68,0
30,70,"Medium","High",1,9,83,"Medium",1,1,"High","Medium","Private","Neutral",2,0,"Postgraduate","Near","Female",71,0
27,77,"Medium","Medium",1,7,86,"Low",1,1,"High","Medium","Public","Neutral",3,0,"High School","Moderate","Male",68,0
20,87,"High","Medium",1,8,58,"Low",1,2,"Low","Medium","Public","Negative",2,1,"Postgraduate","Near","Male",67,0
26,77,"Medium","Medium",1,5,100,"Low",1,1,"Low","High","Private","Positive",5,0,"High School","Near","Female",70,0
18,78,"Medium","High",0,7,55,"High",1,0,"High","Medium","Public","Negative",3,0,"High School","Near","Male",65,0
10,63,"Medium","Medium",0,4,80,"Medium",1,0,"Low","Medium","Public","Positive",3,0,"College","Near","Male",60,1
14,76,"High","Low",0,7,77,"Low",0,2,"High","Medium","Public","Positive",4,0,"College","Near","Male",65,1
29,91,"Medium","Medium",0,9,80,"Low",1,0,"Low","High","Public","Negative",4,0,"High School","Near","Female",70,0
18,97,"Low","Low",1,7,77,"Medium",1,4,"Low","Low","Private","Neutral",4,0,"Postgraduate","Near","Male",69,0
19,77,"High","Low",0,8,53,"Medium",1,1,"Low","Medium","Private","Positive",3,0,"High School","Near","Male",64,0
18,77,"Low","Medium",0,7,100,"Medium",1,2,"High","High","Private","Positive",3,1,"High School","Near","Male",67,0
31,88,"Low","Medium",1,6,99,"Low",1,2,"High","Low","Public","Negative",3,0,"Postgraduate","Near","Male",73,0
30,98,"Medium","High",0,7,76,"High",1,1,"Low","Medium","Public","Neutral",3,0,"College","Near","Male",74,0
33,71,"Medium","Low",1,9,60,"Medium",1,0,"Medium","Medium","Public","Positive",4,1,"High School","Near","Male",67,0
19,78,"Low","High",1,8,59,"Medium",1,2,"High","Medium","Public","Positive",1,0,"High School","Near","Male",66,0
22,92,"Medium","Medium",0,6,53,"Medium",1,4,"High","Medium","Public","Neutral",4,1,"High School","Near","Male",69,0
11,84,"High","Medium",0,5,81,"Low",1,1,"Low","Medium","Private","Negative",3,0,"High School","Moderate","Female",64,1
29,64,"Medium","High",1,7,74,"Medium",1,0,"High","Medium","Public","Positive",2,0,"Postgraduate","Near","Female",69,0
13,85,"Low","High",1,6,71,"Medium",1,1,"Low","Medium","Public","Positive",3,0,"High School","Near","Female",66,0
21,67,"High","Medium",1,7,76,"Medium",1,1,"Medium","High","Private","Neutral",2,1,"High School","Near","Male",65,0
13,80,"Medium","Medium",1,5,94,"High",1,1,"Medium","Medium","Private","Positive",3,0,"High School","Near","Female",67,0
16,81,"Medium","High",0,9,54,"Medium",1,3,"Medium","High","Public","Negative",3,0,"Postgraduate","Moderate","Male",67,0
15,95,"Medium","Medium",0,7,77,"High",1,0,"Low","Medium","Private","Neutral",3,0,"High School","Near","Female",68,0
16,78,"Medium","Low",0,7,85,"Medium",1,4,"Medium","Medium","Public","Neutral",2,1,"High School","Near","Male",65,0
17,71,"Medium","Low",1,6,99,"Low",1,4,"Medium","Medium","Public","Positive",3,1,"Postgraduate","Near","Male",66,1
17,69,"High","Medium",1,7,87,"Low",1,2,"Low","Medium","Public","Neutral",3,0,"College","Near","Male",65,1
25,95,"Medium","Medium",1,7,77,"High",0,0,"Low","High","Public","Neutral",3,0,"Postgraduate","Near","Male",71,0
13,67,"Medium","High",1,6,88,"Medium",1,0,"Low","Medium","Public","Neutral",3,0,"College","Moderate","Female",63,1
21,77,"High","Low",1,7,100,"Low",1,2,"High","High","Public","Positive",4,0,"College","Near","Female",70,0
27,67,"High","High",1,9,94,"High",1,0,"High","Low","Public","Positive",2,0,"College","Near","Female",70,0
17,91,"Low","Medium",1,4,54,"High",1,3,"Low","Medium","Public","Neutral",4,0,"College","Moderate","Female",67,0
16,79,"High","Medium",1,7,79,"High",1,2,"High","High","Public","Positive",2,0,"High School","Moderate","Male",68,0
19,74,"Medium","Low",1,6,89,"Medium",0,0,"High","Medium","Public","Neutral",2,0,"High School","Moderate","Male",63,0
27,74,"Medium","High",1,9,84,"Low",1,3,"High","Medium","Private","Negative",3,0,"College","Near","Female",70,0
21,94,"Medium","Medium",0,7,71,"Low",0,1,"Low","High","Private","Neutral",2,0,"Postgraduate","Near","Male",69,0
17,82,"Medium","Medium",1,5,66,"Medium",1,1,"Medium","Low","Public","Positive",3,0,"High School","Near","Female",66,0
23,89,"Low","High",0,7,81,"Medium",1,2,"Low","High","Public","Neutral",2,0,"Postgraduate","Moderate","Male",70,0
13,96,"Medium","High",0,8,71,"Low",1,1,"Medium","Low","Public","Positive",3,0,"High School","Near","Male",68,0
24,96,"Medium","Medium",0,10,70,"Medium",1,0,"High","Medium","Public","Negative",4,0,"High School","Near","Female",70,0
22,73,"Low","High",1,4,92,"Medium",1,0,"Low","Medium","Public","Positive",4,0,"Postgraduate","Moderate","Male",67,0
18,98,"Medium","High",1,5,66,"Medium",1,0,"Medium","Medium","Private","Negative",0,0,"Postgraduate","Near","Male",69,0
15,61,"High","Low",1,9,82,"Medium",1,2,"Medium","High","Public","Positive",2,0,"Postgraduate","Near","Male",64,1
15,75,"High","Medium",0,5,94,"Low",0,1,"Low","Medium","Public","Negative",3,1,"High School","Moderate","Female",62,1
23,96,"Medium","Medium",0,7,81,"Medium",1,1,"Low","Medium","Private","Positive",2,0,"Postgraduate","Moderate","Male",71,0
27,71,"High","Medium",1,6,75,"Medium",1,2,"Medium","High","Private","Neutral",4,0,"High School","Near","Male",69,0
16,71,"Medium","High",1,6,52,"Low",1,0,"High","High","Public","Neutral",1,0,"High School","Far","Male",62,1
23,72,"Low","Medium",1,7,84,"High",1,0,"Medium","Medium","Public","Positive",4,0,"High School","Near","Male",66,0
7,84,"Medium","High",1,7,100,"Low",1,3,"Low","Medium","Private","Negative",4,1,"High School","Moderate","Male",64,1
16,78,"Low","High",0,9,90,"Medium",1,3,"Low","Medium","Public","Negative",3,0,"Postgraduate","Moderate","Male",66,0
20,89,"High","Medium",1,9,82,"Medium",1,2,"High","High","Public","Neutral",3,0,"College","Near","Female",72,0
15,96,"High","High",1,8,73,"Medium",1,3,"Medium","Medium","Private","Negative",3,0,"College","Near","Female",71,0
14,87,"Medium","High",1,7,61,"Medium",1,0,"Low","Medium","Public","Neutral",3,0,"High School","Far","Male",65,0
16,68,"Medium","Medium",1,7,85,"Medium",1,1,"Medium","Medium","Public","Positive",2,0,"College","Near","Female",65,0
22,97,"Medium","High",1,8,59,"Medium",1,1,"Low","Medium","Public","Negative",3,0,"High School","Near","Male",70,0
19,71,"Medium","High",1,9,94,"High",1,1,"High","Medium","Private","Positive",4,0,"High School","Near","Male",68,0
7,66,"High","Low",1,8,68,"High",1,0,"Low","Medium","Public","Negative",2,1,"College","Moderate","Male",57,1
7,64,"Medium","High",0,9,70,"High",1,4,"Low","Low","Public","Neutral",4,1,"High School","Far","Male",59,1
16,83,"Low","Low",1,6,61,"Medium",1,0,"Medium","High","Public","Neutral",4,0,"College","Near","Male",64,0
23,65,"High","Medium",1,9,74,"Medium",1,2,"Medium","High","Private","Neutral",3,0,"College","Moderate","Male",67,0
4,66,"Low","High",0,8,84,"Low",1,2,"Low","High","Public","Neutral",3,0,"Postgraduate","Near","Female",60,1
17,72,"High","High",1,6,65,"Low",1,3,"Low","High","Public","Positive",2,0,"Postgraduate","Far","Male",67,1
17,71,"Medium","High",1,7,85,"Low",1,2,"Low","Low","Private","Negative",2,0,"College","Near","Female",65,1
28,84,"Medium","Medium",1,7,81,"Medium",1,1,"Medium","High","Public","Negative",3,0,"College","Near","Male",71,0
18,93,"Low","Medium",1,7,69,"Medium",1,0,"Low","Medium","Public","Neutral",2,0,"College","Near","Male",67,0
22,90,"Medium","Medium",1,7,66,"Low",1,0,"Low","Medium","Public","Positive",1,0,"Postgraduate","Near","Male",69,0
21,70,"High","Medium",1,5,93,"High",1,1,"Low","Medium","Public","Neutral",3,0,"College","Near","Male",68,0
7,70,"Medium","Medium",1,6,51,"Medium",1,0,"High","Medium","Private","Neutral",1,0,"High School","Moderate","Female",59,1
25,99,"High","High",0,7,86,"Low",0,3,"Medium","Medium","Public","Positive",3,0,"College","Near","Female",75,0
21,60,"Medium","Medium",1,6,71,"Low",1,0,"Medium","Low","Public","Negative",4,1,"High School","Far","Male",59,1
23,95,"High","Medium",0,6,86,"Low",1,0,"Medium","High","Public","Neutral",3,0,"High School","Moderate","Female",71,0
44,68,"High","Low",0,9,75,"Low",1,3,"Medium","High","Private","Negative",2,0,"High School","Moderate","Female",71,0
7,98,"Medium","Medium",0,7,54,"High",1,0,"Medium","High","Private","Neutral",2,0,"High School","Near","Female",66,0
30,74,"Medium","Low",0,10,99,"Medium",1,1,"High","Medium","Private","Positive",2,0,"High School","Moderate","Male",69,0
18,78,"High","Medium",1,7,54,"Low",0,4,"Low","High","Public","Neutral",4,1,"College","Moderate","Female",65,1
22,88,"Medium","Medium",1,9,58,"Low",1,3,"Low","Medium","Private","Negative",2,0,"College","Moderate","Male",68,0
20,84,"High","Low",0,7,71,"Medium",1,5,"Low","High","Private","Positive",2,0,"High School","Far","Female",68,0
17,73,"Medium","Medium",1,6,97,"High",1,1,"Medium","High","Public","Positive",3,0,"High School","Near","Male",67,0
17,82,"High","Medium",1,7,65,"Medium",1,1,"Medium","Medium","Public","Positive",5,0,"High School","Near","Male",68,0
22,89,"Low","Medium",1,9,78,"Medium",1,0,"Medium","Medium","Public","Positive",3,0,"High School","Moderate","Male",68,0
11,62,"High","Medium",1,7,76,"High",1,3,"High","Medium","Private","Neutral",3,1,"High School","Moderate","Male",88,0
25,60,"Medium","High",1,8,67,"Medium",1,1,"Medium","High","Public","Neutral",2,0,"College","Near","Female",66,0
18,78,"High","Low",1,7,85,"High",1,3,"Low","Low","Public","Negative",2,0,"College","Near","Male",67,0
13,65,"Medium","High",0,7,75,"Low",1,2,"Medium","High","Private","Neutral",4,0,"High School","Moderate","Male",63,1
17,87,"Medium","High",1,7,79,"Medium",1,3,"Low","Medium","Public","Neutral",4,1,"High School","Near","Female",68,0
28,69,"High","Low",0,6,61,"Low",1,2,"Medium","High","Public","Positive",1,1,"High School","Near","Male",65,0
17,77,"High","Medium",1,7,96,"Medium",1,1,"Low","Low","Private","Positive",3,0,"College","Near","Male",67,0
22,68,"High","High",1,8,56,"Medium",0,3,"Medium","Medium","Private","Positive",1,0,"Postgraduate","Near","Male",67,0
16,82,"Medium","Medium",1,7,85,"Medium",1,1,"High","Medium","Public","Neutral",4,0,"High School","Near","Male",67,0
25,65,"Medium","Low",0,7,94,"Low",1,1,"Low","High","Public","Positive",3,0,"High School","Far","Male",64,0
24,61,"Medium","Medium",0,8,54,"Medium",1,1,"Low","Medium","Public","Neutral",2,1,"High School","Moderate","Male",61,1
31,62,"Medium","Medium",1,7,51,"Medium",1,2,"Medium","Medium","Public","Neutral",1,0,"College","Far","Female",65,0
19,98,"Low","High",1,7,67,"High",1,1,"Medium","Medium","Private","Negative",4,0,"High School","Moderate","Female",70,0
24,66,"Medium","High",0,8,89,"Medium",1,0,"Medium","High","Public","Positive",2,0,"College","Near","Male",67,0
21,88,"High","Low",0,7,86,"Medium",1,1,"Low","Medium","Private","Positive",2,0,"High School","Moderate","Male",68,0
28,63,"Medium","Medium",1,7,91,"Medium",1,1,"Low","Medium","Private","Positive",1,0,"High School","Far","Male",65,0
16,64,"High","Medium",1,8,70,"Low",1,3,"High","High","Private","Negative",3,0,"High School","Far","Female",63,1
24,80,"Medium","High",0,7,100,"Medium",1,1,"High","High","Public","Neutral",3,0,"Postgraduate","Moderate","Male",72,0
19,79,"High","Medium",1,7,68,"Medium",1,2,"High","High","Public","Negative",1,0,"College","Near","Female",68,0
20,98,"Medium","High",1,7,90,"Medium",1,2,"Medium","Medium","Public","Positive",4,0,"High School","Near","Male",73,0
21,98,"High","Medium",1,7,68,"High",1,0,"Medium","Medium","Public","Positive",3,1,"College","Near","Female",71,0
22,91,"Medium","High",0,5,61,"Medium",1,3,"Low","High","Public","Neutral",2,0,"Postgraduate","Far","Male",70,0
19,84,"High","Medium",1,7,67,"Low",1,0,"Medium","Low","Public","Positive",3,0,"Postgraduate","Near","Female",68,0
21,78,"Medium","High",0,10,60,"Medium",1,3,"High","Medium","Public","Negative",5,0,"High School","Moderate","Male",68,0
29,74,"Medium","Medium",0,6,56,"Low",1,2,"Low","High","Public","Neutral",3,0,"Postgraduate","Near","Female",68,0
26,98,"Low","High",1,6,68,"Medium",1,1,"Low","Medium","Private","Neutral",1,0,"Postgraduate","Moderate","Male",71,0
25,84,"Medium","Medium",1,10,57,"Low",1,4,"Medium","Medium","Public","Positive",2,0,"College","Near","Male",70,0
17,83,"High","Medium",0,6,75,"Medium",1,2,"Medium","Medium","Public","Positive",3,1,"High School","Near","Male",67,0
15,69,"Low","Medium",1,9,52,"Medium",1,0,"High","Medium","Public","Neutral",3,0,"College","Near","Female",61,1
26,62,"High","Low",1,7,72,"Low",1,1,"Medium","Medium","Public","Neutral",3,0,"College","Moderate","Female",64,1
25,98,"Low","Medium",0,7,98,"Medium",1,1,"Medium","Medium","Public","Negative",4,0,"Postgraduate","Near","Male",72,0
29,73,"High","Medium",0,7,68,"Low",1,1,"Low","High","Private","Positive",4,1,"High School","Moderate","Male",67,0
16,78,"High","Low",1,8,57,"High",1,1,"Medium","Medium","Public","Negative",3,0,"College","Near","Male",65,0
19,65,"Medium","Low",1,5,65,"High",1,1,"High","Medium","Public","Positive",6,0,"College","Moderate","Female",64,0
10,93,"Low","Medium",1,7,90,"Medium",1,0,"Low","Medium","Private","Positive",2,0,"High School","Near","Female",66,0
18,61,"Medium","Medium",0,6,66,"Medium",1,1,"Medium","High","Public","Positive",2,0,"High School","Moderate","Female",62,1
26,93,"Low","Medium",0,4,69,"Medium",1,2,"Low","Medium","Public","Neutral",3,0,"High School","Near","Male",70,0
17,66,"Medium","Medium",1,9,89,"Medium",0,1,"Medium","High","Public","Positive",4,0,"High School","Moderate","Female",64,0
24,95,"Medium","Low",0,4,63,"Low",1,3,"Low","Medium","Public","Positive",3,0,"High School","Near","Female",70,0
19,89,"Medium","Low",0,10,74,"Medium",1,1,"Low","Medium","Public","Positive",2,0,"High School","Moderate","Female",66,0
22,67,"Low","High",1,8,53,"Medium",1,0,"Medium","High","Public","Negative",3,0,"High School","Far","Male",62,1
13,83,"Low","Low",0,5,59,"High",1,4,"Low","Medium","Private","Neutral",2,0,"High School","Near","Female",63,0
21,73,"Low","Medium",1,9,60,"High",1,2,"Medium","Medium","Public","Positive",3,0,"College","Near","Male",66,0
2,67,"Medium","Medium",0,6,73,"Low",1,1,"Low","Medium","Private","Positive",2,0,"College","Moderate","Male",58,1
19,94,"Medium","High",1,6,91,"Medium",1,1,"Low","Medium","Public","Negative",3,0,"High School","Moderate","Male",70,0
10,76,"Medium","Low",0,4,68,"Medium",1,1,"High","Low","Private","Neutral",6,0,"College","Near","Male",63,1
27,76,"Medium","High",1,6,69,"High",1,0,"Medium","High","Public","Neutral",1,0,"High School","Near","Male",70,0
25,67,"High","Medium",1,6,65,"Medium",1,1,"Low","Medium","Public","Negative",3,0,"High School","Near","Male",65,0
23,75,"Medium","Low",1,8,66,"Medium",1,5,"Medium","Low","Public","Neutral",3,0,"High School","Near","Male",67,0
29,95,"High","Medium",0,9,70,"Medium",0,1,"Low","Medium","Private","Positive",2,0,"Postgraduate","Near","Female",73,0
14,75,"Medium","Medium",1,5,95,"Medium",1,0,"Medium","Medium","Public","Positive",3,0,"College","Moderate","Male",82,0
30,98,"Low","Medium",0,7,51,"High",1,0,"Low","Medium","Public","Positive",2,0,"High School","Near","Male",71,0
26,98,"Medium","Medium",1,4,81,"Low",1,1,"Low","Medium","Public","Positive",4,0,"Postgraduate","Near","Male",73,0
19,66,"Medium","High",0,7,94,"Low",1,1,"High","Medium","Public","Positive",4,0,"High School","Moderate","Female",65,1
27,67,"High","Medium",1,10,71,"Medium",1,1,"Low","High","Public","Neutral",3,0,"High School","Near","Female",67,0
13,95,"Medium","Medium",1,4,83,"Low",0,1,"Low","High","Public","Neutral",4,0,"College","Moderate","Male",67,0
15,76,"High","High",1,5,79,"Medium",1,4,"Medium","Medium","Public","Neutral",4,0,"Postgraduate","Moderate","Female",69,0
16,60,"Medium","High",1,8,67,"Low",1,0,"Low","Medium","Public","Neutral",3,0,"High School","Near","Male",61,1
17,71,"Medium","Low",0,8,57,"Medium",1,3,"Medium","High","Private","Positive",4,0,"High School","Near","Female",64,1
14,84,"Low","High",0,6,61,"Low",1,1,"High","Medium","Public","Positive",2,0,"College","Far","Male",64,1
27,92,"Low","Medium",1,9,53,"Low",1,2,"Low","Medium","Public","Negative",2,0,"College","Far","Male",68,0
18,65,"Medium","Low",0,6,88,"Medium",1,1,"Medium","Medium","Private","Positive",1,1,"College","Near","Male",62,0
22,64,"Medium","Medium",1,10,77,"High",1,5,"Medium","Medium","Public","Neutral",3,1,"High School","Near","Male",66,0
17,97,"High","Low",1,8,89,"Medium",1,1,"Low","Medium","Public","Neutral",4,0,"College","Near","Male",70,0
9,90,"High","Medium",1,9,65,"Low",1,3,"Medium","Medium","Public","Positive",3,0,"High School","Near","Female",67,1
22,84,"Medium","Medium",1,8,90,"Medium",1,2,"Medium","Medium","Public","Positive",2,0,"College","Near","Female",70,0
9,91,"Medium","Medium",0,8,65,"High",1,0,"Medium","Medium","Public","Positive",4,0,"High School","Moderate","Male",65,0
20,77,"Low","Medium",0,8,56,"Medium",1,1,"Medium","High","Public","Positive",4,0,"College","Moderate","Male",65,0
12,90,"Medium","High",1,9,77,"Medium",1,3,"Medium","Medium","Public","Positive",3,0,"Postgraduate","Near","Male",70,0
32,75,"High","Medium",1,7,97,"High",1,1,"Medium","Medium","Private","Neutral",3,0,"College","Moderate","Male",72,0
25,70,"Medium","Medium",0,6,71,"Low",1,0,"Low","Medium","Public","Neutral",2,0,"College","Near","Female",65,1
21,89,"High","High",1,7,76,"Medium",1,1,"Medium","Medium","Public","Positive",2,0,"High School","Near","Male",71,0
28,77,"High","High",1,6,73,"Low",1,3,"Medium","High","Private","Negative",3,0,"College","Near","Female",71,0
15,99,"Medium","High",1,6,73,"High",1,1,"High","High","Public","Negative",5,0,"Postgraduate","Near","Male",72,0
23,74,"Low","Low",0,9,61,"Low",1,0,"Medium","Low","Public","Positive",4,0,"Postgraduate","Near","Male",64,1
21,97,"Medium","Medium",0,8,71,"High",1,2,"High","High","Public","Neutral",1,0,"College","Moderate","Male",72,0
22,97,"Low","Medium",0,8,75,"Medium",1,1,"Medium","Medium","Private","Positive",4,0,"Postgraduate","Near","Male",71,0
28,70,"Medium","Medium",1,9,87,"Low",1,0,"Low","Medium","Public","Neutral",3,0,"High School","Moderate","Male",66,0
24,92,"High","Low",0,8,57,"Medium",1,3,"Medium","Medium","Private","Positive",3,0,"College","Near","Female",71,0
22,77,"Medium","Medium",1,10,79,"High",1,2,"Medium","Low","Public","Neutral",2,0,"High School","Near","Male",67,0
10,97,"High","High",0,4,83,"Low",1,1,"Low","High","Public","Neutral",2,0,"Postgraduate","Near","Male",69,0
14,78,"High","Medium",1,6,69,"High",1,0,"Medium","Medium","Public","Positive",5,0,"College","Moderate","Female",67,0
19,90,"High","Medium",1,6,77,"Medium",1,0,"High","Medium","Public","Neutral",4,0,"Postgraduate","Near","Male",71,0
21,79,"Medium","Low",0,5,86,"Low",1,1,"High","Medium","Private","Positive",2,0,"High School","Moderate","Female",66,0
13,69,"High","High",0,7,73,"Low",1,1,"Medium","Low","Private","Positive",2,0,"High School","Far","Male",62,1
34,68,"Medium","Medium",0,7,67,"High",1,0,"Medium","Medium","Private","Neutral",2,0,"High School","Moderate","Male",67,0
29,77,"Medium","Low",1,10,91,"High",1,2,"Low","Medium","Public","Negative",4,0,"Postgraduate","Near","Female",70,0
24,90,"High","High",0,8,99,"High",1,0,"Low","Medium","Public","Neutral",3,0,"College","Moderate","Female",72,0
20,84,"High","High",0,6,61,"Medium",1,3,"Medium","Medium","Private","Neutral",2,0,"High School","Near","Male",69,0
19,88,"Medium","High",0,8,94,"High",1,1,"Medium","Medium","Public","Neutral",3,0,"High School","Moderate","Male",70,0
14,71,"High","High",0,4,77,"Medium",1,0,"Medium","Medium","Public","Negative",3,0,"High School","Near","Female",64,0
20,79,"Medium","Medium",1,7,72,"Low",0,1,"Medium","Medium","Public","Negative",3,0,"High School","Near","Male",65,1
22,62,"Medium","High",1,7,95,"Medium",1,2,"Medium","Medium","Public","Negative",2,0,"High School","Near","Male",66,0
13,93,"Low","Medium",0,6,96,"High",1,2,"High","Medium","Private","Negative",3,0,"High School","Near","Female",68,0
22,100,"Medium","Medium",1,7,64,"Medium",1,2,"Low","Medium","Private","Positive",3,0,"College","Near","Female",72,0
19,76,"Medium","Low",1,6,68,"Medium",1,2,"High","Medium","Public","Positive",3,0,"High School","Moderate","Female",65,0
9,60,"Medium","Low",1,6,93,"Medium",1,3,"Low","High","Private","Neutral",2,0,"High School","Moderate","Female",60,1
15,67,"Medium","Medium",0,8,75,"Medium",1,0,"High","High","Public","Negative",4,0,"Postgraduate","Near","Female",63,1
18,86,"Low","Low",1,9,64,"Low",1,3,"Low","High","Public","Positive",3,0,"High School","Near","Female",66,1
31,84,"Low","Medium",1,8,98,"Low",1,1,"Medium","Medium","Public","Positive",4,0,"Postgraduate","Near","Female",73,0
23,92,"Medium","Medium",1,6,61,"Low",1,4,"Low","Medium","Public","Positive",4,0,"College","Near","Male",71,0
12,70,"Medium","Medium",1,6,81,"Low",1,1,"Low","Medium","Public","Negative",2,1,"High School","Far","Male",59,1
23,91,"Medium","Low",1,6,71,"Medium",1,5,"Low","High","Public","Neutral",3,0,"High School","Moderate","Female",70,0
11,88,"Medium","Low",1,7,73,"Low",1,1,"Medium","Low","Private","Neutral",3,1,"College","Near","Female",63,1
26,73,"Medium","Medium",0,6,55,"Medium",1,1,"Medium","Low","Public","Positive",4,0,"Postgraduate","Near","Male",67,0
17,82,"Low","Medium",1,9,63,"Medium",1,2,"Low","Medium","Private","Neutral",2,0,"College","Moderate","Male",65,0
19,66,"Medium","Low",0,7,58,"Medium",1,5,"Medium","Low","Public","Positive",4,0,"College","Moderate","Female",64,1
28,78,"High","Medium",0,8,87,"Low",1,2,"Low","Medium","Public","Positive",2,0,"Postgraduate","Near","Male",71,0
12,95,"Medium","High",1,5,85,"Medium",1,2,"High","Medium","Public","Negative",2,0,"College","Near","Male",70,0
12,77,"Medium","Low",1,6,90,"Medium",1,2,"Medium","Low","Public","Neutral",2,0,"High School","Near","Female",63,0
16,94,"Low","Medium",0,8,85,"Medium",1,3,"Low","High","Public","Neutral",2,0,"High School","Near","Female",68,0
26,84,"Medium","Medium",1,8,56,"Medium",0,1,"Medium","Medium","Public","Negative",2,0,"College","Near","Female",67,0
11,68,"Medium","High",1,5,99,"Medium",1,1,"High","Medium","Public","Neutral",4,0,"Postgraduate","Near","Female",66,0
3,83,"High","Low",1,7,59,"Low",1,2,"Medium","High","Public","Positive",5,0,"High School","Moderate","Male",63,1
17,80,"Medium","Medium",1,7,68,"Medium",1,0,"Medium","Medium","Private","Negative",5,1,"College","Near","Female",65,0
23,76,"Medium","High",1,6,85,"Low",1,2,"Low","Medium","Public","Positive",3,1,"High School","Far","Male",66,0
27,65,"Medium","Medium",1,8,57,"Medium",1,2,"Low","Low","Public","Negative",4,0,"Postgraduate","Near","Female",65,0
17,77,"Low","Medium",1,5,59,"Medium",1,2,"Medium","High","Private","Neutral",4,0,"High School","Near","Male",65,0
18,63,"High","Low",0,6,94,"Medium",1,2,"Medium","High","Public","Neutral",2,1,"High School","Near","Male",63,0
27,64,"Medium","High",0,8,67,"Medium",1,0,"Low","Medium","Public","Positive",3,0,"High School","Near","Male",65,0
9,77,"Low","High",1,7,83,"Medium",1,1,"Low","High","Private","Neutral",4,1,"High School","Far","Male",62,1
18,72,"Medium","Medium",1,7,93,"Medium",1,1,"Medium","Medium","Public","Positive",3,0,"College","Near","Female",66,0
21,97,"Medium","Low",0,7,99,"Medium",1,1,"High","Medium","Public","Negative",3,0,"Postgraduate","Near","Female",71,0
23,75,"Low","Low",1,8,61,"High",1,2,"Low","Medium","Public","Positive",2,0,"High School","Far","Female",64,0
17,90,"Medium","Medium",1,8,56,"Low",1,0,"Medium","Medium","Private","Neutral",4,0,"College","Near","Female",67,1
20,81,"Medium","Medium",0,8,87,"Medium",1,1,"High","Medium","Private","Neutral",3,0,"High School","Near","Male",68,0
5,88,"Medium","Medium",0,7,59,"Medium",1,3,"Low","Medium","Public","Negative",3,0,"College","Near","Female",63,1
16,70,"Low","Medium",1,6,79,"High",1,0,"High","High","Public","Negative",3,0,"College","Near","Female",64,0
23,98,"High","High",1,6,77,"Medium",1,1,"Low","High","Public","Neutral",1,0,"Postgraduate","Near","Female",74,0
14,81,"Low","Medium",1,5,78,"Medium",1,2,"High","High","Public","Positive",4,0,"Postgraduate","Near","Male",68,0
20,93,"Medium","Medium",1,6,82,"Low",0,1,"Medium","High","Public","Positive",3,1,"High School","Moderate","Female",68,0
23,75,"High","High",1,6,93,"Medium",0,2,"Medium","Low","Public","Neutral",3,0,"Postgraduate","Moderate","Female",69,0
18,64,"Low","Medium",1,9,64,"Medium",1,4,"Low","Medium","Public","Negative",4,1,"High School","Near","Male",61,1
21,87,"Low","High",1,5,78,"High",1,1,"Low","Medium","Private","Positive",2,0,"High School","Near","Female",69,0
14,60,"Low","Low",1,9,67,"Low",1,3,"High","High","Public","Positive",3,0,"High School","Near","Female",61,1
19,79,"Medium","High",1,7,66,"Low",1,3,"High","Medium","Public","Positive",3,1,"High School","Near","Male",67,1
24,68,"Low","High",0,7,51,"Medium",1,0,"Low","Low","Private","Neutral",4,0,"High School","Near","Female",63,0
21,85,"Medium","Medium",0,8,80,"Medium",1,3,"Low","High","Public","Positive",3,1,"College","Moderate","Female",68,0
16,99,"Medium","Medium",0,5,99,"Low",0,0,"Low","Medium","Private","Neutral",5,0,"College","Moderate","Female",68,0
21,79,"Medium","Low",1,6,88,"Low",1,2,"High","Medium","Public","Neutral",1,0,"High School","Near","Male",67,0
24,93,"Low","Medium",1,5,62,"High",1,1,"High","Medium","Private","Negative",3,0,"College","Moderate","Female",69,0
8,80,"High","Medium",0,6,86,"Medium",1,2,"Low","Medium","Public","Neutral",3,0,"High School","Near","Male",64,0
27,80,"Low","Low",0,6,65,"Low",1,1,"Low","Medium","Public","Positive",4,0,"Postgraduate","Near","Male",67,0
18,97,"Medium","High",0,9,88,"Low",1,1,"High","Medium","Public","Neutral",3,1,"High School","Near","Female",70,0
23,96,"Low","High",1,6,93,"Low",1,5,"Low","Medium","Public","Negative",4,0,"High School","Near","Female",72,0
27,91,"Low","High",0,4,67,"Medium",1,1,"High","High","Private","Neutral",2,0,"High School","Moderate","Female",71,0
12,72,"Medium","Medium",0,6,50,"High",1,1,"Low","Medium","Public","Positive",3,0,"College","Near","Male",62,0
16,82,"Medium","Medium",1,8,65,"High",1,2,"Low","Medium","Private","Positive",5,1,"Postgraduate","Near","Male",67,0
18,69,"Medium","High",1,9,60,"Medium",1,3,"Low","Medium","Public","Negative",2,0,"College","Far","Female",64,1
15,78,"Medium","Medium",1,7,81,"Medium",1,0,"Medium","Low","Public","Neutral",2,0,"High School","Near","Male",64,0
30,79,"High","Medium",0,6,65,"Medium",1,1,"Low","Medium","Public","Negative",4,0,"Postgraduate","Near","Female",70,0
15,93,"Medium","Medium",1,7,52,"Medium",1,3,"Low","Medium","Public","Negative",5,0,"College","Near","Female",68,0
17,96,"Medium","Medium",0,8,77,"Medium",1,1,"Medium","Medium","Public","Neutral",3,0,"Postgraduate","Near","Female",70,0
21,77,"Medium","Low",1,5,94,"Low",1,1,"Medium","High","Public","Negative",3,0,"High School","Far","Male",65,0
13,61,"Low","Low",0,7,73,"Low",1,2,"High","Medium","Public","Positive",2,0,"High School","Near","Female",59,1
18,94,"Medium","Medium",1,7,69,"Medium",1,1,"Medium","High","Public","Positive",2,0,"High School","Far","Female",69,0
22,67,"Medium","Medium",1,7,59,"High",1,2,"Low","High","Public","Positive",3,0,"Postgraduate","Near","Male",67,0
18,85,"Medium","High",0,7,69,"Medium",1,2,"Low","Medium","Private","Positive",4,0,"High School","Near","Male",68,0
19,61,"Medium","Medium",0,6,67,"Low",1,1,"Medium","Medium","Public","Positive",1,0,"College","Near","Male",62,1
17,76,"High","Medium",0,8,100,"Low",0,0,"High","Medium","Private","Neutral",4,0,"High School","Moderate","Male",65,0
11,99,"High","Medium",1,7,52,"Medium",1,0,"High","High","Private","Neutral",5,0,"College","Near","Female",69,0
22,64,"Medium","Medium",1,7,62,"Medium",1,3,"Low","Medium","Private","Neutral",4,0,"Postgraduate","Moderate","Female",65,0
31,77,"High","Low",1,5,53,"High",1,1,"Medium","Medium","Public","Neutral",2,0,"High School","Near","Female",68,0
20,72,"High","Low",1,8,93,"Medium",1,4,"Low","High","Public","Positive",2,0,"High School","Near","Male",68,0
21,96,"High","Medium",1,6,71,"High",0,3,"Medium","Medium","Public","Negative",3,0,"High School","Near","Female",71,0
24,95,"Medium","Low",1,9,90,"Medium",1,3,"Low","Low","Public","Positive",4,0,"High School","Moderate","Male",71,0
12,70,"High","Medium",0,5,85,"High",1,1,"High","Medium","Public","Positive",3,0,"Postgraduate","Near","Female",66,0
30,63,"Medium","High",1,8,96,"Medium",1,4,"Low","Medium","Private","Positive",3,0,"Postgraduate","Near","Female",71,0
21,85,"Medium","Medium",0,4,51,"Low",1,2,"Low","Medium","Public","Neutral",3,0,"College","Near","Female",66,1
30,73,"High","Low",0,4,60,"Medium",1,0,"Low","Low","Private","Positive",4,0,"High School","Moderate","Female",66,0
16,87,"High","High",1,6,85,"Medium",1,2,"Medium","High","Public","Neutral",1,0,"High School","Near","Female",69,0
31,61,"Medium","Medium",0,4,79,"Medium",1,0,"Low","Low","Public","Positive",3,0,"High School","Moderate","Female",65,0
25,65,"High","Low",1,8,85,"Medium",1,2,"Low","Medium","Public","Negative",3,0,"Postgraduate","Near","Female",66,0
23,87,"Medium","Low",0,7,79,"Medium",1,2,"Medium","Medium","Public","Neutral",2,0,"High School","Far","Male",67,0
21,68,"Medium","Medium",0,9,79,"Low",1,1,"High","High","Private","Negative",4,0,"Postgraduate","Moderate","Female",66,1
19,94,"Medium","Medium",0,7,97,"Medium",1,0,"Medium","Medium","Public","Neutral",3,0,"High School","Near","Female",69,0
27,62,"High","Low",0,7,96,"Medium",1,2,"Low","Medium","Public","Neutral",4,0,"High School","Near","Male",66,0
21,69,"High","Medium",1,7,52,"Low",1,0,"Low","Medium","Public","Negative",3,0,"Postgraduate","Near","Male",64,1
8,100,"High","High",1,6,71,"Medium",1,0,"Low","High","Public","Positive",2,0,"Postgraduate","Near","Female",70,0
13,77,"Low","Medium",1,6,76,"Low",0,1,"Medium","Low","Private","Neutral",4,0,"College","Moderate","Male",62,1
19,88,"Low","Medium",1,5,68,"High",1,1,"Low","Low","Public","Positive",5,0,"High School","Moderate","Male",67,0
22,67,"Low","Medium",0,8,52,"Medium",1,1,"Medium","Low","Public","Negative",2,1,"College","Moderate","Female",60,1
20,84,"Low","Low",0,7,74,"Low",1,1,"High","Medium","Public","Neutral",3,0,"Postgraduate","Near","Female",66,0
27,89,"Medium","Medium",1,7,99,"Medium",1,0,"Medium","High","Public","Positive",2,0,"High School","Near","Female",72,0
8,73,"Medium","High",1,10,54,"Medium",1,2,"Medium","Medium","Public","Positive",3,0,"High School","Near","Male",63,1
21,93,"Low","Low",1,6,91,"Low",1,1,"High","Medium","Public","Negative",3,0,"Postgraduate","Near","Male",69,0
9,84,"High","High",1,7,60,"High",1,1,"Low","Medium","Private","Positive",3,0,"College","Moderate","Male",66,0
25,76,"Medium","Medium",1,7,79,"Medium",1,2,"Medium","Medium","Public","Positive",2,0,"College","Near","Male",69,0
19,82,"High","Medium",0,9,69,"Low",1,2,"Medium","Medium","Private","Neutral",3,0,"College","Moderate","Male",68,0
23,83,"Medium","Low",0,7,67,"Medium",1,3,"Low","Low","Public","Negative",4,0,"High School","Moderate","Female",66,0
15,67,"Medium","Medium",1,7,94,"Low",1,0,"High","Low","Private","Positive",2,0,"Postgraduate","Moderate","Male",63,1
28,76,"Medium","Medium",1,10,99,"High",1,1,"Medium","Medium","Public","Neutral",3,0,"High School","Near","Male",70,0
26,74,"Medium","Medium",0,6,69,"Medium",1,2,"Low","High","Public","Positive",4,0,"Postgraduate","Moderate","Male",68,0
24,76,"Medium","Medium",1,7,82,"Medium",1,2,"Medium","Medium","Public","Positive",4,0,"College","Far","Male",68,0
19,90,"Medium","Medium",0,8,78,"Medium",1,1,"Low","Medium","Private","Neutral",3,0,"High School","Moderate","Male",67,0
23,79,"High","High",1,6,54,"Low",1,1,"Low","Medium","Public","Neutral",1,0,"High School","Moderate","Male",67,1
16,98,"High","Low",1,8,52,"Medium",1,3,"Low","High","Public","Neutral",3,0,"College","Moderate","Female",69,0
25,72,"Medium","Medium",0,6,89,"Low",1,3,"Low","High","Public","Neutral",5,0,"High School","Near","Male",68,0
30,77,"Medium","Low",1,9,70,"Medium",1,0,"Medium","High","Public","Neutral",1,0,"High School","Moderate","Male",67,0
26,91,"High","Medium",1,8,65,"Low",1,0,"Medium","High","Public","Neutral",2,0,"High School","Moderate","Male",70,0
16,82,"High","High",0,7,99,"Low",1,3,"Medium","Medium","Public","Positive",3,0,"Postgraduate","Moderate","Male",70,0
22,82,"Medium","Low",0,5,54,"Medium",1,2,"Medium","Medium","Public","Neutral",2,0,"College","Moderate","Male",66,0
12,62,"High","High",1,6,63,"High",1,0,"Low","Medium","Private","Negative",2,0,"High School","Near","Male",61,1
23,76,"Low","High",1,7,93,"Medium",1,2,"Low","Medium","Public","Negative",2,0,"College","Near","Male",68,0
23,71,"Low","Medium",1,8,71,"Low",1,1,"Low","Low","Public","Neutral",2,0,"Postgraduate","Near","Female",64,1
9,100,"Low","Low",0,7,79,"Medium",1,1,"Low","Medium","Public","Positive",2,0,"Postgraduate","Near","Male",66,0
13,72,"Low","High",1,8,52,"Medium",1,3,"High","High","Private","Positive",4,0,"High School","Near","Male",65,1
18,95,"Medium","High",0,8,96,"Medium",1,3,"Medium","Low","Public","Negative",6,0,"Postgraduate","Near","Male",73,0
18,87,"Low","Low",0,8,57,"Medium",0,3,"High","High","Public","Positive",4,0,"High School","Near","Male",66,0
13,74,"High","High",1,7,61,"Medium",1,2,"Low","Medium","Public","Positive",3,0,"High School","Moderate","Male",65,1
22,82,"Medium","High",1,7,58,"Medium",1,0,"Medium","Medium","Public","Negative",4,0,"College","Near","Male",68,0
22,94,"Medium","Medium",1,7,75,"Low",1,0,"Low","High","Public","Neutral",3,0,"High School","Near","Male",69,0
19,95,"Low","High",1,6,91,"High",1,1,"Medium","High","Public","Neutral",4,0,"College","Near","Male",72,0
15,66,"Medium","Medium",0,9,63,"Medium",1,3,"Medium","Medium","Private","Neutral",3,0,"High School","Near","Male",63,1
26,74,"Low","Medium",0,8,57,"Medium",1,0,"Medium","Medium","Private","Positive",1,0,"High School","Near","Male",65,0
30,73,"High","Medium",1,9,70,"Low",1,0,"Medium","Medium","Public","Negative",4,0,"College","Near","Male",69,0
17,62,"High","Low",0,6,99,"Medium",1,2,"Medium","Medium","Private","Negative",3,0,"High School","Far","Female",62,0
16,84,"Medium","High",1,8,51,"Low",1,0,"Medium","Medium","Public","Negative",3,0,"Postgraduate","Near","Female",66,1
23,94,"Low","Low",1,9,75,"Medium",1,3,"Low","Medium","Private","Neutral",2,0,"Postgraduate","Moderate","Female",69,0
18,75,"High","Medium",1,9,83,"Medium",1,2,"Low","Medium","Public","Positive",4,1,"Postgraduate","Moderate","Female",67,0
19,90,"Medium","High",1,5,90,"Low",1,0,"Low","Medium","Public","Neutral",2,0,"College","Far","Female",94,0
24,85,"Medium","Medium",1,7,87,"High",1,2,"Medium","Medium","Private","Neutral",2,0,"High School","Near","Female",71,0
9,75,"Medium","Medium",0,7,54,"Low",1,2,"Low","Medium","Public","Positive",4,0,"High School","Near","Female",61,1
28,66,"High","Medium",1,9,73,"Medium",1,2,"Low","Medium","Public","Positive",2,0,"College","Near","Male",68,0
20,88,"Medium","Medium",0,4,54,"Low",1,0,"High","Low","Public","Negative",4,0,"High School","Near","Male",66,1
18,94,"High","High",1,5,81,"Medium",1,0,"High","Low","Public","Negative",5,0,"High School","Near","Female",71,0
19,87,"Low","Medium",0,9,54,"Low",1,3,"Low","High","Public","Positive",4,0,"High School","Moderate","Female",66,1
20,61,"Low","Medium",0,6,52,"Medium",1,2,"Low","Low","Private","Negative",2,0,"Postgraduate","Near","Male",60,1
10,69,"Medium","Medium",1,5,65,"Low",1,0,"Medium","Medium","Private","Positive",3,0,"High School","Near","Female",60,1
29,63,"Low","Low",1,9,97,"High",0,3,"Medium","High","Public","Negative",3,0,"High School","Near","Male",66,0
20,83,"Medium","Low",1,5,85,"Medium",1,1,"High","High","Public","Neutral",2,0,"College","Far","Male",67,0
23,90,"Low","Low",0,9,50,"Low",1,4,"Medium","Medium","Private","Neutral",3,0,"High School","Moderate","Male",67,0
26,64,"Medium","Medium",0,5,64,"Medium",1,2,"High","Medium","Public","Negative",1,0,"High School","Near","Male",64,0
14,94,"Medium","Medium",0,5,51,"Medium",1,0,"Medium","High","Public","Neutral",3,0,"College","Near","Male",66,0
23,82,"High","Low",0,7,65,"High",1,1,"Medium","High","Public","Negative",3,0,"High School","Near","Female",68,0
18,88,"High","Low",1,6,84,"Medium",1,1,"Medium","High","Public","Positive",3,0,"Postgraduate","Moderate","Female",70,0
25,99,"High","Medium",1,7,88,"Medium",1,3,"Low","Medium","Private","Positive",4,0,"College","Moderate","Female",75,0
7,63,"High","High",1,10,90,"Medium",1,0,"Low","Medium","Private","Positive",2,1,"High School","Moderate","Male",86,0
19,96,"Medium","Medium",1,7,95,"High",1,3,"Medium","High","Private","Negative",3,0,"College","Near","Female",73,0
16,65,"Medium","Low",0,9,68,"Medium",1,1,"High","Medium","Public","Neutral",3,0,"High School","Moderate","Male",61,1
23,76,"High","High",0,7,93,"Medium",1,0,"Medium","Medium","Private","Negative",6,0,"High School","Moderate","Male",68,0
23,94,"Medium","High",0,8,86,"Medium",1,1,"Low","High","Public","Neutral",0,0,"College","Far","Female",70,0
16,96,"Medium","Medium",1,4,77,"High",1,1,"High","High","Public","Positive",2,0,"High School","Near","Male",71,0
16,80,"High","Medium",1,8,98,"High",1,2,"Medium","High","Private","Positive",4,0,"Postgraduate","Near","Male",71,0
19,84,"Medium","Medium",0,8,97,"High",1,2,"Medium","Medium","Public","Neutral",1,1,"College","Near","Male",68,0
15,88,"High","High",1,6,95,"Medium",1,2,"Low","Medium","Public","Negative",4,0,"High School","Near","Female",70,0
25,93,"Medium","Medium",1,10,60,"Low",1,1,"Medium","Medium","Public","Positive",3,0,"College","Moderate","Male",70,0
18,65,"Medium","High",1,6,60,"Low",1,0,"Medium","High","Private","Neutral",3,0,"High School","Moderate","Female",62,1
3,92,"High","Low",1,5,95,"High",1,3,"Medium","Medium","Public","Neutral",1,0,"Postgraduate","Near","Female",67,0
18,79,"Medium","Medium",0,8,70,"High",1,3,"Medium","Medium","Public","Positive",3,0,"College","Near","Female",68,0
14,78,"High","High",1,5,90,"Medium",1,1,"Medium","Medium","Public","Neutral",3,0,"Postgraduate","Near","Female",68,0
10,77,"High","High",0,7,84,"Low",1,2,"Low","High","Private","Neutral",1,0,"High School","Far","Male",64,1
13,80,"Medium","High",0,9,88,"Medium",1,1,"High","High","Public","Positive",3,0,"Postgraduate","Near","Male",68,0
21,98,"Low","High",1,8,51,"Medium",1,0,"Medium","Medium","Public","Neutral",3,0,"High School","Near","Male",69,0
28,82,"Medium","High",0,7,71,"Low",1,1,"Medium","High","Public","Neutral",3,0,"High School","Near","Male",70,0
22,98,"Medium","Medium",1,6,93,"Medium",1,4,"Low","Medium","Public","Neutral",4,0,"High School","Near","Female",73,0
16,67,"High","Medium",1,9,74,"Medium",1,1,"High","High","Public","Positive",3,0,"Postgraduate","Moderate","Male",66,0
23,89,"Low","Medium",0,5,85,"Low",1,0,"Low","Medium","Public","Positive",3,0,"Postgraduate","Moderate","Male",68,0
17,92,"Low","Medium",1,8,88,"High",0,1,"High","Medium","Public","Neutral",3,0,"High School","Near","Female",68,0
16,87,"Low","Medium",1,10,56,"Low",1,2,"Medium","High","Private","Neutral",0,0,"Postgraduate","Moderate","Female",65,1
13,84,"Medium","Medium",1,8,58,"High",1,2,"Low","Low","Public","Neutral",3,0,"Postgraduate","Near","Female",66,0
9,83,"High","Low",1,7,86,"Medium",1,0,"Low","Medium","Public","Negative",1,0,"College","Far","Female",62,0
18,94,"Low","Low",1,7,53,"Low",1,3,"Medium","High","Private","Neutral",2,0,"High School","Near","Female",67,0
21,93,"Medium","High",1,6,67,"High",1,1,"Medium","High","Public","Positive",3,0,"Postgraduate","Near","Female",73,0
19,65,"Medium","Low",1,6,96,"Medium",1,2,"Medium","High","Private","Neutral",2,0,"Postgraduate","Near","Male",65,0
18,94,"High","Low",0,7,79,"High",1,2,"High","Medium","Private","Neutral",4,0,"High School","Near","Female",70,0
14,77,"High","Medium",1,8,96,"Medium",1,3,"Medium","Medium","Public","Neutral",2,0,"Postgraduate","Near","Male",68,0
24,70,"High","Medium",1,9,65,"Medium",1,3,"Medium","Low","Private","Positive",3,0,"High School","Moderate","Male",67,0
12,95,"Low","Medium",1,4,82,"High",1,2,"Low","Medium","Public","Negative",3,0,"High School","Moderate","Male",66,0
25,77,"Medium","Low",0,4,64,"Low",1,3,"Low","Medium","Public","Neutral",4,1,"College","Near","Female",65,0
14,92,"High","Low",1,9,56,"Low",1,1,"Medium","Medium","Public","Neutral",4,0,"High School","Moderate","Female",66,1
15,71,"High","High",0,7,100,"Low",1,2,"Low","Low","Public","Neutral",4,0,"High School","Near","Male",66,1
11,60,"Medium","High",0,7,59,"High",1,2,"Low","Medium","Public","Positive",1,0,"College","Moderate","Male",60,1
17,80,"High","Low",1,8,59,"Medium",1,0,"High","High","Public","Negative",4,0,"College","Near","Female",66,0
26,64,"High","Medium",1,7,92,"Low",1,2,"Low","High","Private","Positive",4,0,"College","Moderate","Female",68,0
23,90,"Medium","Medium",1,10,90,"Low",1,3,"Low","Medium","Public","Positive",5,0,"High School","Near","Male",72,0
26,71,"Low","High",0,8,99,"Medium",0,1,"Medium","Medium","Public","Positive",3,0,"College","Near","Male",68,0
23,78,"Medium","Medium",1,6,54,"High",1,0,"Low","Medium","Public","Neutral",3,0,"Postgraduate","Near","Female",67,0
13,63,"High","Medium",0,6,55,"High",1,0,"Medium","Low","Public","Positive",4,0,"Postgraduate","Near","Male",62,0
18,71,"Medium","Medium",0,7,72,"High",1,0,"High","High","Public","Positive",5,0,"College","Moderate","Female",66,0
15,91,"High","Medium",0,6,80,"Medium",1,0,"Low","Medium","Private","Positive",3,0,"Postgraduate","Near","Male",69,0
28,66,"Medium","Medium",0,10,52,"Low",1,0,"Low","High","Public","Positive",3,0,"High School","Near","Male",64,1
13,86,"Low","Medium",0,7,58,"Medium",0,0,"Medium","Medium","Private","Positive",3,0,"High School","Near","Male",63,0
25,97,"Low","High",1,5,85,"Medium",1,2,"High","Medium","Public","Positive",2,0,"High School","Near","Male",74,0
25,87,"High","Medium",1,8,83,"Medium",1,0,"Medium","High","Private","Positive",4,0,"College","Moderate","Male",72,0
31,92,"Medium","Medium",1,9,54,"Medium",0,1,"Low","Medium","Private","Positive",3,0,"College","Near","Male",71,0
18,64,"Low","High",1,9,97,"Medium",1,2,"Medium","Medium","Public","Negative",3,0,"High School","Moderate","Female",64,0
24,70,"High","High",0,6,63,"Low",0,0,"Low","Medium","Public","Neutral",3,0,"High School","Near","Male",65,1
34,96,"Medium","Medium",1,5,94,"High",1,1,"Medium","High","Public","Negative",5,1,"High School","Moderate","Female",75,0
16,89,"High","Medium",0,9,96,"Medium",1,2,"Medium","Low","Public","Positive",3,0,"College","Far","Male",69,0
11,86,"Medium","Medium",0,5,75,"Medium",1,1,"Medium","Low","Public","Neutral",4,0,"Postgraduate","Moderate","Female",65,0
9,87,"Low","Low",0,8,71,"Low",0,0,"Low","High","Public","Neutral",1,0,"College","Moderate","Male",60,1
24,77,"Medium","Medium",1,6,64,"Medium",1,2,"High","Medium","Public","Positive",4,0,"High School","Near","Male",69,0
9,62,"High","High",1,9,90,"High",1,4,"High","Medium","Public","Neutral",4,0,"College","Far","Male",65,0
18,91,"Low","Medium",1,5,60,"Low",1,0,"High","High","Private","Positive",4,0,"High School","Moderate","Male",67,0
23,87,"High","Low",0,6,81,"Low",1,5,"Medium","High","Private","Neutral",2,0,"High School","Far","Female",70,0
21,79,"Medium","Low",1,8,78,"Low",1,1,"Low","High","Public","Positive",4,0,"College","Moderate","Female",66,0
23,96,"Medium","Medium",1,8,62,"Medium",1,0,"Low","High","Public","Neutral",4,0,"High School","Moderate","Female",69,0
21,73,"Medium","Medium",1,9,99,"Medium",1,2,"Medium","High","Public","Neutral",3,0,"Postgraduate","Near","Male",69,0
28,72,"High","Medium",1,8,92,"Low",1,1,"Medium","Medium","Public","Negative",2,0,"High School","Near","Female",68,0
14,95,"Medium","Medium",1,8,51,"Medium",1,5,"Medium","Medium","Private","Positive",4,0,"College","Near","Female",70,0
16,92,"Medium","Low",0,9,71,"High",1,2,"Low","Medium","Private","Neutral",2,0,"High School","Moderate","Female",66,0
15,81,"High","Medium",0,5,68,"Low",0,0,"Medium","High","Public","Positive",3,0,"High School","Near","Female",65,1
25,65,"Low","Medium",0,6,94,"Medium",1,1,"Low","High","Public","Negative",4,0,"College","Near","Male",65,0
25,69,"Low","Medium",1,5,63,"Medium",1,1,"High","Medium","Private","Neutral",2,0,"High School","Near","Male",65,0
23,86,"Low","Medium",1,4,100,"Medium",1,0,"Low","High","Public","Negative",3,0,"Postgraduate","Near","Male",69,0
27,75,"Medium","Medium",0,8,60,"Medium",1,4,"Medium","Medium","Public","Positive",2,0,"Postgraduate","Moderate","Female",69,0
13,93,"Medium","High",0,9,62,"Low",1,0,"Low","Medium","Private","Neutral",3,0,"High School","Moderate","Male",65,1
30,98,"High","High",1,8,83,"High",0,1,"Low","High","Public","Neutral",3,0,"High School","Near","Female",76,0
29,92,"Medium","High",0,8,58,"Low",1,2,"Medium","Low","Private","Neutral",3,0,"College","Near","Male",72,0
24,75,"Medium","Low",0,7,94,"Medium",1,2,"Medium","High","Public","Negative",4,0,"High School","Near","Male",67,0
31,92,"High","Medium",1,7,55,"Medium",1,3,"Low","High","Public","Positive",3,0,"High School","Near","Male",74,0
10,74,"Medium","Medium",1,10,99,"High",1,2,"Medium","High","Public","Neutral",3,0,"College","Near","Male",66,0
17,67,"High","High",1,9,94,"Medium",1,2,"Low","Low","Private","Positive",3,0,"High School","Near","Female",66,0
16,61,"Medium","High",0,6,92,"High",1,4,"High","High","Public","Neutral",3,0,"High School","Near","Male",66,0
24,75,"Low","High",1,9,70,"High",1,5,"High","High","Public","Negative",5,0,"College","Near","Female",71,0
14,96,"Medium","Low",0,9,76,"Medium",1,0,"Low","High","Public","Neutral",3,0,"High School","Moderate","Male",66,0
25,70,"Low","High",0,8,73,"High",1,1,"Low","Low","Public","Negative",2,0,"Postgraduate","Near","Male",65,0
28,68,"Low","High",1,8,99,"Medium",1,1,"High","Medium","Public","Neutral",3,0,"High School","Near","Female",69,0
24,99,"Medium","Low",1,8,52,"Low",1,1,"Low","High","Public","Negative",2,0,"High School","Near","Male",69,0
22,61,"Medium","Medium",1,5,69,"Low",1,2,"Low","High","Public","Neutral",2,0,"High School","Far","Female",63,1
14,91,"Low","Medium",0,5,98,"High",1,0,"High","High","Public","Neutral",3,0,"High School","Near","Female",68,0
15,73,"Medium","Medium",0,8,68,"Medium",1,1,"High","Medium","Public","Neutral",3,0,"High School","Near","Female",64,0
27,61,"Medium","Medium",0,5,70,"Medium",1,2,"Low","Low","Public","Neutral",2,0,"College","Near","Male",64,0
25,97,"Medium","High",1,5,82,"High",1,1,"Low","High","Public","Negative",5,0,"College","Moderate","Male",73,0
20,66,"Low","High",1,4,95,"High",1,2,"High","Medium","Public","Neutral",2,0,"High School","Moderate","Female",66,0
17,82,"Medium","High",0,6,65,"Low",1,4,"Low","Medium","Private","Positive",3,0,"High School","Moderate","Female",67,1
8,71,"High","Medium",1,8,97,"Medium",1,3,"Medium","Medium","Private","Neutral",1,1,"High School","Near","Female",63,1
14,63,"Medium","Medium",1,8,64,"High",1,1,"Low","Medium","Public","Neutral",3,0,"High School","Moderate","Male",61,0
31,62,"Medium","Medium",1,8,91,"High",1,4,"High","High","Public","Positive",4,0,"High School","Moderate","Male",71,0
12,65,"Low","Medium",1,6,64,"Medium",1,1,"Medium","Medium","Public","Positive",3,0,"College","Near","Female",61,1
21,63,"Medium","Low",1,7,54,"Low",1,1,"Medium","Medium","Private","Positive",3,0,"College","Moderate","Female",62,1
26,90,"High","High",1,8,91,"Medium",1,1,"High","High","Private","Neutral",4,1,"High School","Near","Male",74,0
12,79,"Medium","Medium",0,8,73,"Medium",1,2,"Medium","Medium","Private","Neutral",4,0,"High School","Near","Male",65,0
21,74,"Low","Low",1,6,70,"Low",1,2,"Low","High","Public","Positive",3,0,"High School","Moderate","Female",64,1
26,77,"Low","Low",0,7,71,"Medium",1,1,"Medium","High","Public","Neutral",4,0,"Postgraduate","Moderate","Male",66,0
20,97,"High","High",1,4,81,"Medium",1,1,"Medium","Medium","Public","Positive",2,1,"High School","Near","Male",72,0
37,96,"High","Medium",1,7,63,"Medium",1,0,"Medium","High","Private","Positive",4,0,"High School","Near","Male",76,0
10,89,"Medium","Medium",1,6,62,"Medium",1,4,"Low","Medium","Public","Positive",3,0,"Postgraduate","Moderate","Male",67,0
26,95,"Medium","High",0,9,74,"Low",1,3,"Low","Medium","Private","Neutral",3,1,"High School","Near","Female",71,0
19,73,"High","Medium",0,6,52,"Medium",1,1,"Medium","Medium","Public","Positive",3,0,"High School","Near","Male",65,0
25,75,"Low","Low",1,7,82,"Medium",1,3,"Medium","High","Private","Negative",4,0,"Postgraduate","Near","Male",68,0
23,85,"Medium","Medium",1,6,91,"Low",1,1,"Low","High","Public","Neutral",3,0,"High School","Far","Male",68,0
16,85,"High","Low",1,6,86,"Low",1,3,"High","High","Private","Neutral",2,0,"High School","Far","Male",67,0
21,79,"Medium","Low",0,8,73,"Medium",1,1,"Low","Low","Public","Neutral",2,0,"High School","Near","Female",64,0
9,76,"Low","High",0,6,78,"Low",0,0,"Medium","Medium","Public","Negative",4,1,"Postgraduate","Near","Male",60,1
24,99,"Medium","Medium",0,10,51,"Low",1,1,"Low","Medium","Public","Neutral",3,0,"High School","Near","Male",70,0
22,93,"High","Medium",1,4,96,"High",1,1,"High","Low","Private","Positive",2,0,"College","Near","Male",73,0
24,77,"Medium","Medium",1,8,78,"Low",1,2,"High","High","Private","Positive",3,0,"High School","Moderate","Male",69,0
26,89,"High","Medium",0,7,66,"Medium",1,0,"Low","Medium","Public","Neutral",5,1,"College","Near","Male",70,0
22,71,"Medium","Medium",0,7,65,"Low",1,1,"Low","Medium","Public","Neutral",3,0,"College","Near","Male",64,1
21,64,"High","Low",1,7,83,"High",1,2,"Low","Low","Public","Neutral",3,0,"High School","Moderate","Female",64,0
15,74,"High","Medium",1,8,79,"Medium",1,0,"High","Medium","Public","Negative",3,0,"College","Near","Male",65,0
16,76,"Medium","Medium",0,7,59,"Low",1,0,"Low","Medium","Public","Neutral",2,0,"College","Near","Female",62,1
27,61,"Medium","Medium",1,9,70,"Medium",1,0,"Medium","Medium","Public","Neutral",2,0,"High School","Near","Male",64,0
29,93,"Medium","Medium",1,7,84,"Medium",1,0,"High","Medium","Public","Neutral",3,0,"College","Moderate","Male",72,0
19,74,"Medium","Low",1,5,65,"High",0,1,"Low","High","Public","Positive",3,0,"High School","Near","Male",64,0
20,83,"Medium","Medium",1,7,75,"Medium",1,0,"Medium","Medium","Public","Neutral",4,0,"High School","Near","Female",67,0
15,63,"High","High",1,9,63,"Low",0,4,"High","High","Private","Negative",3,0,"College","Near","Male",64,1
27,67,"Low","Medium",0,6,54,"Medium",1,0,"Medium","Low","Private","Negative",2,0,"High School","Far","Male",61,0
24,96,"Medium","High",1,5,69,"Medium",1,1,"Low","Medium","Public","Positive",4,0,"High School","Near","Male",72,0
32,84,"Medium","Medium",1,8,87,"Medium",0,2,"Medium","Medium","Public","Positive",1,0,"High School","Far","Male",70,0
15,98,"Medium","High",0,8,61,"Medium",1,4,"Low","Medium","Public","Positive",2,0,"High School","Moderate","Female",70,0
18,100,"Medium","Medium",0,6,88,"Medium",1,2,"Medium","Medium","Public","Neutral",2,0,"College","Moderate","Male",71,0
21,75,"High","High",0,7,83,"Low",1,1,"Medium","Medium","Public","Positive",2,0,"College","Near","Female",68,0
24,72,"Medium","Medium",0,7,75,"Medium",1,3,"High","Medium","Private","Neutral",2,0,"College","Near","Female",68,0
19,94,"High","High",0,7,99,"Medium",1,0,"Low","Medium","Public","Neutral",1,1,"High School","Near","Male",70,0
15,100,"High","High",0,8,94,"High",1,2,"Medium","High","Public","Negative",3,0,"College","Near","Male",73,0
25,85,"High","Medium",0,6,78,"Low",1,2,"Medium","High","Public","Neutral",1,0,"High School","Far","Female",69,0
24,92,"Medium","High",0,8,78,"High",1,0,"Medium","Medium","Public","Neutral",3,0,"High School","Near","Male",71,0
15,91,"Low","Medium",0,6,64,"Low",1,1,"Low","High","Public","Positive",3,1,"High School","Near","Male",64,1
28,74,"Medium","Medium",0,9,96,"Low",1,0,"Medium","Medium","Private","Neutral",3,0,"High School","Near","Female",68,0
27,83,"Medium","Medium",0,10,95,"Medium",1,0,"High","Low","Private","Neutral",4,0,"High School","Moderate","Female",69,0
21,93,"High","Low",0,6,87,"Medium",1,1,"Low","High","Public","Positive",2,0,"High School","Near","Female",70,0
20,88,"Medium","Medium",0,5,56,"Medium",1,1,"Low","Medium","Public","Neutral",4,0,"High School","Near","Female",67,0
23,61,"Medium","High",1,8,85,"Medium",1,1,"Medium","High","Private","Positive",0,0,"High School","Near","Male",66,0
15,73,"Medium","High",0,7,63,"Medium",1,2,"Medium","Medium","Public","Neutral",5,0,"Postgraduate","Moderate","Male",65,0
20,66,"Medium","High",1,8,59,"Low",1,4,"Medium","Medium","Public","Positive",3,0,"College","Near","Male",66,1
7,69,"Low","Medium",1,6,88,"Medium",1,0,"Low","High","Private","Negative",4,0,"Postgraduate","Near","Female",61,1
25,96,"Low","Medium",0,7,98,"Medium",1,0,"Low","Medium","Public","Positive",2,0,"High School","Near","Female",71,0
11,61,"High","Low",1,6,55,"Medium",1,5,"High","Low","Public","Neutral",3,0,"High School","Far","Male",60,1
29,69,"Medium","Medium",1,7,58,"Medium",1,1,"Low","Low","Public","Positive",2,0,"College","Near","Male",66,0
18,72,"Low","Low",1,5,61,"Low",1,1,"Medium","Medium","Private","Negative",4,0,"College","Moderate","Male",61,1
19,85,"Medium","Medium",1,7,98,"High",1,2,"Medium","Medium","Public","Negative",3,1,"High School","Moderate","Female",68,0
16,81,"Medium","High",1,5,85,"High",0,2,"Low","Medium","Public","Positive",3,0,"College","Near","Male",68,0
18,69,"Medium","Medium",1,6,84,"Medium",1,2,"Low","Medium","Public","Positive",4,0,"High School","Near","Male",65,0
29,67,"High","Low",0,7,75,"Medium",0,3,"Low","Medium","Public","Neutral",1,0,"High School","Near","Female",65,0
5,69,"Medium","Medium",1,8,77,"Medium",0,2,"Low","High","Public","Negative",2,0,"College","Near","Female",60,1
28,80,"Low","Medium",0,8,65,"Low",1,2,"Low","Medium","Private","Neutral",2,0,"College","Near","Male",67,0
22,71,"High","Medium",0,8,58,"Medium",0,2,"Low","Medium","Public","Negative",4,0,"College","Near","Female",65,0
13,98,"High","Medium",1,5,89,"High",1,1,"High","Medium","Public","Negative",3,0,"High School","Near","Male",70,0
14,79,"Medium","Medium",0,9,74,"Medium",1,1,"Medium","Medium","Public","Neutral",4,0,"High School","Near","Male",64,0
30,62,"Medium","High",1,6,63,"Medium",1,2,"Low","High","Public","Positive",4,0,"High School","Moderate","Male",68,0
14,89,"High","Medium",0,6,82,"High",1,2,"Medium","Medium","Public","Negative",4,0,"College","Moderate","Female",69,0
13,73,"Medium","High",1,7,60,"High",1,0,"High","High","Public","Neutral",3,0,"College","Near","Female",65,0
27,86,"Medium","Medium",0,6,74,"Medium",1,2,"High","High","Private","Neutral",3,0,"High School","Near","Male",71,0
22,71,"Medium","Medium",1,8,60,"Low",1,1,"Medium","High","Public","Neutral",4,0,"High School","Moderate","Female",65,1
14,83,"Medium","High",1,8,88,"Low",1,0,"High","Medium","Public","Negative",2,1,"High School","Moderate","Male",65,1
21,91,"Medium","Medium",1,6,66,"High",1,0,"Medium","Medium","Public","Positive",2,1,"College","Far","Female",68,0
14,97,"Medium","Low",0,7,72,"High",1,1,"Low","Low","Public","Neutral",3,0,"High School","Near","Female",66,0
27,70,"Low","Low",1,7,88,"Medium",0,1,"High","Medium","Public","Neutral",3,0,"High School","Near","Male",65,0
26,73,"High","High",1,8,83,"Low",1,2,"Medium","Medium","Public","Positive",4,0,"College","Near","Male",71,0
23,79,"Low","Medium",1,6,70,"Medium",1,3,"Medium","High","Public","Negative",4,0,"Postgraduate","Moderate","Female",68,0
22,97,"Medium","Medium",1,6,54,"Medium",0,2,"High","Medium","Public","Neutral",2,0,"College","Near","Male",70,0
31,96,"Medium","Low",0,5,96,"Low",1,3,"Low","High","Private","Neutral",2,0,"College","Near","Female",74,0
20,64,"High","Low",1,6,50,"High",1,0,"Low","Medium","Private","Neutral",2,0,"High School","Near","Male",62,0
13,65,"Medium","High",0,5,87,"Low",1,1,"Medium","Medium","Public","Positive",2,1,"High School","Moderate","Female",61,1
23,80,"High","High",1,6,97,"Medium",1,0,"Medium","Medium","Private","Neutral",3,0,"High School","Near","Male",70,0
33,64,"Low","Medium",1,9,65,"Medium",1,0,"Medium","Medium","Public","Negative",2,0,"College","Moderate","Male",65,0
14,74,"Medium","Medium",1,8,54,"High",1,2,"Low","Low","Public","Neutral",2,0,"High School","Moderate","Male",62,0
18,66,"High","High",0,9,62,"Medium",1,2,"High","Medium","Public","Neutral",4,0,"High School","Moderate","Female",65,1
22,85,"High","Medium",0,6,66,"Low",1,0,"Low","Medium","Private","Positive",4,0,"College","Near","Male",68,0
20,98,"Medium","High",1,4,73,"Medium",1,2,"Medium","Low","Private","Positive",1,0,"High School","Far","Male",70,0
14,100,"Medium","Low",0,7,76,"Low",1,1,"Medium","Medium","Private","Neutral",3,0,"Postgraduate","Near","Female",68,0
27,75,"Low","Medium",0,10,86,"Medium",0,3,"Medium","Medium","Private","Positive",6,0,"Postgraduate","Near","Female",69,0
34,84,"Medium","High",1,6,95,"Medium",1,1,"Low","Medium","Private","Neutral",3,0,"Postgraduate","Far","Male",73,0
21,94,"Medium","Medium",1,7,73,"Medium",1,1,"Medium","Medium","Private","Positive",5,0,"College","Near","Female",71,0
15,65,"Low","High",1,5,87,"Medium",1,0,"Low","High","Private","Neutral",4,0,"High School","Near","Female",63,0
11,88,"High","Medium",1,7,56,"Low",1,2,"Medium","Medium","Public","Neutral",2,0,"College","Near","Male",66,1
22,76,"High","Low",1,7,66,"Low",1,1,"Low","High","Private","Positive",4,0,"Postgraduate","Near","Male",67,0
27,68,"Low","High",0,4,56,"Medium",1,0,"Low","High","Public","Neutral",1,0,"High School","Near","Female",64,0
23,76,"Medium","Low",1,5,85,"Medium",1,1,"Medium","Low","Public","Neutral",3,0,"High School","Near","Female",66,0
20,63,"High","High",1,5,95,"Medium",1,2,"High","High","Public","Positive",3,0,"College","Near","Male",69,0
16,88,"Medium","High",1,5,94,"High",1,4,"Medium","Medium","Private","Positive",6,0,"College","Moderate","Male",72,0
13,70,"Medium","High",1,6,66,"Medium",1,1,"Medium","Medium","Public","Negative",4,0,"High School","Near","Male",63,1
25,72,"Medium","High",1,8,62,"Medium",1,2,"Low","Medium","Public","Positive",2,0,"High School","Near","Female",67,0
25,65,"Low","Medium",0,6,64,"Medium",1,1,"Medium","Medium","Private","Negative",4,0,"College","Near","Male",64,0
11,95,"Medium","Medium",1,9,64,"High",1,4,"Low","Medium","Public","Positive",4,0,"High School","Moderate","Male",68,0
30,80,"High","High",0,6,54,"High",1,1,"High","Medium","Public","Positive",3,0,"High School","Moderate","Female",71,0
23,83,"Medium","Low",1,7,57,"Medium",0,2,"Medium","High","Public","Positive",4,0,"High School","Moderate","Female",67,0
28,83,"Medium","Low",0,8,61,"Medium",1,1,"Low","Medium","Private","Negative",5,1,"Postgraduate","Near","Male",67,0
12,76,"Medium","Medium",1,9,50,"Medium",1,2,"Medium","High","Public","Negative",3,0,"College","Near","Male",64,1
12,68,"High","Low",0,6,52,"Low",1,5,"High","High","Public","Neutral",3,0,"College","Near","Male",63,1
19,90,"High","High",0,8,85,"Medium",1,2,"Medium","Medium","Public","Neutral",4,0,"College","Near","Male",72,0
23,65,"Low","Medium",1,6,81,"Low",1,2,"Low","Medium","Public","Neutral",2,0,"High School","Near","Female",63,1
31,64,"High","Medium",0,10,97,"Low",1,2,"Medium","Medium","Private","Negative",4,0,"High School","Far","Female",67,0
24,88,"Low","Medium",1,5,70,"Medium",0,1,"Low","Medium","Private","Positive",2,0,"Postgraduate","Near","Male",68,0
19,68,"Low","High",1,8,72,"High",1,2,"Low","High","Private","Neutral",3,0,"College","Far","Male",64,0
14,72,"Medium","High",0,9,53,"Medium",1,4,"Medium","Medium","Public","Negative",3,0,"Postgraduate","Near","Male",65,1
27,79,"Medium","Low",1,5,58,"High",1,2,"Medium","Medium","Private","Neutral",1,0,"Postgraduate","Far","Female",68,0
14,78,"Medium","High",1,8,85,"Medium",1,2,"Low","Medium","Private","Negative",4,0,"High School","Near","Male",66,0
30,88,"Medium","Medium",1,6,62,"High",1,4,"Low","Medium","Private","Positive",5,0,"College","Far","Female",73,0
18,85,"Low","Medium",1,10,89,"Medium",1,1,"High","Medium","Private","Positive",3,0,"High School","Near","Female",68,0
30,86,"Medium","High",0,4,85,"High",1,2,"Medium","Medium","Private","Neutral",5,1,"Postgraduate","Far","Male",72,0
24,89,"Medium","Medium",1,5,87,"Medium",0,3,"High","Medium","Public","Neutral",0,0,"High School","Near","Female",70,0
19,72,"Medium","Medium",1,5,85,"High",1,1,"Low","Medium","Private","Neutral",4,0,"College","Near","Female",66,0
17,73,"Low","Medium",1,5,85,"High",1,3,"Medium","Medium","Public","Positive",1,0,"College","Near","Female",66,0
18,78,"Low","Low",1,8,77,"Medium",1,2,"Medium","High","Private","Neutral",4,0,"College","Near","Female",66,0
23,72,"High","Low",1,10,84,"Low",1,2,"Low","Medium","Public","Negative",2,0,"High School","Moderate","Male",65,0
20,99,"High","Low",1,9,76,"High",1,2,"Low","Medium","Public","Neutral",5,0,"College","Far","Male",71,0
16,93,"Low","Medium",1,7,60,"Medium",1,1,"Medium","Medium","Public","Positive",1,0,"High School","Moderate","Female",66,0
19,67,"Medium","Low",0,7,61,"High",1,1,"Medium","Medium","Private","Neutral",4,0,"College","Moderate","Female",63,0
20,60,"Medium","Medium",1,6,70,"Medium",1,2,"Low","Medium","Public","Neutral",3,1,"Postgraduate","Near","Female",63,1
7,62,"High","Medium",1,8,51,"Low",1,0,"Medium","Low","Public","Positive",3,0,"College","Moderate","Male",58,1
23,70,"Medium","High",0,7,94,"Low",1,3,"Medium","High","Public","Neutral",3,0,"High School","Near","Female",68,0
14,65,"High","Medium",0,7,63,"Medium",1,2,"Low","Medium","Public","Neutral",3,0,"High School","Moderate","Male",61,1
13,81,"Medium","High",0,6,53,"Low",1,2,"Low","Medium","Public","Positive",4,0,"High School","Near","Male",65,1
10,94,"High","Low",0,5,71,"Medium",1,1,"High","Medium","Public","Positive",3,0,"High School","Moderate","Male",67,0
9,89,"Low","High",1,7,91,"Medium",1,1,"High","Low","Public","Neutral",3,0,"Postgraduate","Near","Male",67,0
12,69,"High","Low",0,7,70,"Medium",1,1,"Medium","Medium","Private","Positive",4,0,"High School","Near","Male",62,1
16,76,"Medium","High",1,6,63,"High",1,0,"Low","Medium","Public","Positive",1,0,"High School","Near","Female",86,0
32,80,"High","Medium",0,6,77,"Low",1,0,"Medium","Medium","Public","Neutral",5,0,"College","Near","Male",71,0
17,92,"Medium","Medium",1,8,79,"Medium",1,1,"Low","Medium","Public","Positive",3,0,"Postgraduate","Near","Male",70,0
21,94,"Medium","Medium",0,8,88,"Medium",1,1,"Medium","Medium","Public","Positive",3,0,"College","Near","Male",71,0
22,96,"High","Low",0,10,90,"High",1,2,"Low","Medium","Public","Neutral",3,1,"College","Moderate","Male",71,0
21,80,"High","High",1,9,85,"Low",1,1,"High","Medium","Public","Negative",3,0,"College","Near","Female",70,0
20,88,"Medium","High",1,5,50,"Medium",0,2,"Low","Medium","Public","Neutral",5,0,"High School","Moderate","Male",67,0
13,64,"Medium","Low",1,7,50,"High",1,0,"Medium","Low","Public","Positive",4,0,"High School","Near","Male",60,1
29,83,"High","High",0,5,99,"Medium",1,0,"Medium","High","Public","Neutral",4,0,"College","Near","Female",73,0
31,70,"High","Low",1,4,63,"High",1,1,"Medium","Medium","Public","Neutral",2,1,"High School","Near","Female",67,0
10,77,"Low","High",1,10,64,"High",1,1,"Low","Medium","Private","Negative",3,1,"College","Near","Female",62,0
14,85,"Medium","High",0,9,87,"High",1,0,"Medium","Medium","Public","Negative",3,0,"College","Near","Female",67,0
18,70,"High","Low",0,6,79,"Medium",1,1,"Medium","High","Public","Positive",2,0,"College","Near","Female",65,0
14,62,"Medium","Medium",0,9,73,"Medium",1,1,"Low","Medium","Public","Neutral",6,0,"High School","Near","Male",61,1
23,60,"High","Medium",1,9,56,"Low",0,0,"Low","Medium","Private","Negative",4,0,"High School","Moderate","Female",61,1
16,61,"High","Medium",0,4,54,"Low",1,1,"Low","Medium","Private","Neutral",2,0,"High School","Near","Female",60,1
33,60,"High","High",0,8,85,"Low",1,4,"Low","Low","Public","Negative",3,0,"High School","Near","Male",68,0
27,64,"High","Medium",1,6,56,"Low",1,0,"Low","High","Public","Neutral",5,0,"College","Moderate","Female",65,1
21,70,"High","High",1,8,72,"Low",1,3,"Medium","Low","Public","Neutral",1,0,"Postgraduate","Moderate","Female",67,1
26,69,"High","Low",0,10,87,"Low",1,2,"Medium","Low","Public","Positive",2,0,"Postgraduate","Near","Male",67,0
27,99,"High","Medium",0,9,96,"Low",1,0,"High","Medium","Private","Positive",2,0,"College","Moderate","Male",74,0
17,72,"Low","Medium",0,7,94,"Low",1,4,"Medium","Medium","Public","Positive",2,0,"High School","Far","Female",64,1
15,65,"Medium","High",1,9,93,"Low",1,2,"Low","Low","Private","Neutral",3,0,"College","Near","Male",64,1
20,82,"Medium","Low",1,4,68,"Medium",1,2,"Low","High","Public","Neutral",3,0,"High School","Near","Male",67,0
25,94,"High","High",0,8,96,"High",1,6,"Medium","Medium","Public","Negative",3,1,"High School","Far","Female",74,0
21,87,"Medium","Medium",1,8,84,"High",1,1,"Low","Low","Private","Positive",2,0,"College","Near","Male",69,0
11,72,"Low","Medium",0,8,94,"High",1,1,"Low","Low","Public","Positive",2,0,"High School","Near","Male",62,0
15,82,"Medium","Medium",1,6,54,"Medium",1,1,"Medium","Medium","Public","Positive",2,0,"College","Near","Female",66,0
20,89,"High","High",1,8,52,"Low",1,2,"Medium","Medium","Public","Negative",3,0,"College","Moderate","Female",69,0
20,89,"High","Medium",1,8,71,"Medium",1,1,"Medium","Medium","Public","Negative",1,0,"Postgraduate","Far","Male",68,0
32,87,"High","Medium",1,4,91,"Medium",1,2,"High","Medium","Public","Neutral",2,0,"High School","Moderate","Female",74,0
12,95,"Medium","Medium",0,7,70,"Medium",1,4,"Medium","High","Public","Positive",3,0,"High School","Far","Male",68,0
23,95,"Medium","Medium",1,6,94,"High",1,2,"Medium","Medium","Public","Neutral",3,0,"High School","Near","Male",73,0
29,83,"Medium","Low",0,8,62,"Low",1,4,"High","Medium","Public","Negative",5,0,"College","Near","Male",70,0
34,77,"Medium","High",0,9,52,"Medium",1,0,"Medium","Medium","Private","Neutral",4,0,"High School","Moderate","Female",69,0
18,86,"Medium","Medium",1,6,88,"Medium",1,2,"Medium","High","Public","Neutral",2,0,"College","Far","Male",68,0
23,93,"Medium","High",0,5,81,"High",1,2,"Low","Medium","Private","Negative",1,0,"College","Near","Male",71,0
23,60,"Low","Medium",0,7,72,"Low",1,3,"High","Medium","Public","Neutral",2,0,"College","Near","Female",64,1
21,100,"Medium","Medium",0,5,92,"Low",1,3,"Low","Low","Public","Positive",3,1,"Postgraduate","Near","Male",71,0
19,67,"Medium","Medium",0,7,91,"Medium",1,1,"Low","High","Public","Neutral",3,0,"High School","Near","Female",65,0
23,79,"Low","Medium",1,7,66,"High",1,1,"High","Medium","Private","Positive",3,0,"Postgraduate","Near","Male",68,0
5,95,"Medium","High",1,8,92,"Low",1,1,"Low","High","Private","Neutral",2,0,"College","Near","Female",67,1
24,69,"Medium","High",1,7,67,"Medium",1,2,"Medium","High","Public","Negative",4,0,"Postgraduate","Far","Male",67,0
21,79,"Medium","Low",1,7,81,"Low",1,2,"Medium","Medium","Public","Neutral",4,0,"High School","Near","Male",67,0
19,65,"Medium","High",1,9,60,"Low",1,1,"Low","Medium","Public","Neutral",3,0,"Postgraduate","Moderate","Male",63,1
32,76,"Medium","Medium",0,7,63,"Medium",1,0,"Medium","Low","Public","Positive",3,0,"High School","Near","Female",68,0
16,67,"High","High",1,6,72,"Medium",1,1,"Low","High","Public","Positive",3,0,"Postgraduate","Near","Female",66,0
18,75,"Medium","Medium",1,7,66,"High",1,1,"High","High","Public","Positive",4,0,"High School","Near","Male",67,0
32,75,"Medium","Low",1,6,56,"Medium",1,3,"Medium","Medium","Public","Neutral",2,0,"College","Moderate","Female",68,0
15,100,"High","Medium",1,5,74,"Medium",1,2,"High","Medium","Private","Neutral",3,0,"Postgraduate","Near","Male",72,0
17,100,"Medium","Medium",0,5,76,"Low",1,3,"Low","High","Private","Neutral",3,0,"Postgraduate","Moderate","Female",70,0
19,65,"Low","High",0,9,58,"Low",1,3,"Medium","Medium","Public","Negative",4,0,"High School","Moderate","Female",62,1
25,89,"Medium","Low",1,6,59,"Medium",1,2,"Low","Medium","Public","Neutral",2,0,"College","Near","Female",69,0
21,62,"Medium","Low",1,7,51,"Low",1,0,"Low","Medium","Private","Positive",4,0,"High School","Near","Female",61,1
12,61,"Medium","Low",1,7,52,"Low",1,2,"Low","Medium","Public","Positive",2,0,"High School","Moderate","Female",58,1
17,64,"Low","Medium",0,7,68,"Medium",1,5,"Medium","Medium","Private","Neutral",3,0,"High School","Near","Male",63,1
16,99,"High","Medium",0,9,57,"High",0,4,"Medium","Medium","Public","Positive",3,0,"College","Near","Female",71,0
20,98,"Low","Medium",1,7,96,"Low",0,1,"Low","High","Public","Positive",3,0,"College","Near","Female",70,0
23,68,"High","Medium",0,6,60,"Medium",1,1,"Low","Medium","Public","Neutral",3,0,"High School","Near","Female",64,0
23,66,"High","Low",0,6,53,"Low",1,2,"Medium","Medium","Public","Positive",1,0,"College","Far","Male",63,1
9,70,"High","Medium",1,8,70,"Low",1,1,"Medium","Medium","Public","Positive",3,0,"College","Near","Male",63,1
26,81,"High","Low",0,8,60,"High",1,2,"Low","High","Public","Positive",5,0,"Postgraduate","Near","Female",71,0
22,83,"Low","High",1,8,53,"Medium",0,0,"Low","Low","Public","Negative",2,0,"Postgraduate","Near","Female",65,0
28,69,"High","High",0,7,88,"Low",1,2,"Low","Medium","Public","Neutral",2,0,"High School","Moderate","Male",68,0
23,90,"Medium","High",1,5,78,"High",0,1,"Medium","Medium","Private","Neutral",3,0,"High School","Moderate","Male",70,0
27,72,"High","High",1,8,53,"Medium",1,3,"Medium","Low","Public","Neutral",3,0,"High School","Far","Female",68,0
23,97,"Medium","High",0,7,73,"Medium",0,3,"Low","Medium","Private","Negative",1,0,"High School","Moderate","Male",69,0
28,86,"Medium","Medium",1,7,52,"Medium",1,0,"Medium","Medium","Public","Positive",5,0,"College","Near","Male",70,0
23,77,"High","Medium",0,5,68,"Low",1,0,"High","High","Private","Positive",3,1,"High School","Near","Male",67,0
19,92,"Low","High",1,6,68,"Medium",1,2,"Medium","Medium","Public","Neutral",2,0,"High School","Near","Female",69,0
34,93,"Low","Medium",0,6,91,"Low",1,2,"High","Medium","Public","Neutral",3,0,"High School","Moderate","Female",73,0
25,72,"Medium","Medium",1,8,87,"Low",1,3,"Medium","Low","Public","Positive",3,0,"Postgraduate","Moderate","Male",68,0
23,74,"High","Medium",0,8,95,"Medium",1,2,"Low","Medium","Public","Negative",2,0,"College","Far","Female",67,0
12,97,"Medium","High",1,7,57,"Low",1,0,"Low","Medium","Private","Positive",4,0,"College","Moderate","Female",67,1
12,67,"Medium","High",1,8,77,"Medium",1,2,"Low","High","Private","Positive",3,0,"College","Near","Male",64,1
22,62,"High","Medium",0,9,51,"Medium",1,2,"Low","Medium","Public","Neutral",2,0,"High School","Near","Male",63,1
21,78,"Low","High",0,8,91,"Medium",0,1,"Medium","Low","Private","Negative",5,0,"Postgraduate","Near","Female",67,0
16,92,"Medium","High",1,8,68,"Medium",1,1,"Medium","High","Public","Positive",2,0,"High School","Near","Male",70,0
21,91,"High","Medium",1,6,53,"High",1,1,"Medium","Medium","Public","Positive",3,0,"Postgraduate","Near","Female",71,0
30,97,"Medium","High",1,6,66,"High",1,1,"Medium","Medium","Private","Neutral",2,0,"College","Near","Male",74,0
24,81,"Medium","High",1,9,64,"High",1,2,"High","Low","Public","Positive",3,0,"High School","Near","Male",70,0
13,64,"Low","Low",0,6,88,"Medium",1,1,"Medium","Medium","Public","Neutral",2,0,"College","Moderate","Female",59,1
19,84,"Low","Medium",1,8,56,"Medium",1,0,"Low","Medium","Private","Neutral",3,1,"High School","Near","Male",64,0
15,91,"Low","Medium",0,10,78,"Low",1,2,"Medium","High","Public","Neutral",3,0,"High School","Near","Female",67,0
18,64,"Medium","Medium",1,8,90,"Medium",1,1,"Low","Medium","Public","Neutral",3,0,"High School","Near","Male",63,0
18,67,"Low","High",1,7,87,"Medium",1,5,"Low","Low","Public","Positive",2,0,"College","Near","Male",66,0
17,60,"Medium","Medium",1,5,97,"Medium",1,1,"Medium","Medium","Private","Negative",4,0,"College","Far","Male",62,0
12,84,"Low","Medium",0,7,50,"Medium",1,3,"High","High","Public","Neutral",3,0,"High School","Near","Male",65,1
19,95,"High","High",1,9,68,"Medium",1,3,"High","Medium","Public","Positive",4,0,"College","Far","Male",73,0
17,87,"High","High",1,7,68,"High",1,1,"Medium","High","Public","Positive",2,0,"High School","Near","Male",70,0
2,99,"Medium","Low",1,9,52,"Low",1,0,"Medium","Medium","Public","Neutral",4,0,"High School","Near","Male",62,1
32,63,"Medium","High",0,8,91,"Medium",0,2,"High","Low","Public","Positive",5,1,"High School","Near","Female",68,0
27,96,"High","Low",1,7,84,"Medium",1,1,"High","Medium","Public","Neutral",3,0,"College","Near","Male",74,0
18,93,"Medium","Medium",0,7,76,"Low",1,2,"Medium","Medium","Private","Neutral",4,0,"High School","Near","Female",96,0
20,73,"High","High",0,5,70,"High",1,1,"Low","High","Public","Negative",2,0,"High School","Moderate","Male",66,0
13,99,"Low","High",1,6,95,"Medium",0,0,"Low","Medium","Public","Positive",4,0,"Postgraduate","Near","Male",69,0
30,72,"High","High",1,6,63,"Medium",1,1,"Low","Medium","Public","Neutral",3,0,"Postgraduate","Near","Female",70,0
31,96,"Medium","Low",1,8,67,"Medium",1,2,"Medium","Medium","Private","Neutral",3,0,"College","Near","Male",73,0
21,95,"Low","Low",0,7,98,"Low",1,1,"Low","High","Public","Positive",2,0,"High School","Near","Male",69,0
26,90,"High","High",1,9,53,"Medium",1,1,"Low","Medium","Private","Neutral",4,0,"High School","Far","Male",71,0
21,83,"High","Low",1,7,89,"Low",0,0,"Low","Low","Public","Neutral",2,0,"College","Moderate","Female",65,0
12,65,"Medium","Low",1,6,86,"Medium",1,1,"Medium","Medium","Public","Positive",3,0,"Postgraduate","Near","Female",62,1
18,81,"High","High",0,6,95,"Low",1,1,"Medium","Medium","Public","Positive",3,0,"High School","Near","Male",69,0
21,74,"Low","Medium",0,6,55,"High",1,3,"Low","Medium","Public","Positive",2,0,"College","Near","Male",65,0
17,92,"Medium","Medium",0,7,99,"Medium",1,1,"Medium","Medium","Public","Neutral",2,0,"College","Far","Female",68,0
19,90,"Low","Low",1,6,51,"High",1,1,"Low","Medium","Public","Negative",3,1,"Postgraduate","Near","Male",65,0
19,96,"Medium","High",1,5,67,"Medium",1,4,"High","Medium","Private","Neutral",1,0,"High School","Moderate","Male",72,0
20,61,"High","High",1,9,54,"Medium",1,2,"High","Medium","Private","Positive",4,0,"Postgraduate","Near","Male",67,1
20,92,"Medium","Low",0,7,53,"Medium",1,2,"Medium","High","Private","Positive",2,0,"College","Far","Male",68,0
14,98,"Low","Medium",0,7,98,"Medium",0,0,"Medium","High","Public","Positive",3,0,"High School","Near","Male",68,0
16,92,"Medium","Medium",0,6,86,"Low",0,2,"Medium","Medium","Private","Neutral",3,1,"College","Near","Female",66,0
12,65,"Medium","High",1,5,75,"High",1,0,"High","Medium","Private","Negative",2,0,"High School","Moderate","Male",62,0
26,63,"Medium","Medium",1,7,55,"Medium",1,2,"Medium","High","Public","Neutral",4,0,"High School","Far","Male",65,0
7,61,"Low","High",1,4,76,"High",1,1,"Medium","Medium","Private","Positive",5,0,"High School","Far","Female",60,1
27,85,"High","Medium",1,8,66,"Medium",1,2,"Low","High","Private","Neutral",4,1,"High School","Moderate","Male",70,0
28,85,"Medium","Medium",1,6,64,"Low",1,1,"Low","Medium","Public","Neutral",1,0,"High School","Moderate","Male",68,0
18,99,"Medium","High",1,7,81,"Low",1,1,"Medium","Medium","Public","Neutral",3,0,"Postgraduate","Near","Male",72,0
4,76,"Medium","Medium",1,8,90,"Medium",1,2,"High","Medium","Public","Positive",2,0,"High School","Moderate","Female",63,1
18,73,"Medium","High",1,7,72,"Low",1,1,"Medium","Medium","Private","Neutral",1,1,"High School","Moderate","Male",63,1
20,85,"Low","Medium",1,5,75,"Low",1,1,"Medium","Medium","Public","Neutral",2,0,"College","Near","Male",67,0
14,93,"Medium","Low",1,9,83,"Low",1,4,"Medium","Medium","Public","Neutral",2,0,"Postgraduate","Near","Female",68,0
17,97,"Medium","Medium",0,5,56,"Low",1,2,"High","Medium","Public","Positive",3,0,"High School","Near","Female",69,0
29,92,"High","Medium",1,4,91,"Low",1,1,"High","High","Public","Neutral",4,0,"High School","Near","Female",75,0
24,77,"Low","Medium",0,8,92,"High",1,0,"High","Medium","Public","Neutral",3,0,"High School","Moderate","Male",67,0
14,85,"High","High",1,5,77,"Medium",1,2,"Low","High","Public","Positive",3,0,"High School","Near","Male",69,0
10,94,"Low","Medium",0,9,59,"Low",1,0,"Medium","Medium","Public","Positive",2,0,"Postgraduate","Near","Male",65,1
18,80,"Low","High",1,8,75,"Medium",0,2,"Medium","Medium","Public","Negative",4,0,"High School","Near","Male",65,0
19,69,"Medium","Medium",1,7,55,"Low",1,1,"Low","Medium","Public","Positive",4,0,"College","Near","Female",63,1
23,67,"Low","Medium",0,6,88,"Medium",1,2,"Medium","Medium","Private","Neutral",4,0,"High School","Near","Male",65,0
17,60,"Medium","Low",0,6,66,"Medium",1,0,"Low","Medium","Public","Positive",2,0,"High School","Far","Female",58,1
23,89,"High","High",1,6,66,"Low",1,0,"Low","High","Private","Positive",3,0,"High School","Moderate","Male",70,0
32,64,"Low","Low",1,6,97,"Medium",1,1,"Medium","Low","Public","Neutral",5,0,"College","Moderate","Male",66,0
25,70,"Medium","Low",0,9,71,"Medium",0,2,"Low","Medium","Public","Negative",2,0,"College","Near","Female",63,0
20,72,"Medium","Low",1,6,89,"Low",1,1,"Low","Medium","Private","Negative",3,0,"High School","Far","Male",62,1
19,82,"Medium","Medium",1,8,82,"High",1,2,"Medium","Medium","Private","Positive",3,0,"College","Moderate","Female",69,0
18,76,"Medium","Medium",0,9,66,"High",1,1,"High","High","Public","Positive",3,0,"High School","Near","Female",66,0
27,87,"High","Low",0,6,56,"Medium",1,0,"Low","High","Public","Neutral",2,0,"High School","Moderate","Male",68,0
16,62,"Low","Medium",1,8,90,"Low",1,2,"High","Medium","Public","Neutral",2,0,"Postgraduate","Far","Male",62,1
20,65,"High","Medium",0,6,88,"Medium",1,0,"Medium","High","Public","Negative",4,1,"High School","Near","Male",64,0
20,80,"Medium","High",1,7,58,"Low",0,0,"Medium","Medium","Public","Neutral",2,0,"College","Near","Female",65,1
17,73,"Medium","High",1,6,62,"Low",1,2,"Low","Medium","Private","Negative",3,0,"College","Far","Male",64,1
12,72,"Medium","Medium",0,6,88,"High",1,2,"High","Medium","Public","Positive",3,0,"High School","Near","Female",65,0
22,63,"Medium","Medium",1,7,99,"Low",1,3,"Medium","Medium","Private","Neutral",4,0,"High School","Moderate","Male",65,1
20,96,"Low","Medium",1,5,92,"Medium",1,0,"Medium","Medium","Public","Neutral",3,0,"College","Near","Female",70,0
23,88,"Low","High",0,8,84,"High",1,2,"Medium","Medium","Private","Positive",3,1,"Postgraduate","Near","Female",71,0
17,65,"Medium","Medium",1,5,96,"Low",1,2,"Medium","High","Public","Positive",3,0,"College","Moderate","Male",65,1
27,63,"High","Medium",0,5,64,"Medium",0,1,"High","High","Public","Positive",4,0,"Postgraduate","Near","Male",67,0
15,99,"Low","High",1,7,50,"High",0,4,"Low","Medium","Public","Positive",2,0,"High School","Moderate","Male",68,0
30,87,"High","High",1,6,66,"Low",1,1,"Medium","Medium","Public","Neutral",4,0,"High School","Near","Male",73,0
10,77,"Medium","High",0,8,99,"Medium",1,0,"Medium","High","Public","Neutral",4,1,"High School","Near","Male",64,0
23,88,"High","High",0,7,94,"Low",0,3,"Low","Medium","Private","Positive",1,0,"High School","Near","Male",71,0
23,90,"Medium","High",0,5,53,"Medium",1,2,"Medium","High","Private","Positive",2,0,"High School","Near","Female",70,0
15,91,"Low","High",0,8,75,"Medium",1,4,"Medium","Medium","Public","Neutral",1,0,"High School","Near","Female",68,0
23,79,"High","Medium",1,7,54,"Medium",1,2,"Low","Medium","Private","Neutral",4,0,"College","Moderate","Female",68,0
28,77,"Low","High",1,7,89,"Medium",1,3,"Low","Medium","Public","Positive",3,1,"High School","Far","Male",68,0
7,60,"Medium","High",1,10,69,"Low",1,0,"Low","Medium","Private","Positive",3,0,"College","Moderate","Female",59,1
23,97,"Medium","Medium",1,9,96,"Medium",1,2,"Medium","High","Private","Neutral",4,0,"College","Near","Male",74,0
5,84,"Medium","Medium",1,7,53,"Low",0,1,"Low","High","Public","Positive",3,0,"Postgraduate","Moderate","Male",62,1
14,68,"High","Low",1,5,87,"High",1,2,"Medium","Medium","Public","Positive",3,0,"High School","Far","Male",64,0
30,97,"High","High",0,5,70,"Medium",1,0,"High","Medium","Public","Positive",2,0,"Postgraduate","Near","Male",76,0
17,97,"High","Medium",1,9,63,"Medium",1,2,"Low","Medium","Public","Positive",2,0,"High School","Near","Male",70,0
13,100,"High","Medium",0,6,76,"Medium",0,0,"Low","Low","Public","Positive",5,0,"Postgraduate","Near","Male",69,0
19,95,"Medium","Medium",1,7,74,"High",0,0,"Low","High","Public","Positive",2,0,"High School","Near","Female",69,0
32,100,"Low","High",1,5,67,"Medium",0,4,"Medium","Medium","Public","Positive",3,0,"High School","Far","Male",74,0
9,70,"High","Medium",0,8,82,"Low",0,2,"High","High","Public","Negative",2,0,"High School","Near","Female",62,1
14,94,"Medium","Medium",0,9,83,"High",1,2,"Low","High","Public","Positive",3,0,"Postgraduate","Moderate","Male",70,0
29,93,"Low","Medium",1,9,54,"Medium",0,4,"Low","High","Public","Positive",3,0,"High School","Near","Male",71,0
31,69,"Medium","Low",1,6,80,"Low",1,4,"Medium","Medium","Public","Negative",2,0,"College","Near","Male",68,0
19,64,"High","Low",1,8,86,"Low",1,3,"High","Medium","Private","Neutral",3,0,"Postgraduate","Near","Female",66,1
13,99,"Low","Medium",0,7,54,"High",1,3,"High","Medium","Public","Negative",3,0,"High School","Far","Male",67,0
33,72,"High","Medium",0,8,83,"Low",1,3,"Low","High","Private","Neutral",4,0,"High School","Near","Male",71,0
30,95,"Medium","Medium",1,7,90,"Medium",1,3,"Medium","Medium","Public","Neutral",1,0,"High School","Moderate","Male",74,0
24,60,"Low","Medium",1,6,92,"Low",1,3,"Medium","Medium","Public","Positive",2,0,"College","Near","Male",65,1
15,61,"High","Low",1,9,52,"Medium",1,1,"Medium","Medium","Private","Neutral",3,0,"High School","Moderate","Female",60,1
20,79,"High","High",1,7,85,"Low",1,2,"Medium","Medium","Public","Neutral",2,0,"College","Moderate","Male",69,0
19,70,"Medium","Medium",1,6,90,"Low",1,2,"Low","Medium","Private","Positive",3,0,"High School","Moderate","Male",65,1
22,88,"Medium","Low",1,7,70,"Medium",1,3,"Low","Medium","Public","Positive",2,0,"High School","Near","Female",69,0
29,83,"Medium","Low",1,6,77,"High",1,1,"Medium","Medium","Public","Neutral",4,0,"High School","Near","Male",70,0
25,63,"High","Low",1,8,63,"Medium",1,0,"Medium","High","Private","Positive",1,1,"Postgraduate","Near","Female",65,0
14,67,"Low","Low",1,7,66,"Low",1,0,"Low","Medium","Public","Neutral",4,0,"High School","Far","Female",57,1
28,76,"Medium","Medium",1,6,75,"Low",1,0,"Medium","High","Public","Positive",2,0,"High School","Near","Female",68,0
22,67,"High","High",0,10,58,"Medium",1,2,"High","Low","Public","Neutral",3,0,"Postgraduate","Near","Male",67,0
24,92,"Medium","Medium",0,5,69,"Medium",1,2,"Medium","Medium","Private","Negative",4,0,"High School","Near","Female",70,0
29,77,"Medium","Medium",1,8,65,"Medium",1,1,"Medium","Medium","Public","Neutral",3,0,"High School","Near","Male",68,0
13,64,"High","High",1,7,62,"Medium",1,1,"Low","Medium","Public","Neutral",1,0,"College","Moderate","Female",62,1
20,79,"High","Medium",1,5,74,"Medium",1,1,"Low","Medium","Public","Neutral",5,0,"High School","Far","Male",67,0
17,64,"High","High",1,6,92,"Medium",1,0,"Medium","Medium","Private","Positive",1,0,"Postgraduate","Near","Male",66,0
11,65,"Medium","Low",1,5,62,"Medium",1,2,"Medium","High","Public","Neutral",2,0,"College","Far","Female",60,1
22,70,"High","Low",0,10,83,"Low",1,0,"Medium","Medium","Public","Positive",2,0,"College","Moderate","Male",65,1
35,94,"High","Medium",1,7,63,"Medium",1,1,"Low","High","Public","Positive",2,0,"College","Near","Female",75,0
9,97,"Low","Medium",1,7,57,"Medium",1,4,"Medium","High","Public","Neutral",5,0,"High School","Far","Female",67,0
20,93,"Medium","High",0,10,97,"Medium",1,1,"Low","Medium","Public","Neutral",2,0,"Postgraduate","Moderate","Male",71,0
24,73,"Low","Low",1,6,82,"Medium",1,0,"Medium","Medium","Public","Negative",2,1,"High School","Near","Male",63,0
21,71,"High","Medium",1,9,55,"Low",1,2,"High","High","Public","Positive",1,0,"Postgraduate","Moderate","Male",67,1
19,82,"High","Medium",0,8,82,"Low",1,2,"Low","Medium","Private","Negative",4,0,"Postgraduate","Near","Female",68,0
12,89,"High","Low",1,4,59,"Low",1,2,"Low","High","Public","Negative",4,0,"High School","Near","Male",65,1
21,100,"Low","High",0,6,94,"Medium",0,1,"High","Medium","Public","Positive",3,0,"College","Moderate","Female",72,0
15,65,"Medium","Medium",0,8,62,"Medium",1,1,"Medium","Medium","Public","Neutral",4,0,"High School","Moderate","Female",61,1
7,62,"Low","High",0,7,90,"Medium",1,1,"Medium","Low","Public","Neutral",5,0,"College","Moderate","Female",60,1
27,88,"High","High",1,7,60,"Medium",1,2,"Low","Medium","Public","Positive",2,0,"High School","Near","Female",72,0
26,93,"Medium","Medium",1,6,78,"Medium",1,2,"Medium","Medium","Public","Neutral",3,0,"Postgraduate","Far","Female",72,0
20,94,"Low","Medium",1,6,96,"Medium",1,2,"Medium","Medium","Private","Negative",3,0,"College","Near","Male",70,0
21,87,"Low","Medium",0,7,65,"High",1,2,"Medium","Medium","Public","Negative",3,1,"College","Near","Male",67,0
26,98,"Medium","Medium",0,10,54,"Medium",1,0,"Low","High","Private","Neutral",1,0,"Postgraduate","Near","Male",71,0
21,80,"Medium","Low",1,6,78,"Medium",1,0,"Medium","Medium","Private","Negative",2,0,"Postgraduate","Near","Female",66,0
25,97,"High","High",0,6,59,"Low",1,0,"Low","High","Public","Positive",2,0,"High School","Near","Female",72,0
18,99,"Medium","Medium",1,7,86,"Medium",0,1,"High","Medium","Public","Neutral",4,0,"High School","Moderate","Female",70,0
28,94,"Medium","Low",1,5,80,"Medium",1,2,"High","Medium","Public","Negative",2,0,"High School","Moderate","Female",71,0
22,72,"Low","Low",1,8,67,"High",1,2,"Medium","Medium","Public","Negative",4,0,"College","Far","Male",64,0
21,68,"Medium","Medium",1,5,85,"Medium",0,3,"High","Medium","Public","Positive",2,0,"College","Moderate","Male",66,0
12,82,"High","Low",0,5,62,"Low",1,2,"Medium","Medium","Public","Positive",4,0,"High School","Near","Male",64,1
22,78,"Medium","Medium",1,5,96,"Medium",1,0,"Low","Medium","Public","Neutral",3,0,"High School","Moderate","Male",67,0
15,95,"Low","Low",0,5,67,"High",1,3,"Medium","Medium","Public","Positive",3,0,"High School","Moderate","Female",67,0
16,64,"High","Low",0,9,88,"Medium",1,1,"Medium","High","Public","Positive",3,0,"High School","Near","Male",64,0
15,70,"Low","Medium",0,8,63,"Low",1,0,"Medium","Medium","Private","Positive",4,0,"High School","Moderate","Female",61,1
14,90,"High","High",1,8,86,"Medium",1,4,"Medium","Medium","Private","Negative",2,0,"High School","Near","Female",99,0
33,64,"Medium","Medium",0,8,52,"Low",0,3,"High","Medium","Public","Positive",4,0,"High School","Near","Male",67,0
28,73,"Medium","High",1,7,65,"High",1,3,"High","High","Public","Positive",3,0,"Postgraduate","Near","Male",72,0
32,75,"Low","Low",0,7,55,"Medium",1,1,"Medium","Medium","Public","Neutral",4,0,"High School","Moderate","Male",66,0
13,85,"Low","High",1,9,73,"High",1,3,"Medium","High","Public","Positive",2,0,"Postgraduate","Moderate","Male",68,0
20,66,"High","Low",0,9,72,"Low",1,1,"Medium","High","Public","Positive",1,0,"College","Near","Female",64,1
12,94,"High","High",0,5,68,"High",1,1,"High","Medium","Public","Neutral",2,0,"High School","Near","Male",69,0
16,78,"Medium","High",0,10,99,"Low",1,0,"Low","Medium","Public","Positive",4,0,"High School","Far","Female",65,0
14,97,"Low","High",0,5,62,"Medium",0,1,"Medium","Medium","Public","Neutral",4,1,"Postgraduate","Far","Female",66,0
27,79,"High","High",1,6,90,"Low",1,3,"Medium","High","Public","Positive",4,0,"High School","Near","Male",73,0
18,71,"Medium","Medium",1,7,72,"Low",1,0,"Low","Medium","Public","Neutral",4,0,"High School","Near","Female",63,1
26,66,"Medium","Medium",1,7,67,"High",1,3,"Medium","Medium","Public","Negative",4,0,"High School","Moderate","Female",66,0
24,60,"Medium","Medium",1,10,60,"Low",1,3,"Low","High","Private","Neutral",2,0,"Postgraduate","Near","Female",65,1
34,81,"Medium","Medium",1,9,82,"Low",1,1,"Medium","High","Public","Negative",2,0,"High School","Near","Male",71,0
11,64,"Medium","Low",1,8,67,"High",0,1,"Medium","Medium","Public","Neutral",2,1,"College","Near","Male",58,1
28,76,"Medium","Medium",0,9,91,"Medium",1,0,"Low","High","Private","Neutral",3,0,"High School","Moderate","Male",68,0
27,84,"Medium","Medium",0,8,98,"Medium",1,0,"Low","Medium","Public","Neutral",4,0,"High School","Moderate","Male",69,0
14,71,"High","Low",1,6,61,"Low",1,0,"Low","Medium","Public","Positive",3,0,"Postgraduate","Near","Female",63,1
26,67,"Medium","Medium",1,8,56,"Medium",1,1,"Medium","Medium","Public","Negative",5,0,"College","Near","Female",66,0
22,91,"Medium","Medium",1,7,66,"Medium",0,0,"High","High","Public","Negative",3,0,"College","Near","Female",69,0
19,98,"Medium","Low",1,6,73,"Medium",1,3,"Low","Medium","Private","Negative",3,0,"College","Near","Male",69,0
15,64,"High","Medium",0,9,65,"Medium",1,2,"Medium","Medium","Public","Neutral",2,0,"High School","Near","Male",63,1
16,66,"Low","High",1,7,99,"Medium",1,1,"Low","Medium","Public","Positive",3,0,"College","Near","Female",65,0
32,98,"Low","High",0,5,89,"Medium",1,2,"High","Low","Private","Positive",3,0,"College","Near","Male",76,0
20,62,"High","Medium",1,6,98,"High",1,0,"High","High","Public","Neutral",3,0,"Postgraduate","Near","Male",67,0
25,99,"Low","Medium",0,8,69,"Medium",0,1,"Low","High","Public","Positive",3,0,"Postgraduate","Moderate","Male",70,0
15,60,"Medium","Low",0,9,65,"Medium",1,1,"Medium","High","Public","Negative",5,0,"College","Moderate","Male",60,1
15,95,"High","Low",0,8,70,"Medium",1,2,"High","High","Public","Neutral",3,1,"High School","Near","Female",68,0
26,72,"Medium","Medium",1,8,76,"Medium",1,1,"Medium","Medium","Public","Negative",3,0,"Postgraduate","Near","Male",68,0
12,98,"Low","High",1,6,87,"Medium",1,2,"Low","Medium","Private","Neutral",3,0,"Postgraduate","Near","Female",70,0
18,73,"Medium","High",1,7,94,"High",1,1,"High","Medium","Private","Neutral",3,0,"Postgraduate","Moderate","Female",68,0
20,86,"High","High",0,7,73,"Medium",1,3,"Low","Low","Public","Neutral",3,1,"High School","Near","Male",69,0
21,63,"Medium","Medium",1,7,64,"Medium",1,0,"Low","Medium","Public","Negative",3,0,"High School","Near","Female",62,1
19,70,"High","Low",0,7,66,"Medium",1,1,"High","Low","Private","Neutral",4,0,"College","Moderate","Male",64,0
22,91,"High","Medium",0,6,85,"Low",1,2,"Medium","Medium","Private","Positive",2,0,"High School","Moderate","Female",71,0
24,81,"Medium","Medium",1,8,78,"Medium",1,1,"Low","Medium","Public","Positive",2,0,"High School","Near","Male",68,0
24,97,"High","Medium",0,5,74,"High",1,0,"Medium","Low","Public","Neutral",5,0,"High School","Near","Female",72,0
14,77,"Medium","Medium",1,5,60,"Low",1,1,"High","High","Private","Negative",3,0,"Postgraduate","Far","Male",64,1
18,95,"Medium","High",1,6,94,"Medium",1,6,"Low","High","Public","Neutral",3,0,"High School","Far","Female",73,0
27,78,"Medium","High",0,8,89,"Low",1,0,"Low","Medium","Public","Neutral",3,0,"Postgraduate","Near","Female",69,0
25,99,"Low","Medium",0,8,57,"Medium",1,1,"Medium","Low","Private","Positive",3,0,"Postgraduate","Moderate","Male",70,0
12,98,"Medium","High",0,4,68,"Medium",1,3,"Low","High","Public","Neutral",2,0,"High School","Near","Female",69,0
22,73,"Medium","Low",0,8,77,"Medium",1,1,"High","Medium","Public","Neutral",3,0,"High School","Far","Male",64,0
8,95,"Medium","Medium",0,7,73,"Low",1,2,"Medium","Medium","Private","Neutral",2,0,"College","Near","Male",66,1
20,94,"Medium","Medium",1,6,70,"High",1,1,"Medium","Medium","Public","Neutral",2,0,"High School","Moderate","Female",69,0
31,68,"High","Medium",0,7,86,"Low",1,1,"Low","Medium","Private","Positive",3,0,"High School","Moderate","Female",68,0
14,85,"Medium","Low",1,5,53,"Medium",1,4,"Medium","Medium","Public","Neutral",3,0,"High School","Near","Male",65,0
15,63,"High","Low",1,7,74,"Medium",1,4,"Low","Medium","Public","Negative",2,0,"High School","Moderate","Male",62,1
25,93,"High","High",1,5,63,"Medium",1,2,"High","Medium","Public","Positive",2,0,"Postgraduate","Near","Female",75,0
11,67,"Medium","Medium",1,6,54,"Low",1,0,"Low","Medium","Public","Positive",3,0,"High School","Near","Female",60,1
16,63,"Medium","High",1,6,73,"Medium",1,0,"Medium","Medium","Public","Neutral",4,0,"College","Near","Male",63,1
24,76,"Medium","Low",1,8,59,"Medium",1,2,"Medium","Medium","Public","Positive",4,0,"College","Far","Male",66,0
16,83,"High","Medium",1,7,63,"Medium",1,0,"Medium","Medium","Public","Neutral",3,0,"Postgraduate","Near","Female",67,0
19,94,"Low","Medium",1,8,75,"Medium",1,1,"Medium","Medium","Public","Negative",3,0,"College","Moderate","Female",68,0
24,99,"Medium","Medium",1,5,99,"Medium",1,0,"Low","Medium","Public","Positive",3,0,"High School","Moderate","Female",72,0
23,78,"Low","Medium",0,7,84,"High",1,0,"Low","Medium","Private","Neutral",3,0,"College","Near","Male",66,0
22,62,"Medium","Medium",1,8,64,"Medium",1,0,"Low","Medium","Public","Neutral",3,0,"Postgraduate","Near","Female",63,0
18,90,"Medium","High",1,9,69,"Medium",1,1,"High","High","Private","Positive",3,0,"College","Moderate","Female",71,0
22,83,"Low","Medium",1,5,70,"High",1,2,"Low","Medium","Public","Positive",3,0,"College","Far","Male",67,0
19,78,"Medium","Medium",1,6,58,"Medium",1,1,"Low","Medium","Public","Neutral",3,0,"Postgraduate","Near","Male",66,0
23,72,"High","Medium",0,8,58,"Medium",0,2,"Low","High","Private","Positive",2,0,"College","Near","Female",66,0
17,80,"High","High",0,9,57,"Medium",1,4,"Low","Medium","Public","Positive",2,0,"College","Near","Male",68,0
19,74,"Medium","Medium",0,7,76,"High",1,1,"High","Medium","Public","Neutral",3,0,"College","Near","Female",66,0
14,90,"High","Medium",1,5,84,"Medium",1,0,"Low","Medium","Public","Negative",3,0,"Postgraduate","Near","Female",68,0
20,82,"High","Medium",1,5,80,"Medium",1,3,"Low","Medium","Public","Neutral",1,1,"College","Near","Female",68,0
15,95,"Low","Medium",1,7,99,"Low",1,0,"High","High","Public","Neutral",2,0,"High School","Near","Female",68,0
13,82,"Medium","High",0,8,56,"Low",1,2,"Low","High","Private","Neutral",3,0,"Postgraduate","Near","Male",66,1
22,70,"High","Low",0,7,99,"Medium",1,1,"Low","High","Private","Positive",2,0,"High School","Moderate","Male",66,0
21,94,"Medium","High",0,5,73,"Low",1,0,"Medium","High","Public","Neutral",3,0,"Postgraduate","Far","Female",70,0
25,82,"High","Medium",1,9,61,"Low",1,1,"High","Medium","Public","Negative",2,0,"High School","Near","Male",68,0
17,68,"Medium","Medium",1,6,97,"High",1,2,"High","Low","Public","Negative",3,0,"High School","Moderate","Male",65,0
22,85,"Low","High",1,8,73,"High",1,1,"Medium","Medium","Private","Positive",3,0,"College","Near","Male",70,0
23,74,"Medium","Medium",0,4,67,"Medium",1,3,"High","Medium","Private","Negative",5,0,"High School","Far","Male",66,0
23,94,"Medium","High",1,9,61,"Medium",0,0,"Medium","Medium","Public","Negative",1,1,"Postgraduate","Moderate","Female",68,0
15,78,"Medium","Medium",1,6,63,"High",1,1,"Medium","Medium","Private","Neutral",2,1,"College","Moderate","Male",64,0
21,89,"Medium","Medium",0,9,99,"Medium",1,0,"Medium","Medium","Private","Negative",3,0,"High School","Near","Male",69,0
22,64,"Medium","Medium",0,8,65,"Low",1,2,"Medium","Medium","Private","Neutral",4,0,"Postgraduate","Near","Female",65,1
20,76,"Medium","High",1,5,99,"Low",0,3,"Medium","High","Public","Negative",3,0,"Postgraduate","Near","Female",69,0
7,99,"Low","High",1,7,67,"Low",0,1,"High","High","Private","Neutral",4,0,"High School","Near","Female",66,1
21,92,"High","Low",0,9,62,"Medium",1,1,"Medium","Low","Public","Positive",2,0,"High School","Near","Female",68,0
33,66,"Medium","Medium",1,6,59,"Medium",1,3,"High","Medium","Public","Positive",2,0,"Postgraduate","Near","Female",70,0
18,71,"High","Medium",0,9,71,"Medium",1,1,"Medium","High","Public","Positive",3,0,"High School","Moderate","Female",65,0
16,73,"High","Medium",1,8,62,"Medium",1,0,"High","High","Private","Neutral",2,0,"High School","Near","Female",65,0
22,86,"Medium","Low",0,9,85,"Medium",1,1,"Medium","Medium","Public","Negative",3,0,"Postgraduate","Near","Female",68,0
22,90,"Low","Medium",0,7,62,"Low",1,0,"Medium","Medium","Public","Positive",3,0,"College","Near","Male",67,0
27,90,"High","High",0,7,92,"Medium",1,0,"Low","Medium","Private","Neutral",3,0,"High School","Near","Female",72,0
12,80,"High","High",1,10,92,"High",1,1,"High","High","Public","Positive",3,0,"Postgraduate","Moderate","Male",70,0
24,92,"Low","High",1,8,64,"High",1,1,"High","High","Private","Neutral",3,0,"College","Near","Male",72,0
24,77,"High","High",1,7,88,"Low",1,1,"High","Medium","Public","Negative",5,0,"College","Near","Male",71,0
19,65,"Low","Medium",0,8,93,"Low",1,1,"Medium","High","Private","Neutral",4,0,"College","Near","Male",64,1
22,83,"Low","High",1,6,80,"Medium",1,2,"Medium","Medium","Public","Positive",5,0,"High School","Moderate","Female",69,0
26,98,"Medium","Medium",1,7,68,"Medium",1,4,"Low","Medium","Public","Positive",1,0,"High School","Near","Female",73,0
25,92,"Low","High",1,9,72,"Medium",1,1,"Low","Medium","Public","Negative",5,0,"Postgraduate","Far","Female",70,0
13,83,"High","Medium",0,7,89,"Medium",1,1,"Low","Medium","Public","Neutral",4,0,"Postgraduate","Near","Female",68,0
25,86,"High","Medium",0,6,65,"Medium",1,2,"Medium","High","Public","Positive",5,0,"High School","Moderate","Male",71,0
20,97,"Medium","High",0,6,67,"Low",1,1,"Low","High","Private","Positive",3,0,"Postgraduate","Near","Female",71,0
20,77,"Low","High",1,7,58,"High",1,0,"High","Medium","Public","Neutral",3,0,"High School","Near","Male",66,0
20,73,"Medium","High",0,6,70,"Low",1,3,"High","High","Public","Neutral",4,0,"High School","Near","Female",68,1
19,99,"Medium","High",1,5,54,"Low",1,0,"Medium","Medium","Public","Neutral",2,0,"Postgraduate","Near","Male",70,0
27,95,"Medium","Medium",0,5,66,"Low",1,3,"Medium","Medium","Public","Neutral",4,0,"High School","Near","Male",72,0
19,73,"Low","High",1,9,69,"High",1,1,"Low","Low","Public","Positive",4,0,"Postgraduate","Near","Female",66,0
13,79,"Medium","High",1,7,63,"Low",0,3,"High","Medium","Private","Neutral",2,0,"High School","Near","Female",65,1
18,77,"Medium","High",1,7,55,"High",0,3,"High","Medium","Private","Neutral",3,1,"High School","Near","Female",66,0
21,66,"High","Medium",1,6,76,"Low",1,3,"Low","Medium","Private","Neutral",1,0,"High School","Moderate","Female",65,1
27,98,"High","Low",1,6,93,"Low",1,0,"Low","Medium","Private","Neutral",4,0,"High School","Moderate","Male",72,0
24,76,"Medium","Medium",1,6,67,"Medium",1,2,"High","Medium","Public","Negative",3,0,"College","Near","Female",68,0
15,95,"Medium","Medium",1,7,62,"High",1,0,"High","Medium","Public","Negative",3,0,"College","Near","Female",68,0
35,68,"Low","High",1,5,64,"Medium",1,0,"High","Low","Public","Positive",4,1,"High School","Near","Male",67,0
22,82,"Medium","Medium",1,9,93,"Low",1,2,"Low","Medium","Public","Neutral",2,0,"High School","Near","Male",68,0
28,61,"High","Medium",0,7,76,"High",1,1,"Medium","High","Public","Positive",4,0,"High School","Moderate","Male",67,0
19,91,"Medium","High",0,7,57,"Low",1,3,"High","High","Public","Negative",3,0,"High School","Moderate","Female",69,0
23,83,"Low","Low",0,8,85,"Medium",1,2,"Low","Medium","Private","Neutral",2,1,"High School","Near","Male",65,0
25,85,"Medium","Medium",0,8,58,"Medium",1,2,"Medium","High","Public","Neutral",4,0,"College","Near","Male",70,0
27,62,"High","Medium",0,6,53,"Low",1,1,"Medium","Medium","Public","Positive",2,0,"High School","Moderate","Male",64,1
26,68,"Medium","Medium",0,8,63,"Medium",1,2,"Low","High","Public","Positive",3,0,"High School","Near","Male",66,0
25,63,"Low","Medium",0,8,58,"Medium",1,1,"High","Medium","Public","Positive",1,0,"College","Near","Female",64,0
18,72,"High","High",1,7,80,"High",1,1,"High","High","Public","Negative",2,1,"High School","Moderate","Female",66,0
17,85,"Medium","Medium",1,9,74,"Medium",1,1,"Medium","Medium","Private","Neutral",2,0,"High School","Near","Male",67,0
22,83,"Medium","Low",1,8,86,"Medium",1,3,"Medium","Low","Public","Negative",4,0,"High School","Near","Male",68,0
26,84,"Medium","Medium",0,8,76,"Medium",1,5,"Medium","High","Public","Neutral",2,0,"High School","Moderate","Male",71,0
19,82,"High","Low",0,9,71,"Medium",1,1,"Low","High","Private","Neutral",3,0,"College","Near","Female",67,0
26,71,"High","Medium",1,7,76,"Medium",1,3,"Low","Medium","Public","Positive",2,0,"Postgraduate","Moderate","Male",69,0
29,70,"Medium","Low",1,7,72,"Low",1,1,"Medium","Medium","Public","Positive",4,0,"College","Near","Male",67,0
15,65,"Low","High",1,8,52,"Medium",1,4,"Low","Medium","Private","Neutral",3,1,"High School","Moderate","Female",61,1
15,94,"Medium","Medium",0,7,84,"Medium",1,0,"Medium","High","Public","Positive",2,0,"High School","Moderate","Male",68,0
19,85,"Low","Low",1,8,98,"Medium",1,2,"Medium","Low","Private","Neutral",4,0,"High School","Near","Female",67,0
22,67,"Low","Medium",1,6,71,"Low",1,1,"Medium","High","Public","Neutral",4,0,"College","Moderate","Male",64,1
17,67,"Medium","Medium",1,4,71,"Medium",1,3,"Medium","High","Public","Negative",2,0,"High School","Moderate","Female",63,1
28,95,"Low","Medium",0,8,52,"High",1,3,"High","High","Public","Negative",4,0,"College","Near","Male",72,0
23,90,"High","Medium",0,5,95,"Low",1,2,"Low","Medium","Public","Negative",2,0,"High School","Moderate","Male",69,0
20,86,"Low","High",0,6,96,"Medium",1,1,"High","Low","Public","Neutral",2,1,"High School","Far","Male",66,0
11,76,"Medium","Medium",1,8,91,"Low",1,1,"High","High","Private","Neutral",3,1,"College","Near","Female",64,1
12,70,"Low","Medium",1,8,55,"Medium",1,2,"Medium","High","Public","Negative",4,0,"High School","Near","Female",61,1
22,99,"Medium","High",1,9,95,"Medium",1,2,"Low","Low","Public","Negative",4,1,"High School","Near","Male",71,0
7,92,"Low","Medium",1,4,51,"Medium",1,0,"High","Medium","Public","Positive",1,0,"High School","Near","Female",63,1
26,72,"Medium","Low",0,7,72,"Low",1,2,"Medium","Low","Public","Neutral",4,0,"High School","Near","Female",65,0
19,94,"High","Low",1,7,75,"Medium",1,2,"High","Medium","Public","Negative",5,0,"College","Near","Female",71,0
39,90,"High","High",0,8,92,"High",1,2,"Medium","High","Private","Neutral",1,0,"High School","Near","Female",78,0
34,72,"Medium","High",1,9,88,"Low",1,1,"High","Medium","Private","Positive",3,0,"Postgraduate","Near","Male",73,0
19,77,"Low","Medium",0,5,90,"Low",1,1,"Low","High","Private","Neutral",3,0,"College","Near","Female",65,0
19,67,"Low","Medium",1,7,93,"High",1,0,"Medium","Medium","Public","Positive",4,0,"Postgraduate","Near","Male",66,0
26,64,"High","Low",1,8,74,"Low",1,3,"Medium","High","Public","Neutral",2,0,"High School","Near","Male",66,1
30,89,"Medium","Medium",0,6,89,"Medium",1,3,"High","Medium","Public","Neutral",3,0,"Postgraduate","Moderate","Male",74,0
10,71,"Medium","Low",0,10,53,"Low",1,4,"High","Medium","Private","Positive",3,0,"High School","Near","Female",62,1
9,93,"High","Low",1,6,72,"Low",1,1,"Medium","Medium","Public","Positive",2,0,"College","Near","Female",66,1
16,100,"High","High",0,7,52,"Medium",1,4,"Low","Medium","Public","Negative",4,0,"High School","Near","Female",71,0
23,63,"High","Medium",1,5,96,"Medium",1,2,"High","Medium","Public","Neutral",2,0,"High School","Near","Female",67,0
23,79,"High","Low",1,7,98,"Low",1,0,"Medium","High","Public","Neutral",4,0,"College","Near","Female",69,0
26,92,"Medium","High",0,4,54,"Medium",1,2,"High","Medium","Public","Positive",4,0,"High School","Moderate","Male",72,0
13,92,"High","High",1,7,77,"Medium",1,2,"High","Medium","Public","Positive",4,0,"Postgraduate","Near","Male",72,0
6,90,"Medium","Medium",1,9,66,"Medium",1,2,"Medium","High","Public","Positive",2,0,"High School","Far","Male",65,1
25,74,"High","High",0,5,67,"High",1,1,"Medium","Medium","Public","Positive",5,0,"Postgraduate","Near","Male",71,0
15,78,"Medium","Medium",0,5,73,"Medium",1,0,"High","High","Private","Positive",1,1,"College","Near","Male",64,0
8,84,"Medium","Low",1,9,56,"Low",1,1,"Low","Medium","Public","Positive",2,0,"High School","Moderate","Male",61,1
21,99,"Medium","Low",1,9,59,"Low",1,1,"High","High","Public","Negative",2,0,"College","Moderate","Female",69,0
25,73,"Low","Medium",1,5,79,"Medium",1,1,"Low","Medium","Private","Neutral",5,0,"High School","Moderate","Female",65,0
19,97,"Medium","Low",1,10,51,"High",1,3,"Low","High","Public","Neutral",4,0,"College","Far","Female",69,0
17,71,"Medium","Medium",0,8,80,"Low",1,2,"High","Low","Public","Neutral",3,0,"High School","Near","Female",64,1
19,100,"Medium","Low",1,9,66,"High",1,1,"High","Medium","Public","Negative",4,1,"Postgraduate","Moderate","Male",69,0
18,87,"Medium","Medium",1,6,92,"Low",1,1,"Low","Medium","Private","Neutral",4,0,"High School","Near","Female",68,0
12,79,"Medium","Low",0,9,80,"Low",1,1,"High","Medium","Public","Positive",2,0,"College","Moderate","Male",63,1
16,85,"Low","Medium",0,7,85,"High",1,1,"Medium","High","Public","Neutral",2,0,"High School","Near","Male",66,0
23,71,"Medium","Medium",0,7,56,"Low",1,1,"Medium","Medium","Private","Positive",4,0,"High School","Near","Female",65,1
22,71,"High","Medium",1,8,63,"Medium",1,2,"Medium","High","Public","Negative",2,0,"High School","Moderate","Male",66,0
21,65,"Medium","Medium",0,6,100,"Medium",1,3,"Medium","Medium","Public","Neutral",4,0,"Postgraduate","Near","Male",67,0
14,65,"Medium","High",1,5,72,"Low",1,3,"Low","High","Private","Negative",2,0,"High School","Near","Male",62,1
19,74,"Medium","High",1,7,68,"Medium",1,2,"Low","High","Public","Negative",2,0,"High School","Near","Female",66,0
7,91,"High","Medium",0,7,94,"High",0,3,"High","Medium","Public","Neutral",3,0,"Postgraduate","Moderate","Female",68,0
21,84,"Medium","Medium",1,6,52,"Medium",1,2,"High","High","Public","Negative",5,0,"High School","Moderate","Male",68,0
29,64,"Low","Medium",0,9,77,"Medium",1,0,"Low","High","Public","Negative",2,0,"High School","Moderate","Female",63,0
11,94,"High","Low",1,10,61,"Medium",1,1,"Medium","Low","Public","Neutral",3,0,"College","Moderate","Male",66,0
16,84,"High","Low",0,6,68,"Low",0,3,"Medium","Medium","Private","Neutral",3,0,"High School","Near","Male",65,1
22,98,"High","Medium",1,7,60,"Medium",1,1,"High","Medium","Public","Positive",1,0,"High School","Near","Male",72,0
28,87,"Medium","Medium",0,6,52,"Medium",1,4,"Low","Low","Private","Neutral",3,0,"Postgraduate","Near","Female",70,0
17,67,"High","Low",0,10,71,"Medium",1,1,"Medium","Medium","Public","Positive",3,0,"High School","Near","Male",63,1
16,79,"Medium","Medium",0,8,89,"Medium",1,0,"Low","High","Private","Neutral",4,0,"High School","Near","Male",65,0
8,86,"High","Low",1,8,98,"Low",1,1,"Low","Medium","Private","Neutral",1,0,"College","Near","Male",65,1
21,61,"High","High",0,9,81,"Medium",1,1,"Medium","Medium","Private","Neutral",3,0,"Postgraduate","Near","Male",66,0
32,61,"High","Medium",1,7,69,"High",1,0,"High","Medium","Public","Positive",3,0,"High School","Moderate","Female",68,0
22,65,"Medium","Low",1,7,88,"Low",0,2,"Medium","Medium","Public","Positive",4,0,"College","Near","Male",64,1
20,70,"High","Medium",0,9,75,"Low",1,3,"Medium","Medium","Public","Neutral",4,0,"College","Moderate","Male",66,1
22,77,"Low","Medium",1,8,68,"Medium",1,3,"High","High","Public","Positive",4,0,"High School","Moderate","Male",68,0
20,79,"Low","Medium",1,6,59,"Medium",1,0,"Low","Medium","Public","Positive",2,0,"High School","Moderate","Male",64,0
15,66,"Medium","Medium",0,6,90,"Low",1,2,"Medium","Medium","Public","Negative",3,0,"College","Far","Female",62,1
25,87,"Medium","Medium",1,6,75,"Medium",0,0,"Low","Medium","Private","Neutral",2,1,"High School","Near","Male",67,0
21,84,"Low","High",0,9,98,"Medium",1,1,"Low","Medium","Public","Negative",3,0,"High School","Moderate","Male",67,0
20,72,"Medium","Medium",0,9,90,"Low",1,1,"Medium","Medium","Private","Neutral",2,0,"Postgraduate","Moderate","Male",65,1
14,61,"Low","Medium",1,10,71,"Medium",0,2,"Low","Medium","Public","Neutral",4,0,"High School","Near","Male",59,1
28,63,"Medium","High",1,6,87,"Low",1,0,"Low","Medium","Public","Positive",2,0,"High School","Moderate","Female",66,0
24,76,"High","Low",0,7,73,"Medium",1,4,"Medium","Medium","Public","Neutral",2,0,"High School","Near","Female",68,0
17,66,"High","Medium",0,6,54,"Medium",1,2,"High","Low","Public","Positive",3,1,"High School","Near","Female",63,1
26,75,"Medium","Low",1,7,76,"Medium",1,2,"Medium","Medium","Public","Neutral",3,0,"College","Near","Male",68,0
17,85,"High","Low",1,8,93,"Low",1,2,"Medium","High","Public","Positive",3,0,"College","Far","Female",68,0
15,82,"Medium","Medium",1,7,93,"Medium",1,3,"Low","High","Public","Negative",2,0,"High School","Moderate","Female",66,0
15,69,"High","Low",0,9,79,"Low",1,1,"Medium","Medium","Private","Positive",2,0,"High School","Moderate","Female",63,1
9,74,"Medium","Low",0,6,69,"Low",1,3,"Low","Medium","Private","Positive",2,0,"High School","Moderate","Female",61,1
23,85,"High","Medium",1,8,51,"Low",1,0,"High","Low","Public","Negative",4,0,"College","Near","Female",68,0
9,94,"High","Low",0,6,66,"Low",1,0,"Low","High","Public","Positive",3,0,"College","Near","Male",66,1
13,90,"Medium","High",0,4,99,"High",1,1,"High","Medium","Public","Neutral",4,1,"College","Moderate","Male",69,0
8,82,"Medium","High",1,5,86,"Medium",0,0,"Low","Medium","Public","Negative",3,0,"Postgraduate","Near","Female",64,0
19,74,"Medium","Medium",0,7,86,"High",1,1,"High","Medium","Private","Positive",3,0,"Postgraduate","Near","Male",68,0
19,75,"Medium","High",0,10,88,"Low",1,0,"Low","High","Public","Positive",2,0,"High School","Near","Female",66,0
18,95,"Medium","Medium",0,6,81,"Medium",1,0,"Low","Medium","Public","Positive",3,1,"High School","Near","Female",68,0
14,62,"Medium","High",1,7,79,"Low",1,2,"Medium","Medium","Private","Positive",2,0,"High School","Moderate","Female",62,1
13,100,"Medium","Low",1,8,73,"Low",1,1,"Low","Medium","Public","Neutral",3,0,"Postgraduate","Near","Male",68,0
23,87,"Medium","High",0,6,72,"Medium",1,1,"Low","High","Private","Negative",3,0,"College","Moderate","Male",69,0
17,87,"High","High",1,6,94,"Medium",1,2,"Low","Medium","Private","Neutral",3,0,"High School","Moderate","Male",70,0
22,62,"High","Medium",1,7,70,"Low",1,4,"Low","Medium","Public","Negative",2,0,"College","Near","Female",65,1
15,84,"Low","Medium",1,6,92,"Medium",1,3,"Medium","Medium","Public","Positive",3,0,"College","Near","Female",68,0
21,79,"Medium","High",0,4,92,"Low",1,0,"Low","Medium","Public","Negative",2,0,"Postgraduate","Near","Female",67,0
28,64,"Low","Medium",1,6,89,"Medium",1,0,"Low","Low","Public","Neutral",4,0,"College","Far","Male",64,0
24,71,"Low","Medium",0,8,52,"Medium",0,2,"Medium","Medium","Public","Negative",3,0,"College","Near","Female",63,0
18,96,"Medium","Low",1,8,57,"Medium",1,1,"Medium","Medium","Public","Negative",2,0,"High School","Near","Female",67,0
22,82,"High","Low",0,9,66,"Medium",1,1,"Low","High","Private","Negative",3,0,"High School","Moderate","Male",66,0
19,77,"High","Low",1,9,92,"Medium",1,2,"Low","Medium","Public","Positive",4,0,"High School","Near","Female",67,0
20,63,"Medium","Medium",1,6,94,"Medium",0,2,"Medium","Medium","Public","Neutral",3,0,"High School","Far","Female",63,0
18,89,"Medium","Medium",1,6,52,"Medium",1,3,"High","High","Public","Positive",3,0,"High School","Moderate","Female",69,0
19,88,"High","High",0,6,66,"Medium",1,3,"Medium","Medium","Public","Positive",2,0,"High School","Near","Female",70,0
21,85,"High","Medium",1,7,93,"Medium",1,0,"High","Medium","Public","Neutral",4,0,"High School","Moderate","Male",70,0
14,80,"High","Medium",0,6,62,"Medium",1,0,"High","Medium","Private","Negative",2,0,"Postgraduate","Near","Male",65,0
14,77,"Low","Low",0,7,99,"Low",1,2,"Medium","Medium","Public","Positive",2,0,"Postgraduate","Moderate","Female",64,1
12,84,"Medium","High",1,6,74,"High",1,1,"Medium","High","Public","Negative",3,0,"College","Moderate","Female",67,0
10,69,"Low","Medium",0,8,97,"Medium",1,1,"Medium","Medium","Private","Negative",3,0,"High School","Near","Female",61,1
13,98,"Medium","High",1,6,71,"Medium",1,1,"Low","High","Private","Positive",1,0,"College","Near","Female",70,0
21,84,"High","Low",0,6,66,"High",1,2,"High","Medium","Private","Positive",4,1,"College","Far","Male",68,0
15,72,"Medium","Medium",1,8,68,"High",1,0,"Medium","Medium","Public","Positive",2,0,"High School","Near","Female",64,0
23,78,"High","Medium",0,8,94,"Medium",1,1,"High","Medium","Private","Neutral",2,1,"High School","Moderate","Male",68,0
20,92,"Medium","Low",0,7,67,"Low",1,1,"Medium","Medium","Public","Positive",5,0,"High School","Near","Male",68,0
8,66,"High","High",1,8,83,"Medium",1,0,"Low","Medium","Private","Positive",4,0,"College","Near","Male",63,1
24,72,"Low","Medium",1,8,73,"Low",1,1,"Low","Medium","Public","Positive",2,0,"College","Moderate","Female",65,0
25,87,"Low","Medium",1,10,97,"Medium",1,4,"Low","Low","Private","Neutral",3,1,"High School","Near","Female",69,0
14,73,"Medium","High",0,8,58,"Medium",1,2,"Low","High","Public","Negative",2,0,"College","Moderate","Male",63,1
23,92,"Low","Medium",1,10,71,"Medium",1,1,"Low","Medium","Public","Neutral",3,0,"College","Near","Male",69,0
15,65,"High","Low",1,7,56,"Medium",0,3,"High","Medium","Private","Positive",3,1,"High School","Near","Female",61,1
21,91,"Low","High",1,9,79,"Medium",1,2,"Low","Medium","Private","Neutral",3,0,"College","Far","Female",69,0
12,63,"High","Medium",0,9,70,"Low",1,1,"High","Low","Public","Positive",3,0,"College","Near","Female",62,1
9,61,"Low","High",1,7,53,"Medium",1,0,"Medium","Medium","Public","Positive",2,1,"Postgraduate","Far","Male",58,1
18,96,"Medium","High",1,6,92,"Medium",1,2,"Medium","Medium","Public","Positive",3,0,"High School","Far","Male",71,0
19,83,"High","Low",0,6,69,"Medium",1,5,"Medium","Medium","Private","Positive",2,0,"Postgraduate","Far","Male",69,0
18,74,"High","Medium",0,8,75,"High",1,1,"High","High","Public","Positive",3,0,"Postgraduate","Moderate","Male",68,0
13,69,"Medium","Low",0,5,70,"Medium",1,0,"Medium","High","Private","Negative",2,0,"College","Near","Male",61,1
18,85,"High","Medium",1,6,74,"Medium",1,3,"Low","Medium","Private","Negative",2,0,"College","Far","Male",67,0
22,80,"Medium","High",1,9,51,"Medium",1,2,"Medium","Medium","Public","Negative",3,0,"Postgraduate","Near","Male",68,0
20,100,"Medium","Medium",1,8,91,"Medium",1,3,"Low","Medium","Public","Positive",3,0,"High School","Near","Male",72,0
21,99,"High","Low",1,4,67,"Medium",1,1,"Medium","Medium","Private","Negative",4,0,"College","Near","Female",71,0
16,85,"Medium","Medium",1,5,86,"Low",0,3,"Medium","Medium","Public","Positive",2,0,"High School","Near","Male",67,0
27,78,"Medium","Medium",0,10,53,"Medium",1,3,"Medium","Medium","Private","Neutral",4,1,"Postgraduate","Moderate","Male",68,0
13,80,"Medium","Medium",0,9,76,"Medium",1,0,"High","Medium","Public","Neutral",2,0,"High School","Near","Female",64,0
23,87,"Medium","High",0,6,95,"High",1,3,"High","Medium","Private","Positive",0,0,"High School","Near","Female",73,0
27,64,"Low","Medium",1,5,70,"Medium",1,0,"Low","High","Public","Positive",4,0,"High School","Near","Female",65,0
23,73,"Low","High",0,5,60,"High",1,1,"Medium","Medium","Private","Positive",2,0,"Postgraduate","Near","Female",67,0
19,63,"High","Medium",1,8,55,"Low",1,0,"Medium","Medium","Private","Positive",4,0,"College","Moderate","Female",63,1
17,63,"Medium","Medium",1,10,93,"Medium",1,0,"Low","Medium","Public","Positive",2,1,"Postgraduate","Near","Female",63,0
26,68,"Medium","Medium",1,10,62,"High",1,4,"Medium","Medium","Public","Neutral",2,0,"Postgraduate","Near","Female",69,0
11,79,"High","High",1,5,99,"Medium",1,1,"High","Low","Public","Positive",3,0,"High School","Near","Female",68,0
14,91,"Medium","Medium",1,7,62,"Medium",1,2,"Low","High","Public","Neutral",2,0,"College","Near","Male",68,0
18,79,"High","High",1,6,74,"Medium",1,3,"Low","Medium","Public","Positive",4,0,"High School","Near","Male",69,0
27,73,"High","High",1,7,73,"High",1,5,"High","High","Public","Negative",3,0,"High School","Near","Female",73,0
22,63,"High","High",1,5,53,"High",1,3,"Low","High","Public","Negative",2,0,"High School","Near","Male",66,0
14,82,"Medium","Medium",1,6,77,"Medium",1,3,"Medium","Medium","Public","Positive",3,0,"College","Near","Female",68,0
18,71,"Medium","Medium",0,6,84,"Medium",1,2,"Medium","Low","Public","Neutral",2,0,"Postgraduate","Near","Male",65,0
16,85,"Medium","Medium",0,8,87,"High",1,4,"Low","Medium","Private","Negative",3,0,"High School","Far","Male",67,0
16,99,"Medium","Medium",0,6,76,"Low",1,2,"Medium","Medium","Private","Positive",4,0,"College","Near","Female",70,0
26,64,"Medium","High",0,6,91,"Medium",1,1,"Low","Medium","Private","Neutral",4,0,"High School","Moderate","Male",66,0
12,68,"Medium","High",0,8,88,"High",1,3,"Low","Medium","Public","Negative",3,0,"Postgraduate","Moderate","Female",64,0
30,79,"Medium","High",0,9,60,"Medium",1,1,"Low","Medium","Public","Neutral",3,0,"High School","Near","Female",69,0
25,99,"Low","Medium",0,10,70,"Medium",1,1,"Medium","Medium","Public","Positive",5,0,"College","Far","Female",71,0
27,91,"Medium","Low",0,8,57,"Medium",1,0,"Low","Low","Private","Neutral",4,0,"Postgraduate","Moderate","Male",68,0
17,96,"High","Medium",0,7,57,"Low",1,2,"Medium","Medium","Private","Negative",3,0,"College","Moderate","Female",68,0
19,73,"Low","Medium",1,9,86,"High",1,0,"Medium","High","Public","Positive",3,0,"College","Near","Female",66,0
11,100,"Low","High",0,9,77,"Medium",1,2,"Medium","High","Public","Positive",3,0,"Postgraduate","Near","Female",70,0
17,64,"Medium","High",0,8,80,"Medium",1,0,"High","High","Public","Positive",2,0,"Postgraduate","Near","Female",65,0
23,62,"Medium","Low",1,5,87,"Medium",1,1,"Medium","Medium","Public","Negative",4,0,"High School","Near","Female",63,0
28,94,"Low","Medium",1,9,64,"Medium",1,0,"Medium","Medium","Public","Neutral",3,0,"High School","Moderate","Female",70,0
13,97,"Low","Medium",1,8,70,"Medium",1,0,"High","Medium","Private","Neutral",2,0,"Postgraduate","Moderate","Female",67,0
18,64,"Medium","Medium",0,6,80,"Medium",1,1,"Medium","Medium","Public","Positive",5,1,"High School","Near","Male",63,0
19,65,"High","Medium",0,6,55,"Medium",1,1,"Low","High","Public","Positive",3,0,"Postgraduate","Moderate","Male",64,1
12,61,"Low","Medium",1,8,92,"Medium",1,2,"High","Medium","Public","Neutral",4,1,"High School","Moderate","Male",60,1
24,64,"Medium","Medium",1,4,67,"Low",1,0,"Low","Medium","Public","Neutral",1,0,"High School","Near","Male",62,1
16,68,"Medium","High",0,7,83,"High",1,2,"Low","High","Public","Positive",2,0,"High School","Near","Female",65,0
19,99,"Low","Low",0,6,100,"Medium",1,0,"High","Low","Private","Negative",3,0,"Postgraduate","Near","Male",69,0
17,87,"Medium","High",1,6,74,"Low",1,1,"Low","High","Private","Neutral",3,0,"College","Moderate","Female",68,0
15,91,"Medium","Medium",0,6,61,"Medium",0,1,"Medium","High","Public","Positive",2,0,"High School","Moderate","Male",66,0
20,91,"High","High",1,5,61,"Low",1,4,"Low","Medium","Public","Positive",2,0,"Postgraduate","Near","Male",72,0
19,81,"Medium","High",1,9,53,"Medium",1,2,"High","Medium","Public","Positive",3,0,"High School","Near","Male",68,0
18,92,"Medium","Medium",0,4,88,"Medium",1,3,"High","Medium","Public","Neutral",2,0,"High School","Moderate","Male",69,0
16,84,"Medium","Medium",0,7,65,"Low",1,1,"High","High","Public","Negative",3,0,"High School","Moderate","Male",65,1
22,73,"High","Medium",1,6,59,"Low",1,0,"Low","Medium","Public","Positive",1,0,"High School","Near","Male",65,1
30,82,"Low","Medium",1,10,86,"Low",1,2,"Low","High","Public","Neutral",4,0,"High School","Near","Female",70,0
21,81,"Medium","Low",1,7,65,"High",1,1,"Medium","Medium","Public","Positive",2,0,"College","Moderate","Male",67,0
26,93,"High","Medium",0,4,80,"Medium",1,4,"Low","Medium","Private","Positive",3,1,"College","Near","Male",73,0
12,99,"High","High",0,8,71,"Medium",1,2,"Medium","Low","Public","Neutral",2,0,"College","Near","Female",70,0
21,76,"Medium","Medium",1,5,67,"Medium",1,1,"High","Low","Private","Positive",3,0,"High School","Moderate","Male",66,0
13,91,"Medium","Medium",1,8,74,"Medium",1,1,"Low","Medium","Private","Positive",1,0,"Postgraduate","Near","Male",68,0
11,64,"Medium","Medium",1,8,66,"Medium",1,2,"Low","Medium","Public","Positive",2,0,"College","Moderate","Male",61,1
16,91,"Medium","High",0,9,94,"Low",1,0,"High","Medium","Public","Positive",3,0,"Postgraduate","Near","Male",70,0
27,75,"Medium","Low",1,7,54,"Low",1,2,"Medium","Medium","Public","Negative",3,0,"Postgraduate","Near","Female",66,0
26,62,"High","Medium",1,8,52,"Medium",1,4,"Low","Medium","Public","Neutral",5,0,"College","Near","Male",67,0
21,75,"High","High",0,7,70,"High",1,1,"Medium","High","Private","Neutral",3,0,"Postgraduate","Near","Female",69,0
11,84,"Medium","Low",1,6,59,"Low",1,2,"Medium","Medium","Public","Positive",3,0,"High School","Near","Female",64,1
19,65,"High","Medium",1,9,87,"Low",1,0,"High","High","Public","Positive",2,0,"College","Moderate","Male",65,1
22,97,"High","Medium",1,5,68,"Low",1,7,"Medium","High","Private","Negative",5,0,"College","Near","Female",75,0
21,63,"High","Medium",0,7,63,"Medium",1,2,"Medium","Medium","Public","Neutral",2,0,"High School","Far","Male",63,0
9,97,"High","Medium",0,6,68,"Low",1,5,"Medium","Medium","Private","Neutral",3,0,"College","Near","Male",69,1
15,88,"Medium","High",1,8,61,"Low",1,2,"Medium","High","Public","Positive",4,1,"High School","Near","Male",68,1
20,73,"Medium","Low",1,6,65,"Medium",1,2,"High","High","Private","Positive",2,0,"College","Near","Male",66,0
23,76,"Low","Medium",1,6,78,"Low",1,2,"High","Medium","Public","Positive",2,0,"High School","Moderate","Female",66,0
7,90,"Low","Medium",1,7,93,"Low",1,4,"Medium","Medium","Public","Neutral",3,0,"College","Near","Male",66,1
19,84,"Medium","Medium",1,9,69,"Medium",1,2,"Medium","Low","Public","Neutral",4,0,"College","Near","Female",68,0
21,87,"Low","Medium",1,6,66,"Medium",1,1,"Low","Low","Public","Negative",2,0,"High School","Moderate","Female",65,0
25,76,"Medium","High",0,6,89,"High",1,3,"Low","Medium","Public","Neutral",3,0,"College","Near","Male",70,0
24,80,"Medium","High",0,5,51,"Medium",1,3,"High","Low","Public","Positive",2,0,"High School","Near","Female",68,0
23,100,"Medium","Medium",0,6,65,"Low",1,1,"Medium","High","Public","Neutral",2,1,"High School","Near","Female",70,0
15,69,"Low","Medium",0,8,73,"Medium",1,2,"Medium","Medium","Public","Neutral",2,0,"High School","Moderate","Male",61,1
9,77,"Low","Low",0,7,80,"Medium",1,3,"Medium","Medium","Public","Positive",3,1,"High School","Near","Male",61,1
18,72,"Low","High",0,7,58,"Low",1,6,"Low","Medium","Public","Positive",0,0,"High School","Moderate","Male",64,1
26,91,"Low","Medium",0,10,72,"Low",1,4,"High","Medium","Public","Neutral",3,0,"College","Moderate","Male",71,0
28,91,"High","Medium",1,4,78,"Low",1,1,"Medium","Low","Public","Positive",3,0,"High School","Moderate","Male",72,0
24,72,"Medium","High",1,10,76,"High",0,1,"Low","Medium","Public","Negative",3,0,"High School","Near","Male",66,0
23,63,"Medium","Medium",1,9,79,"High",1,0,"Low","Medium","Private","Negative",4,0,"High School","Far","Female",63,0
22,60,"Low","Low",0,7,83,"Medium",0,3,"Medium","Medium","Public","Positive",1,0,"College","Near","Female",62,0
17,77,"Medium","Medium",1,8,69,"Low",1,3,"High","Medium","Public","Neutral",3,1,"High School","Near","Male",65,1
19,76,"Medium","Medium",1,6,53,"Medium",1,2,"Medium","Medium","Public","Positive",5,0,"High School","Near","Male",66,0
30,100,"Low","High",0,7,53,"Medium",1,2,"Low","High","Private","Neutral",3,0,"High School","Moderate","Male",72,0
14,79,"High","Medium",1,10,93,"Medium",1,2,"Medium","Medium","Public","Neutral",3,0,"College","Near","Male",68,0
30,70,"High","Low",0,6,84,"High",1,2,"Medium","Medium","Public","Positive",3,0,"Postgraduate","Near","Male",70,0
18,96,"Medium","Medium",1,7,88,"Medium",1,1,"Medium","High","Private","Negative",3,0,"High School","Moderate","Female",70,0
28,80,"Medium","High",0,6,96,"High",1,2,"Low","Medium","Public","Positive",6,0,"High School","Near","Male",73,0
12,84,"Medium","High",0,6,88,"High",0,2,"High","High","Public","Positive",2,0,"High School","Near","Male",67,0
24,64,"Medium","Low",0,6,85,"Medium",1,3,"Medium","Medium","Public","Positive",2,0,"Postgraduate","Moderate","Male",65,0
16,75,"High","Low",1,5,83,"Medium",1,1,"Medium","High","Private","Negative",3,0,"College","Moderate","Female",65,0
12,98,"Low","Medium",0,7,63,"Medium",1,0,"High","Medium","Private","Neutral",3,1,"High School","Near","Female",65,0
21,84,"Medium","Medium",1,7,98,"Medium",1,0,"Medium","Medium","Public","Neutral",4,0,"College","Near","Male",70,0
26,74,"Medium","Low",1,6,77,"Medium",1,3,"Medium","Medium","Private","Negative",2,0,"High School","Far","Male",66,0
15,85,"Medium","Medium",1,4,61,"Medium",1,0,"Medium","Low","Public","Neutral",1,0,"College","Near","Male",65,0
11,96,"High","High",0,7,60,"Medium",1,2,"Low","Medium","Public","Neutral",1,0,"High School","Near","Male",68,0
19,71,"Medium","Medium",1,7,91,"Medium",1,3,"High","Medium","Public","Negative",1,0,"High School","Moderate","Female",66,0
19,80,"Low","Medium",1,10,63,"High",0,1,"Medium","Medium","Public","Neutral",2,0,"College","Near","Female",65,0
23,98,"Medium","High",1,7,52,"Low",1,2,"Low","High","Private","Positive",4,1,"High School","Near","Female",71,0
26,67,"Low","Medium",1,8,71,"Medium",1,2,"High","Medium","Private","Negative",3,0,"High School","Near","Male",65,0
20,89,"Low","Medium",1,6,91,"High",1,0,"Medium","Medium","Private","Positive",4,0,"College","Near","Male",70,0
31,85,"Medium","Medium",1,9,71,"Low",1,0,"Medium","High","Public","Negative",2,1,"College","Moderate","Female",69,0
21,87,"Medium","Medium",0,6,90,"High",1,3,"High","Medium","Public","Negative",4,0,"High School","Near","Male",71,0
18,74,"Medium","High",1,8,91,"Medium",1,0,"Medium","High","Private","Positive",2,0,"High School","Near","Female",67,0
10,73,"Medium","Medium",1,8,93,"High",1,3,"Low","Medium","Public","Positive",2,1,"High School","Moderate","Male",64,0
18,87,"Low","Low",0,8,79,"High",1,1,"Low","High","Public","Negative",4,0,"College","Near","Male",82,0
18,69,"Medium","High",1,10,85,"Medium",1,2,"High","Medium","Private","Positive",0,0,"College","Moderate","Female",66,0
26,77,"Low","Medium",1,6,63,"Low",1,1,"Low","High","Public","Negative",4,0,"High School","Near","Male",66,0
23,68,"High","Medium",1,9,55,"Medium",1,1,"Medium","Medium","Public","Positive",3,0,"High School","Moderate","Male",65,0
13,60,"Medium","Medium",0,9,77,"Low",1,2,"Medium","High","Private","Positive",5,1,"High School","Near","Male",61,1
21,99,"Medium","High",0,7,51,"High",1,2,"Medium","Low","Private","Neutral",2,0,"Postgraduate","Near","Female",72,0
24,77,"High","Medium",1,10,73,"Medium",1,3,"Medium","Medium","Public","Positive",3,0,"High School","Near","Male",70,0
29,99,"Medium","Medium",1,7,55,"Low",1,0,"Medium","Medium","Private","Positive",3,0,"High School","Moderate","Male",71,0
25,66,"High","Medium",1,7,55,"Medium",1,4,"Medium","Medium","Public","Neutral",2,1,"High School","Moderate","Female",84,0
25,83,"High","High",1,7,94,"Low",1,2,"Low","High","Public","Positive",3,1,"College","Moderate","Male",72,0
20,68,"Medium","High",1,5,82,"Medium",0,1,"Low","High","Public","Positive",3,0,"Postgraduate","Near","Female",67,0
22,92,"High","Low",0,8,82,"Medium",1,2,"Medium","Medium","Private","Neutral",5,0,"Postgraduate","Near","Male",72,0
27,91,"Low","High",1,8,70,"Low",1,1,"Medium","Low","Public","Neutral",6,0,"High School","Moderate","Female",70,0
12,65,"Medium","High",0,7,71,"Medium",1,1,"Low","High","Public","Neutral",4,0,"High School","Moderate","Male",62,1
18,96,"High","Medium",1,10,65,"Low",1,3,"Medium","Medium","Public","Positive",2,0,"College","Moderate","Female",71,0
15,68,"Low","Medium",0,6,72,"Low",1,3,"High","Low","Public","Neutral",3,0,"High School","Near","Female",62,1
22,85,"Medium","Medium",1,4,79,"Low",1,1,"Low","Low","Public","Positive",3,0,"High School","Near","Female",68,0
27,99,"High","Medium",0,10,59,"High",1,2,"Low","Medium","Public","Positive",3,0,"High School","Near","Male",74,0
16,95,"High","High",0,9,63,"Medium",0,0,"Medium","Low","Private","Positive",3,0,"High School","Near","Male",68,0
6,98,"Medium","Low",0,8,75,"Medium",1,1,"High","Medium","Public","Neutral",3,1,"Postgraduate","Far","Female",64,0
18,74,"High","Medium",1,6,69,"Medium",1,0,"Low","Medium","Public","Positive",4,0,"High School","Moderate","Male",65,0
25,64,"Medium","Low",1,8,91,"Medium",1,1,"Low","Low","Public","Positive",5,0,"College","Near","Male",66,0
23,68,"Medium","High",0,5,91,"Low",1,5,"Low","Medium","Public","Neutral",1,0,"College","Near","Female",68,0
23,80,"Medium","Medium",0,7,67,"Low",1,2,"Low","High","Public","Neutral",4,0,"High School","Near","Male",67,0
18,92,"Medium","Medium",1,6,73,"Low",1,1,"Medium","High","Public","Neutral",5,1,"High School","Moderate","Female",67,0
12,66,"Medium","High",1,7,99,"Low",1,2,"Medium","Low","Public","Neutral",3,0,"High School","Moderate","Male",63,1
23,86,"Medium","High",1,8,91,"Medium",1,2,"Low","Medium","Public","Negative",1,0,"College","Near","Female",71,0
15,73,"Medium","High",0,5,61,"Low",0,1,"Low","High","Private","Positive",2,0,"Postgraduate","Moderate","Male",63,1
33,74,"Medium","Low",0,8,64,"Medium",1,0,"Medium","Medium","Public","Negative",3,1,"High School","Near","Male",66,0
23,86,"High","Medium",0,7,54,"Low",1,2,"Medium","Medium","Public","Negative",2,1,"High School","Near","Female",67,0
17,79,"Medium","High",1,8,84,"Medium",1,0,"Medium","Medium","Public","Neutral",2,0,"High School","Moderate","Male",66,0
16,92,"Medium","Medium",1,7,66,"High",1,2,"Medium","Medium","Public","Positive",4,0,"Postgraduate","Moderate","Female",70,0
19,66,"High","Medium",0,8,77,"Low",0,3,"Medium","Medium","Public","Negative",4,0,"College","Moderate","Female",64,1
19,92,"Medium","Medium",1,6,88,"Low",1,1,"High","Medium","Public","Positive",2,0,"Postgraduate","Near","Male",71,0
27,63,"High","High",1,4,92,"Medium",1,0,"Low","Medium","Public","Neutral",3,0,"College","Near","Female",68,0
21,68,"Low","Medium",1,5,66,"Low",1,2,"High","Medium","Private","Neutral",3,0,"High School","Near","Male",64,1
16,86,"Medium","Medium",1,6,62,"Low",1,1,"Low","High","Public","Positive",4,0,"High School","Near","Female",66,1
31,94,"Low","Medium",0,5,92,"Low",1,1,"High","Low","Private","Neutral",4,0,"High School","Near","Male",72,0
20,70,"Low","Medium",1,9,69,"High",1,2,"Medium","High","Public","Neutral",3,0,"Postgraduate","Near","Female",66,0
25,73,"Medium","High",1,7,91,"Medium",1,0,"Medium","High","Public","Neutral",4,0,"High School","Near","Female",70,0
16,81,"Medium","Medium",1,8,57,"High",1,1,"Medium","Medium","Private","Positive",2,0,"High School","Near","Male",66,0
22,68,"High","Medium",0,8,96,"Medium",1,1,"Medium","Medium","Public","Positive",3,0,"Postgraduate","Moderate","Female",68,0
22,92,"Medium","Low",1,7,74,"High",1,2,"Medium","Low","Public","Positive",4,0,"College","Moderate","Male",70,0
9,91,"Medium","Medium",0,10,59,"High",1,0,"Low","Medium","Private","Positive",2,0,"College","Moderate","Male",64,0
32,66,"High","High",1,10,77,"High",1,3,"Medium","Medium","Public","Neutral",1,0,"College","Near","Male",71,0
28,79,"Medium","High",1,9,94,"Low",1,2,"Low","Medium","Private","Positive",5,0,"College","Near","Male",72,0
18,91,"High","Medium",1,6,69,"Medium",1,5,"Low","High","Public","Positive",2,0,"High School","Near","Male",71,0
13,73,"Medium","Low",0,9,59,"Medium",1,0,"Medium","High","Public","Neutral",4,0,"Postgraduate","Near","Male",63,1
22,85,"Low","Medium",1,4,79,"Medium",1,1,"High","Low","Public","Positive",2,0,"College","Near","Male",68,0
21,62,"Medium","Medium",0,9,92,"Medium",1,1,"Medium","Medium","Private","Positive",4,1,"High School","Near","Male",63,0
22,84,"Medium","Medium",0,4,56,"Medium",1,0,"High","Low","Private","Positive",2,0,"High School","Moderate","Male",66,0
21,66,"Medium","Medium",1,7,52,"High",1,1,"Medium","Medium","Public","Neutral",3,0,"High School","Far","Female",63,0
23,93,"High","High",0,9,53,"High",1,1,"Low","Medium","Private","Neutral",4,0,"College","Near","Female",72,0
29,74,"Medium","High",1,8,62,"High",1,3,"Low","High","Public","Positive",3,1,"Postgraduate","Moderate","Male",70,0
23,71,"Medium","Medium",1,5,50,"Medium",1,1,"Low","High","Public","Positive",1,0,"College","Near","Female",65,0
14,94,"Medium","High",1,7,71,"Medium",1,0,"Medium","Medium","Private","Negative",3,1,"College","Moderate","Female",67,0
28,62,"Low","High",0,8,85,"Medium",1,2,"Low","High","Public","Positive",3,0,"High School","Moderate","Female",66,0
30,76,"Medium","Medium",1,7,86,"Medium",1,1,"Medium","High","Public","Neutral",2,1,"Postgraduate","Far","Male",69,0
39,75,"Medium","High",1,6,82,"High",1,1,"High","Low","Public","Negative",3,0,"College","Near","Male",73,0
13,71,"Medium","High",1,8,65,"High",1,2,"Medium","Medium","Public","Neutral",4,0,"Postgraduate","Near","Female",66,0
21,96,"Medium","Medium",1,9,87,"Medium",1,0,"Medium","Medium","Public","Neutral",6,1,"High School","Near","Female",70,0
8,90,"High","High",0,7,79,"High",1,2,"Low","Medium","Public","Negative",4,0,"College","Near","Male",68,0
23,63,"Low","Medium",1,9,93,"Medium",1,2,"Medium","High","Private","Positive",2,0,"High School","Far","Male",65,0
17,89,"Medium","Medium",0,7,74,"Medium",1,1,"Low","Medium","Private","Positive",2,0,"Postgraduate","Moderate","Female",67,0
32,81,"High","Medium",0,6,59,"High",1,2,"High","Medium","Public","Neutral",2,0,"High School","Moderate","Female",71,0
15,96,"High","High",0,9,82,"Medium",1,2,"Low","Low","Private","Neutral",3,0,"High School","Near","Female",70,0
10,73,"Medium","Low",1,9,58,"Low",1,5,"Low","Medium","Private","Negative",3,0,"High School","Moderate","Male",61,1
17,83,"High","Medium",1,6,98,"Medium",1,0,"Medium","Medium","Public","Positive",3,0,"High School","Near","Male",69,0
8,80,"Low","Medium",1,6,85,"Medium",1,1,"Low","High","Public","Negative",3,0,"Postgraduate","Near","Male",63,1
25,80,"Medium","Medium",1,10,88,"Low",1,0,"Low","High","Private","Negative",2,0,"College","Moderate","Male",67,0
8,78,"High","Medium",1,7,84,"Medium",1,0,"Medium","Medium","Public","Positive",2,0,"College","Near","Male",65,0
20,68,"High","Medium",1,7,55,"High",1,0,"Low","Low","Public","Positive",3,1,"High School","Near","Female",63,0
8,90,"Medium","Medium",0,7,73,"High",1,3,"High","Low","Private","Negative",4,0,"Postgraduate","Near","Male",67,0
18,78,"Low","High",1,9,83,"Medium",1,2,"Low","Medium","Private","Negative",2,0,"Postgraduate","Moderate","Female",66,0
30,98,"Low","Medium",1,10,61,"Medium",1,0,"Low","Medium","Public","Positive",3,0,"Postgraduate","Moderate","Male",72,0
22,70,"Medium","High",0,7,84,"Low",1,3,"Low","High","Public","Positive",5,0,"High School","Near","Male",68,0
15,87,"High","Medium",1,10,91,"Medium",1,1,"Low","Low","Public","Neutral",4,0,"High School","Moderate","Male",67,0
20,98,"Medium","Medium",1,6,64,"Medium",1,1,"High","High","Private","Positive",3,0,"Postgraduate","Moderate","Male",72,0
20,87,"Medium","High",1,7,60,"Medium",1,0,"Low","Medium","Public","Positive",2,1,"High School","Far","Female",66,0
23,95,"Medium","Medium",1,8,94,"Medium",1,1,"Medium","Medium","Public","Positive",4,0,"High School","Near","Male",73,0
12,93,"High","High",1,6,50,"Low",1,4,"High","High","Public","Positive",3,0,"Postgraduate","Moderate","Male",71,1
24,74,"Low","Low",1,8,63,"High",1,1,"Low","High","Public","Positive",3,0,"High School","Moderate","Male",65,0
4,84,"Medium","Medium",1,6,70,"Medium",1,5,"Medium","High","Private","Neutral",4,0,"High School","Near","Male",65,1
16,66,"High","Medium",1,5,84,"Medium",1,2,"Medium","Medium","Private","Neutral",3,0,"High School","Near","Female",65,0
17,81,"Medium","Medium",1,4,100,"Low",1,2,"Medium","High","Private","Neutral",2,0,"College","Near","Male",68,0
24,69,"High","Medium",0,7,69,"Medium",0,7,"High","Medium","Public","Positive",3,0,"College","Near","Female",70,0
20,90,"Medium","Low",1,8,97,"Low",1,1,"Medium","Low","Private","Neutral",2,0,"High School","Near","Female",68,0
12,81,"Low","Medium",1,5,68,"High",1,0,"Low","High","Private","Negative",2,0,"High School","Near","Male",62,0
14,76,"Medium","Medium",0,7,85,"High",1,3,"Low","Medium","Private","Neutral",3,0,"College","Near","Male",66,0
21,71,"Medium","Medium",0,7,58,"Low",1,3,"Low","Medium","Public","Negative",5,0,"College","Near","Female",65,1
20,100,"Medium","Medium",1,7,73,"Medium",1,1,"Low","Medium","Public","Neutral",4,0,"College","Near","Female",71,0
17,63,"Medium","Medium",0,6,94,"Low",1,0,"Medium","Medium","Public","Negative",2,0,"High School","Moderate","Male",61,1
17,62,"Medium","Medium",0,7,66,"High",1,2,"High","Medium","Public","Neutral",4,0,"High School","Moderate","Male",63,0
24,69,"Medium","High",1,7,55,"Low",1,3,"Medium","High","Public","Neutral",4,0,"High School","Near","Male",67,1
17,99,"Medium","Medium",0,8,76,"Low",0,2,"High","Medium","Public","Positive",4,0,"Postgraduate","Near","Male",70,0
19,99,"Medium","Medium",1,5,72,"Low",1,3,"Medium","High","Private","Neutral",4,0,"Postgraduate","Near","Male",73,0
33,86,"Medium","Medium",0,7,61,"Medium",1,1,"High","Medium","Public","Positive",3,0,"High School","Near","Male",72,0
11,95,"Medium","Medium",1,5,95,"Low",1,1,"Low","High","Public","Positive",3,0,"Postgraduate","Near","Male",69,0
9,69,"Low","Medium",1,7,80,"Medium",1,1,"Medium","Medium","Private","Neutral",3,0,"College","Moderate","Male",61,1
25,99,"Medium","Medium",0,5,67,"Medium",1,1,"Low","High","Public","Neutral",3,0,"High School","Near","Male",71,0
16,66,"Medium","Medium",1,6,100,"Medium",1,1,"Medium","Medium","Public","Neutral",3,0,"High School","Moderate","Female",64,0
18,64,"Low","Medium",1,7,57,"Medium",1,1,"High","Medium","Public","Neutral",3,0,"High School","Moderate","Male",61,1
15,64,"Medium","Medium",0,6,92,"Low",1,3,"Low","Medium","Public","Negative",4,0,"College","Near","Female",63,1
18,83,"Medium","Low",1,9,62,"High",1,2,"Low","Medium","Public","Negative",2,0,"High School","Near","Male",65,0
30,91,"High","Medium",0,9,62,"Low",1,3,"Low","High","Public","Negative",4,0,"Postgraduate","Near","Female",73,0
25,75,"Medium","Low",1,8,75,"High",1,2,"High","High","Private","Negative",4,1,"Postgraduate","Near","Male",68,0
25,99,"Medium","Medium",0,8,83,"Medium",1,1,"Medium","Medium","Public","Neutral",2,0,"College","Near","Female",72,0
12,77,"Low","Low",1,7,85,"Medium",1,1,"Medium","Medium","Public","Positive",3,0,"College","Far","Male",62,0
13,66,"High","Medium",1,9,51,"Low",1,3,"Medium","Medium","Private","Positive",2,0,"Postgraduate","Moderate","Male",63,1
3,79,"Low","Medium",1,7,64,"Low",1,0,"Medium","Medium","Public","Negative",3,0,"Postgraduate","Far","Female",58,1
15,87,"Medium","Medium",0,10,83,"Medium",1,1,"High","High","Private","Positive",3,0,"High School","Near","Male",68,0
26,93,"High","High",1,6,94,"Low",1,1,"Medium","High","Public","Negative",2,0,"High School","Near","Female",74,0
23,78,"Medium","Medium",1,5,83,"Medium",1,1,"Medium","Medium","Public","Positive",3,0,"High School","Near","Male",68,0
19,84,"Medium","Medium",1,5,63,"Medium",1,1,"High","Medium","Private","Positive",2,0,"High School","Near","Male",67,0
20,71,"Medium","Medium",1,5,75,"Low",1,0,"Medium","Medium","Private","Positive",4,0,"High School","Near","Male",65,1
16,86,"Low","Low",1,5,82,"Low",1,0,"Low","Medium","Public","Neutral",4,0,"High School","Moderate","Female",63,1
21,99,"Medium","Low",0,7,57,"High",1,2,"Medium","Medium","Public","Neutral",2,0,"Postgraduate","Near","Male",71,0
25,62,"Medium","Low",1,8,77,"Medium",1,0,"Medium","Low","Public","Negative",4,0,"College","Far","Female",62,0
10,95,"High","Low",1,7,74,"High",1,2,"Low","Medium","Public","Negative",3,0,"High School","Far","Male",66,0
22,82,"Low","Medium",0,5,67,"Low",1,1,"Low","High","Private","Neutral",1,1,"Postgraduate","Near","Female",65,0
26,70,"High","Medium",0,6,81,"Low",1,0,"Low","High","Public","Neutral",3,0,"High School","Moderate","Male",66,0
18,98,"High","Low",0,8,82,"Medium",1,3,"Medium","High","Public","Negative",3,0,"College","Near","Male",71,0
24,79,"Low","High",0,6,99,"High",0,2,"Low","High","Public","Negative",3,0,"High School","Near","Male",68,0
37,73,"Medium","High",1,6,71,"Medium",1,0,"High","High","Public","Positive",5,0,"High School","Moderate","Male",72,0
19,67,"Medium","High",0,5,77,"Medium",1,1,"Medium","High","Private","Negative",4,0,"Postgraduate","Near","Male",66,0
22,70,"Medium","Low",1,6,58,"Low",1,4,"High","Medium","Public","Positive",2,0,"Postgraduate","Moderate","Male",66,1
16,93,"Low","High",0,6,77,"High",1,2,"Low","Medium","Public","Negative",1,0,"High School","Moderate","Male",67,0
21,85,"Low","High",1,7,52,"Medium",1,5,"High","High","Public","Positive",3,0,"Postgraduate","Moderate","Male",71,0
23,97,"High","High",1,8,57,"Low",0,2,"High","Medium","Public","Positive",1,0,"Postgraduate","Far","Male",72,0
21,69,"Low","Medium",0,7,59,"Medium",1,3,"Low","Medium","Public","Neutral",3,0,"Postgraduate","Near","Male",64,0
14,65,"Low","High",0,7,82,"Low",1,1,"Low","Low","Public","Negative",3,0,"High School","Near","Male",60,1
21,60,"High","Low",0,8,78,"Medium",1,2,"Medium","High","Public","Positive",2,0,"High School","Near","Female",64,0
29,80,"Medium","Low",1,5,90,"Medium",1,2,"Medium","Low","Public","Positive",1,0,"College","Near","Female",70,0
23,100,"Medium","Low",1,10,73,"Medium",1,3,"Medium","Medium","Private","Neutral",2,0,"College","Near","Male",72,0
26,88,"Medium","High",0,6,74,"Medium",1,0,"Low","Medium","Public","Negative",2,0,"High School","Moderate","Female",68,0
19,72,"Medium","Low",1,8,58,"Medium",1,0,"Medium","Low","Public","Neutral",3,0,"High School","Near","Female",62,0
24,95,"Medium","Low",0,5,87,"Medium",1,0,"Low","Medium","Public","Neutral",2,0,"High School","Far","Male",68,0
22,91,"High","High",1,7,50,"Medium",1,2,"Low","Medium","Public","Positive",5,0,"Postgraduate","Moderate","Male",72,0
14,61,"Medium","Low",1,7,71,"Medium",1,0,"Medium","Low","Private","Neutral",1,0,"Postgraduate","Near","Female",60,1
22,93,"Medium","High",0,9,59,"Low",1,3,"Low","High","Public","Positive",4,0,"Postgraduate","Near","Female",72,0
14,72,"Low","High",0,7,89,"Medium",1,2,"Medium","Medium","Public","Positive",3,0,"High School","Near","Female",65,0
16,66,"Medium","Low",0,9,84,"High",1,3,"Low","Low","Public","Positive",4,0,"High School","Near","Female",63,0
21,69,"Medium","Low",1,7,85,"Medium",1,2,"Medium","Medium","Private","Positive",0,0,"Postgraduate","Near","Male",66,0
22,79,"Low","Medium",0,10,57,"Low",1,1,"Medium","High","Public","Positive",2,0,"High School","Near","Male",65,1
13,77,"Medium","High",0,4,83,"Medium",1,1,"Medium","High","Public","Negative",2,0,"Postgraduate","Moderate","Male",65,0
26,72,"Low","High",0,8,85,"Medium",1,2,"Low","Medium","Public","Negative",3,0,"High School","Near","Male",67,0
23,67,"Medium","Medium",0,4,50,"Low",1,4,"Low","Medium","Private","Positive",3,0,"College","Moderate","Male",65,1
16,90,"High","Medium",0,7,66,"Medium",1,0,"High","High","Public","Negative",3,0,"High School","Moderate","Male",67,0
11,100,"Medium","Medium",1,9,54,"Low",1,1,"Low","Medium","Public","Negative",3,0,"Postgraduate","Near","Male",66,1
19,91,"Low","High",1,9,84,"High",1,2,"High","High","Public","Positive",3,1,"High School","Near","Male",71,0
17,72,"Medium","Medium",0,8,61,"Medium",1,1,"Medium","Medium","Public","Neutral",4,0,"Postgraduate","Moderate","Male",64,0
21,70,"Low","Low",0,7,63,"Medium",1,0,"Medium","Medium","Public","Positive",2,0,"High School","Far","Male",61,0
18,69,"High","High",1,8,54,"Low",1,1,"High","High","Private","Neutral",2,0,"High School","Near","Male",65,1
8,65,"Medium","Medium",0,10,74,"Medium",1,1,"Medium","High","Private","Positive",5,0,"High School","Near","Male",61,1
18,82,"High","Low",0,7,52,"Low",1,1,"Low","Medium","Public","Negative",4,0,"High School","Near","Female",64,1
18,84,"High","High",1,8,92,"Low",1,0,"Low","High","Public","Negative",3,0,"College","Near","Female",69,0
24,88,"Medium","Medium",1,6,51,"High",1,4,"Medium","Low","Public","Positive",4,0,"High School","Near","Male",71,0
16,87,"High","Medium",0,9,53,"High",1,3,"Medium","High","Private","Neutral",5,0,"College","Near","Male",70,0
30,72,"High","Medium",1,8,82,"High",1,1,"Low","Medium","Public","Positive",1,0,"College","Moderate","Female",70,0
9,73,"Medium","Medium",1,6,96,"Low",1,0,"Low","High","Public","Positive",2,0,"High School","Near","Male",62,1
28,87,"Medium","Medium",0,8,95,"Medium",1,2,"Medium","Low","Private","Positive",3,0,"Postgraduate","Near","Female",73,0
19,74,"Medium","High",0,8,54,"High",1,0,"Medium","Medium","Public","Positive",3,0,"College","Near","Male",66,0
25,69,"Medium","Medium",1,8,64,"Medium",1,1,"High","Low","Public","Negative",3,0,"Postgraduate","Moderate","Female",66,0
20,75,"Low","Medium",0,7,76,"Medium",1,3,"High","High","Private","Negative",3,0,"College","Near","Female",66,0
27,71,"Medium","Medium",1,9,51,"Medium",0,3,"High","Medium","Public","Neutral",1,0,"College","Far","Female",66,0
18,64,"Medium","Medium",1,6,76,"Medium",1,2,"Medium","High","Public","Positive",4,0,"High School","Near","Male",65,0
13,93,"Low","Low",0,7,72,"High",1,2,"Medium","Medium","Private","Positive",2,0,"Postgraduate","Near","Female",67,0
29,94,"High","Medium",0,7,79,"Medium",1,6,"Low","High","Private","Neutral",4,0,"College","Near","Female",76,0
19,69,"Medium","Medium",1,9,96,"Medium",1,0,"High","High","Private","Positive",3,0,"High School","Moderate","Female",66,0
21,63,"Medium","Medium",1,6,64,"Low",1,1,"High","High","Public","Negative",3,0,"High School","Near","Male",63,1
27,90,"Medium","Medium",0,7,82,"Medium",1,0,"Medium","Medium","Public","Positive",3,0,"College","Moderate","Female",71,0
14,68,"Medium","High",0,6,71,"Low",1,1,"Medium","Medium","Public","Positive",3,0,"College","Moderate","Male",63,1
24,76,"High","Low",1,7,72,"Low",1,1,"High","Medium","Public","Positive",2,0,"College","Moderate","Male",67,0
16,63,"Medium","Medium",1,8,82,"Medium",1,0,"High","Medium","Public","Neutral",3,0,"High School","Near","Male",63,1
19,69,"High","Medium",1,5,98,"Medium",1,0,"High","Medium","Public","Neutral",4,0,"High School","Moderate","Male",66,0
20,92,"Medium","Medium",1,9,93,"Low",1,3,"High","Medium","Public","Positive",2,0,"College","Near","Female",72,0
11,92,"High","Medium",1,8,82,"High",1,4,"Medium","Medium","Private","Negative",2,0,"Postgraduate","Near","Female",70,0
15,68,"High","Low",1,6,73,"Medium",0,0,"Medium","Medium","Public","Positive",3,0,"College","Near","Male",62,1
28,73,"High","Medium",1,6,71,"Medium",1,0,"Medium","High","Private","Positive",2,0,"College","Moderate","Female",69,0
25,65,"Low","Medium",1,9,89,"Medium",1,2,"Medium","High","Public","Neutral",3,0,"High School","Near","Female",66,0
20,63,"Medium","Medium",1,8,61,"Medium",1,2,"High","Medium","Public","Neutral",3,0,"High School","Near","Male",64,1
21,100,"Low","Medium",1,6,79,"Medium",1,2,"Low","Medium","Public","Neutral",1,0,"High School","Near","Female",70,0
18,86,"Medium","Medium",0,6,75,"High",1,0,"Low","High","Public","Neutral",4,0,"High School","Near","Male",67,0
28,82,"Medium","High",1,8,82,"Low",1,1,"Medium","Medium","Private","Negative",2,0,"Postgraduate","Near","Male",71,0
19,91,"Medium","Medium",0,8,59,"High",1,1,"High","Medium","Public","Neutral",2,0,"Postgraduate","Near","Male",69,0
21,94,"High","Low",0,8,85,"Medium",1,1,"Medium","Medium","Public","Negative",4,0,"College","Near","Male",70,0
27,92,"Medium","Medium",1,7,81,"Medium",1,0,"Low","Medium","Public","Negative",1,0,"College","Near","Male",70,0
15,61,"High","Low",1,8,59,"Medium",1,1,"Medium","Medium","Public","Neutral",2,0,"Postgraduate","Moderate","Female",61,1
29,67,"Low","High",0,7,72,"Medium",0,0,"Medium","High","Public","Neutral",3,0,"High School","Near","Female",65,0
11,86,"Medium","High",1,6,84,"Medium",1,0,"High","High","Private","Neutral",3,0,"High School","Near","Male",67,0
30,75,"Medium","Low",1,9,95,"Low",1,1,"High","Medium","Public","Negative",5,0,"Postgraduate","Near","Male",70,0
18,99,"Medium","Medium",0,8,56,"Medium",0,2,"Low","High","Private","Negative",3,0,"High School","Near","Male",67,0
19,87,"Low","High",1,6,50,"Medium",1,3,"Low","Medium","Public","Neutral",2,0,"Postgraduate","Near","Male",68,0
9,98,"High","High",0,7,58,"Medium",1,2,"Medium","Medium","Public","Negative",4,0,"College","Near","Male",69,0
17,68,"Medium","Medium",0,7,99,"Medium",1,1,"Medium","Low","Private","Neutral",1,0,"Postgraduate","Near","Male",65,0
14,95,"High","Medium",1,6,88,"Medium",1,2,"Low","Low","Public","Neutral",2,0,"High School","Far","Male",68,0
16,73,"High","Medium",1,7,81,"Medium",1,1,"High","High","Public","Negative",4,0,"Postgraduate","Near","Male",67,0
19,100,"Medium","High",1,6,57,"Medium",1,1,"High","Medium","Private","Positive",2,1,"High School","Near","Male",70,0
26,66,"High","High",0,8,71,"High",1,2,"Medium","Medium","Public","Neutral",3,0,"High School","Near","Female",68,0
21,81,"High","Medium",1,7,86,"Medium",1,1,"Low","Medium","Public","Neutral",4,0,"College","Near","Male",69,0
22,92,"High","Low",1,5,95,"Low",1,0,"Low","Low","Public","Positive",3,0,"Postgraduate","Near","Male",70,0
13,77,"High","High",1,7,69,"Medium",1,2,"Low","High","Private","Neutral",5,0,"College","Moderate","Male",67,0
15,79,"High","High",1,6,100,"Medium",1,4,"Low","Medium","Public","Neutral",3,0,"College","Near","Female",70,0
31,99,"Medium","Low",1,4,57,"High",1,1,"High","High","Public","Neutral",2,0,"Postgraduate","Moderate","Female",74,0
16,77,"Medium","Low",1,7,69,"Low",1,1,"Low","High","Public","Neutral",4,0,"High School","Near","Female",63,1
30,84,"High","Medium",1,9,94,"Medium",1,1,"Low","High","Private","Positive",2,1,"High School","Near","Female",72,0
19,62,"High","Medium",0,7,82,"Low",1,0,"Low","Low","Private","Neutral",5,1,"Postgraduate","Near","Male",62,1
20,94,"Medium","Medium",0,8,91,"Medium",1,1,"Low","Medium","Public","Positive",2,0,"Postgraduate","Near","Female",71,0
26,86,"Medium","Low",0,7,95,"Medium",1,0,"Low","High","Public","Negative",5,0,"High School","Moderate","Male",68,0
28,76,"Medium","High",1,6,75,"High",1,3,"High","Medium","Public","Positive",3,0,"High School","Near","Male",72,0
19,61,"Medium","High",1,6,62,"High",1,1,"High","Medium","Public","Neutral",2,0,"Postgraduate","Moderate","Female",64,0
18,84,"Low","Low",0,5,85,"Medium",1,0,"Medium","Medium","Public","Neutral",4,0,"High School","Moderate","Male",64,0
20,61,"Low","High",1,8,78,"Medium",1,0,"Low","Medium","Private","Positive",5,0,"High School","Near","Female",63,0
22,60,"High","Medium",1,8,89,"Medium",1,2,"Medium","High","Private","Neutral",4,0,"College","Moderate","Male",66,0
25,85,"Medium","Medium",1,7,76,"Medium",1,2,"High","Medium","Public","Positive",2,0,"College","Near","Female",71,0
20,68,"Medium","High",1,4,91,"High",1,4,"High","Medium","Private","Positive",4,0,"College","Near","Male",70,0
24,68,"High","Medium",1,8,95,"Low",1,3,"Medium","Medium","Public","Positive",0,0,"High School","Moderate","Male",67,0
30,86,"High","High",1,6,87,"Medium",1,0,"Low","Low","Private","Positive",4,0,"College","Near","Female",73,0
22,62,"Low","Medium",1,7,87,"Medium",1,2,"High","Low","Public","Neutral",3,0,"High School","Near","Female",64,0
22,73,"Low","Medium",0,5,79,"Medium",1,4,"Medium","Low","Public","Negative",1,0,"Postgraduate","Moderate","Female",65,0
11,66,"Medium","Medium",1,7,74,"Medium",1,3,"Medium","High","Private","Neutral",3,0,"High School","Far","Female",62,1
4,83,"High","Medium",0,7,99,"Low",1,1,"Low","Low","Private","Neutral",3,0,"College","Near","Female",64,1
22,86,"Low","Medium",0,4,82,"Low",1,1,"Low","Low","Private","Positive",5,0,"College","Moderate","Male",67,0
19,89,"Medium","High",0,9,92,"High",1,5,"Medium","Medium","Private","Positive",3,0,"Postgraduate","Near","Male",74,0
17,70,"High","Medium",0,7,75,"Medium",1,1,"Low","Medium","Private","Neutral",4,1,"College","Far","Male",63,0
21,64,"High","Low",1,7,78,"Low",1,1,"Medium","Medium","Public","Positive",4,0,"High School","Near","Male",64,1
20,63,"Medium","Low",0,8,83,"Low",1,4,"Medium","Medium","Public","Neutral",3,0,"Postgraduate","Moderate","Female",64,1
27,77,"Low","High",0,7,86,"High",1,1,"High","High","Public","Negative",3,0,"College","Near","Male",70,0
21,98,"Medium","Medium",1,8,72,"Medium",1,3,"Low","Low","Public","Positive",3,0,"High School","Moderate","Female",71,0
16,69,"Medium","Medium",1,5,68,"Medium",1,0,"Medium","High","Public","Neutral",4,0,"College","Moderate","Male",63,1
26,70,"Medium","High",1,7,62,"Medium",1,0,"Low","Medium","Private","Negative",1,0,"College","Near","Female",66,0
19,64,"Medium","High",1,4,71,"Medium",1,1,"High","Medium","Public","Neutral",3,0,"High School","Near","Male",65,0
23,84,"Medium","High",0,7,61,"Medium",1,2,"Medium","High","Public","Neutral",5,0,"College","Moderate","Male",70,0
17,87,"Low","Low",1,9,71,"Medium",1,2,"Low","Medium","Public","Neutral",3,0,"College","Moderate","Female",65,0
16,86,"High","Medium",1,5,94,"High",1,0,"Medium","Medium","Public","Negative",2,0,"High School","Near","Male",68,0
21,94,"Medium","High",0,6,99,"Medium",1,1,"Medium","High","Private","Neutral",2,0,"High School","Near","Male",72,0
20,79,"Medium","High",1,4,79,"Low",1,0,"Medium","High","Private","Neutral",4,0,"High School","Moderate","Male",67,0
23,65,"High","High",0,7,57,"Low",0,1,"High","Medium","Public","Neutral",4,0,"High School","Near","Male",65,1
18,72,"Medium","Medium",0,8,71,"Low",1,2,"High","Medium","Public","Positive",4,0,"Postgraduate","Near","Male",66,1
9,86,"High","High",0,8,80,"Medium",1,1,"Low","Medium","Public","Positive",5,0,"College","Far","Female",67,0
17,85,"Medium","Low",0,6,69,"Medium",1,1,"Medium","Medium","Private","Neutral",3,1,"Postgraduate","Near","Male",65,0
25,81,"Medium","Medium",0,4,60,"Medium",1,2,"Medium","Medium","Private","Neutral",3,0,"High School","Near","Male",68,0
18,87,"Medium","Medium",0,5,61,"High",1,2,"Medium","Medium","Public","Positive",1,0,"High School","Near","Male",68,0
19,85,"Medium","High",1,9,74,"Medium",1,1,"High","Medium","Public","Neutral",3,0,"College","Moderate","Female",69,0
26,95,"Medium","Low",1,8,61,"Medium",1,2,"Medium","Medium","Private","Neutral",2,0,"Postgraduate","Near","Female",71,0
16,83,"Medium","Medium",1,7,62,"Medium",1,0,"Low","Medium","Private","Neutral",1,1,"Postgraduate","Moderate","Male",64,0
11,91,"Low","High",0,7,94,"Medium",1,1,"Medium","Medium","Public","Neutral",3,1,"High School","Moderate","Male",65,0
19,70,"Medium","Medium",0,5,89,"Medium",1,1,"Low","High","Private","Neutral",2,0,"High School","Near","Male",64,0
17,87,"Medium","Medium",1,9,53,"Low",1,3,"Low","Medium","Public","Positive",3,0,"Postgraduate","Moderate","Female",67,1
14,96,"Medium","High",0,6,66,"Medium",1,3,"Medium","Medium","Public","Positive",2,0,"College","Near","Female",70,0
19,75,"Medium","High",0,8,77,"Medium",1,1,"Low","Low","Public","Positive",4,0,"High School","Moderate","Female",66,0
23,91,"High","Medium",0,5,53,"Low",1,3,"Medium","High","Private","Negative",3,0,"High School","Near","Male",70,0
20,89,"Medium","High",1,7,84,"Low",1,1,"High","High","Public","Neutral",4,0,"High School","Moderate","Male",70,0
22,62,"High","Medium",1,9,69,"Low",1,1,"High","Low","Private","Negative",3,0,"College","Near","Male",64,1
31,83,"Low","High",1,6,70,"Medium",1,3,"Low","Medium","Private","Negative",3,0,"College","Near","Male",71,0
18,65,"Medium","High",1,8,63,"Medium",1,1,"Medium","Medium","Public","Positive",3,0,"High School","Far","Male",63,1
22,99,"Medium","Medium",1,5,67,"High",1,1,"Medium","High","Private","Negative",3,0,"College","Near","Male",72,0
17,92,"High","High",0,6,93,"Medium",1,4,"Medium","Low","Private","Neutral",4,0,"College","Moderate","Female",72,0
15,64,"High","Low",1,7,89,"Low",1,0,"Low","Medium","Public","Negative",2,0,"High School","Near","Male",61,1
16,65,"High","Low",1,8,97,"High",1,2,"Low","Medium","Public","Negative",4,1,"High School","Near","Female",63,0
17,84,"Low","High",0,7,85,"High",1,0,"Medium","Medium","Private","Positive",2,0,"College","Moderate","Male",67,0
22,74,"High","Low",1,8,79,"Low",1,3,"Medium","Medium","Public","Neutral",1,0,"High School","Near","Female",67,0
34,61,"Medium","Low",0,9,63,"Low",1,2,"Medium","Medium","Public","Neutral",5,0,"High School","Moderate","Female",65,0
16,82,"Low","Medium",0,6,83,"Medium",1,0,"Medium","Medium","Public","Negative",2,0,"High School","Near","Female",64,0
18,76,"Medium","Low",0,5,95,"High",1,2,"High","High","Public","Positive",6,0,"Postgraduate","Near","Female",69,0
20,64,"Medium","High",0,6,53,"High",0,4,"High","Medium","Private","Neutral",4,0,"College","Moderate","Female",65,0
22,92,"High","High",0,9,72,"Low",1,1,"Low","High","Public","Neutral",4,1,"Postgraduate","Near","Male",71,0
22,97,"Medium","Medium",1,6,57,"Medium",1,0,"Medium","High","Private","Positive",2,0,"High School","Near","Male",70,0
28,90,"Low","Medium",1,9,91,"Medium",1,0,"Medium","Medium","Public","Positive",2,0,"College","Moderate","Female",98,0
5,93,"Medium","Medium",1,7,81,"Medium",0,1,"Low","High","Public","Neutral",2,0,"College","Near","Female",65,0
6,69,"High","Medium",1,10,94,"Medium",0,1,"Medium","Medium","Private","Neutral",4,0,"Postgraduate","Near","Female",63,1
17,71,"Medium","Medium",1,10,53,"Low",1,0,"Low","Low","Public","Positive",3,0,"High School","Moderate","Male",61,1
27,68,"Medium","Low",1,9,95,"Medium",1,1,"Low","Medium","Public","Positive",3,0,"College","Moderate","Male",67,0
11,91,"Medium","Medium",0,5,53,"Medium",1,0,"Low","Medium","Private","Neutral",2,0,"Postgraduate","Near","Female",64,0
2,98,"High","Medium",0,4,64,"Medium",1,1,"Low","High","Private","Neutral",2,0,"High School","Near","Female",65,1
23,89,"High","High",1,7,58,"Medium",1,2,"Medium","High","Private","Positive",3,0,"Postgraduate","Moderate","Male",73,0
21,95,"Medium","High",1,8,57,"Low",0,1,"Low","Medium","Public","Positive",3,0,"High School","Near","Male",69,0
13,86,"Medium","High",0,8,59,"Medium",1,3,"Medium","Medium","Public","Neutral",3,0,"High School","Near","Male",67,0
14,76,"High","Medium",0,6,74,"Low",1,0,"High","Medium","Private","Positive",2,1,"College","Far","Male",63,1
14,77,"High","High",1,5,89,"Low",1,0,"Medium","Medium","Private","Positive",2,0,"College","Near","Male",67,1
21,63,"Low","High",1,8,95,"Medium",1,2,"High","Medium","Public","Neutral",5,0,"High School","Near","Male",66,0
16,61,"Medium","High",1,10,78,"Medium",1,2,"Low","High","Public","Positive",2,0,"College","Moderate","Female",64,1
23,88,"High","Low",1,6,58,"Medium",1,2,"Low","Medium","Public","Neutral",2,0,"High School","Moderate","Male",68,0
3,78,"Medium","Medium",0,8,54,"High",1,2,"High","Medium","Public","Positive",4,0,"High School","Moderate","Male",61,1
15,82,"Medium","Medium",1,10,75,"Medium",1,1,"High","Medium","Public","Negative",1,0,"College","Near","Female",66,0
13,82,"Medium","Medium",1,7,88,"Medium",1,0,"Low","Medium","Public","Neutral",2,0,"High School","Near","Female",65,0
18,71,"Medium","High",1,7,81,"Medium",1,0,"Medium","Medium","Public","Negative",4,0,"College","Moderate","Female",65,0
17,79,"Medium","Medium",0,8,79,"Medium",1,3,"Medium","High","Private","Neutral",5,1,"Postgraduate","Near","Male",67,0
25,79,"High","Medium",1,7,52,"Medium",1,1,"Medium","Medium","Public","Negative",2,0,"Postgraduate","Moderate","Female",68,0
9,76,"Medium","Medium",1,9,71,"Medium",1,1,"Medium","High","Public","Neutral",3,0,"College","Near","Male",63,1
20,93,"High","Medium",0,6,78,"Low",1,1,"Low","Medium","Public","Positive",3,0,"College","Moderate","Female",70,0
23,78,"High","High",0,7,80,"Medium",1,0,"Low","Medium","Private","Neutral",2,0,"High School","Near","Female",68,0
31,84,"Medium","Medium",0,5,50,"Medium",0,2,"Low","High","Private","Positive",3,0,"High School","Near","Male",69,0
17,96,"High","Medium",1,7,60,"Low",1,0,"Low","Medium","Private","Neutral",2,1,"College","Near","Male",67,0
22,95,"Medium","Medium",0,5,97,"Medium",1,0,"Low","Low","Public","Neutral",3,0,"High School","Moderate","Male",69,0
9,96,"Medium","Low",1,8,75,"Low",1,1,"Low","High","Private","Positive",4,1,"High School","Near","Female",65,1
6,71,"Medium","High",1,5,85,"Medium",1,1,"Low","Medium","Public","Positive",2,0,"High School","Moderate","Male",61,1
25,61,"Medium","High",1,8,65,"Low",1,3,"Low","Low","Public","Neutral",3,0,"College","Near","Female",65,1
20,70,"Low","Medium",1,6,79,"Low",1,4,"Medium","Medium","Public","Positive",4,0,"Postgraduate","Near","Male",67,1
27,71,"Medium","High",1,10,68,"Medium",1,1,"Low","Medium","Public","Negative",2,0,"High School","Moderate","Male",66,0
12,96,"Medium","Medium",0,9,65,"Medium",1,2,"High","High","Private","Neutral",4,1,"Postgraduate","Near","Female",69,0
23,86,"Medium","Medium",1,8,71,"High",1,3,"Medium","Medium","Public","Neutral",4,0,"College","Near","Female",71,0
31,63,"High","High",0,5,73,"Medium",1,1,"High","Low","Public","Positive",2,0,"High School","Near","Female",68,0
23,65,"High","Medium",0,6,67,"High",0,3,"Medium","Medium","Private","Negative",5,0,"High School","Moderate","Male",65,0
22,66,"Medium","Medium",0,6,63,"High",1,1,"Low","Medium","Private","Neutral",5,0,"Postgraduate","Far","Male",64,0
20,85,"Medium","Low",0,6,81,"Low",1,1,"High","High","Private","Positive",3,0,"College","Near","Male",68,0
11,89,"Low","High",0,9,69,"Low",1,1,"Low","Low","Public","Neutral",3,0,"High School","Near","Male",64,1
28,94,"Medium","High",0,7,60,"Low",1,1,"Low","Medium","Public","Positive",3,0,"High School","Near","Male",71,0
16,98,"High","Medium",0,6,88,"Medium",1,1,"Low","Medium","Public","Neutral",3,0,"Postgraduate","Moderate","Female",70,0
23,68,"High","Medium",1,6,86,"Medium",1,0,"Medium","Medium","Public","Positive",2,0,"Postgraduate","Near","Male",68,0
11,72,"Medium","Medium",1,6,94,"Low",1,2,"Medium","Medium","Public","Positive",3,0,"High School","Moderate","Male",63,1
13,70,"Medium","High",1,8,78,"Medium",1,0,"Low","Medium","Private","Negative",3,1,"High School","Near","Male",61,1
29,74,"Medium","Low",0,5,64,"Medium",1,2,"Medium","Medium","Public","Neutral",1,0,"College","Moderate","Male",66,0
18,97,"Medium","High",1,7,93,"Medium",1,5,"High","Medium","Public","Positive",4,0,"College","Near","Female",75,0
29,83,"High","High",1,8,64,"Medium",1,2,"Medium","High","Public","Neutral",1,0,"High School","Far","Male",71,0
20,90,"Medium","Medium",1,4,83,"High",1,1,"Low","Low","Public","Positive",3,0,"College","Near","Male",69,0
9,80,"High","Low",0,5,60,"Medium",1,2,"Low","Medium","Private","Neutral",3,0,"High School","Near","Male",62,1
25,61,"Medium","Medium",0,7,81,"High",1,0,"Medium","Medium","Public","Positive",4,0,"High School","Moderate","Female",65,0
16,63,"Medium","Low",0,9,92,"Medium",1,0,"Low","Medium","Private","Positive",3,0,"College","Moderate","Female",61,1
24,82,"Medium","Medium",0,9,77,"Medium",1,3,"Medium","Medium","Public","Positive",2,0,"High School","Near","Female",69,0
20,89,"Low","Low",1,6,74,"Low",1,1,"Medium","Low","Private","Positive",3,0,"Postgraduate","Far","Male",66,0
11,69,"High","Medium",1,9,100,"Low",1,1,"Low","Medium","Public","Neutral",5,0,"High School","Near","Male",64,1
21,89,"High","Medium",1,7,51,"Low",1,1,"Medium","Medium","Public","Positive",4,0,"High School","Near","Female",69,0
33,92,"High","High",1,7,67,"Low",1,6,"High","Medium","Public","Positive",5,0,"High School","Near","Female",78,0
23,76,"Low","High",1,7,96,"Low",1,2,"Medium","Medium","Private","Neutral",4,0,"High School","Near","Female",68,0
20,90,"High","High",0,8,82,"Medium",1,2,"High","Medium","Private","Negative",4,1,"High School","Moderate","Female",70,0
26,76,"Low","Medium",1,6,77,"Medium",1,1,"Medium","Medium","Private","Neutral",5,0,"High School","Near","Male",68,0
21,87,"Low","Low",1,6,82,"Medium",1,0,"Medium","High","Public","Neutral",5,0,"Postgraduate","Near","Female",68,0
21,91,"Medium","Medium",0,5,66,"Low",1,1,"High","Medium","Public","Positive",3,0,"College","Near","Female",69,0
13,100,"Medium","Low",1,8,54,"Medium",1,0,"Medium","High","Public","Positive",3,0,"College","Near","Female",68,0
21,74,"High","Low",1,8,64,"Medium",1,3,"Low","Low","Public","Neutral",1,0,"College","Far","Male",80,0
26,76,"Medium","Medium",1,8,67,"High",1,1,"Low","Medium","Public","Negative",3,0,"High School","Moderate","Male",67,0
15,67,"Low","Medium",1,5,74,"Medium",1,1,"High","High","Public","Positive",2,0,"Postgraduate","Near","Male",64,1
29,68,"Medium","Low",0,6,70,"Low",1,0,"Medium","Medium","Public","Negative",2,0,"Postgraduate","Near","Male",64,0
19,88,"Medium","Medium",1,9,76,"Low",1,1,"Medium","High","Public","Positive",3,0,"High School","Far","Male",68,0
15,97,"Low","Medium",0,7,60,"Low",1,4,"Medium","Medium","Public","Negative",3,0,"High School","Near","Female",67,0
26,76,"Medium","Medium",0,7,59,"Low",1,0,"Medium","Medium","Public","Neutral",1,1,"Postgraduate","Near","Male",65,0
18,67,"High","High",1,7,68,"Medium",1,0,"Medium","Medium","Public","Positive",4,0,"High School","Near","Male",66,0
25,71,"Medium","Low",1,8,74,"Low",1,4,"Medium","Medium","Public","Positive",4,1,"Postgraduate","Near","Male",67,0
18,78,"High","Medium",0,7,67,"Low",0,0,"High","Medium","Public","Negative",3,0,"College","Moderate","Male",64,1
20,72,"Medium","Low",1,6,79,"Medium",1,1,"Low","Medium","Private","Positive",4,0,"Postgraduate","Near","Female",66,0
23,69,"Medium","Low",1,8,66,"Low",0,1,"Medium","Medium","Public","Positive",3,0,"College","Far","Male",63,1
22,89,"Medium","High",0,5,59,"High",1,5,"Medium","Medium","Private","Positive",4,1,"High School","Near","Male",71,0
8,60,"High","Medium",1,9,93,"High",1,0,"Low","High","Public","Neutral",3,0,"Postgraduate","Near","Female",62,0
13,82,"Medium","High",0,6,60,"Medium",1,1,"Low","Low","Public","Positive",4,0,"College","Far","Female",64,0
26,92,"Low","Medium",1,8,98,"Medium",1,2,"Medium","Medium","Public","Neutral",3,0,"Postgraduate","Moderate","Male",72,0
19,71,"High","Medium",1,7,99,"Low",1,0,"Low","High","Public","Negative",4,0,"High School","Moderate","Female",65,0
17,84,"Low","High",0,6,85,"Medium",1,1,"Medium","Low","Public","Positive",2,0,"College","Near","Female",67,0
12,87,"High","High",1,9,75,"Medium",0,1,"Low","Medium","Private","Neutral",3,1,"College","Moderate","Female",65,0
14,86,"Low","Low",1,8,90,"Low",1,0,"Low","Medium","Private","Neutral",1,0,"High School","Near","Male",63,1
8,78,"High","High",0,7,94,"Low",1,1,"High","High","Public","Neutral",3,1,"High School","Near","Female",65,1
19,74,"Medium","Medium",1,10,85,"Medium",1,1,"Low","Medium","Public","Positive",5,0,"Postgraduate","Moderate","Male",67,0
16,93,"Medium","Medium",1,8,55,"Low",1,0,"High","Medium","Public","Neutral",4,0,"High School","Moderate","Male",67,1
14,90,"Low","Medium",1,6,50,"Medium",1,0,"Medium","High","Private","Positive",3,0,"College","Moderate","Male",65,0
20,73,"Medium","High",1,4,60,"Medium",1,1,"Low","Medium","Private","Positive",3,1,"High School","Moderate","Male",64,0
22,64,"High","Low",0,7,59,"High",1,0,"Medium","High","Private","Positive",5,1,"High School","Near","Female",64,0
33,63,"High","High",1,9,59,"Medium",1,1,"Medium","Medium","Public","Positive",4,0,"High School","Near","Male",69,0
11,64,"Medium","Medium",0,8,75,"Low",1,1,"High","Medium","Private","Positive",3,0,"High School","Moderate","Male",60,1
27,83,"Medium","Medium",1,9,76,"Medium",1,1,"Low","High","Public","Positive",4,0,"High School","Near","Male",70,0
26,62,"Low","High",0,6,86,"Medium",1,2,"Medium","Medium","Public","Positive",3,0,"High School","Near","Male",66,0
15,73,"Medium","Medium",1,7,60,"High",1,3,"Medium","Medium","Public","Neutral",4,0,"College","Near","Female",66,0
21,90,"Medium","Low",0,7,55,"Medium",1,2,"Medium","Medium","Public","Neutral",2,0,"College","Near","Female",68,0
17,72,"Low","Medium",0,7,83,"Low",1,3,"Medium","High","Public","Negative",3,1,"High School","Far","Female",62,1
21,91,"Medium","High",1,8,74,"Low",1,0,"Medium","Medium","Public","Negative",2,0,"Postgraduate","Near","Female",70,0
29,90,"Medium","Medium",1,9,83,"Medium",1,0,"Medium","High","Private","Positive",3,0,"High School","Near","Female",72,0
24,70,"Low","Low",1,10,69,"High",1,1,"High","Medium","Public","Negative",2,0,"High School","Moderate","Female",64,0
23,89,"Low","Medium",0,9,88,"High",1,1,"High","Medium","Public","Neutral",5,0,"Postgraduate","Near","Male",71,0
17,90,"Medium","High",0,8,84,"Medium",1,1,"Low","Low","Public","Negative",4,0,"High School","Far","Female",67,0
11,76,"Low","Medium",0,6,83,"High",1,3,"Medium","Medium","Public","Positive",1,0,"High School","Near","Female",64,0
19,68,"High","High",0,7,51,"Medium",0,1,"High","Medium","Public","Positive",1,0,"High School","Moderate","Female",64,1
27,81,"Medium","High",1,8,93,"Medium",1,0,"High","High","Public","Neutral",3,0,"College","Near","Female",72,0
11,97,"Low","Low",1,7,69,"Medium",1,3,"Low","Medium","Public","Positive",2,0,"High School","Near","Female",66,0
14,86,"High","Medium",0,6,57,"Medium",1,3,"High","High","Private","Neutral",2,0,"College","Near","Female",68,0
21,67,"Medium","Medium",1,6,88,"Medium",1,1,"Low","Medium","Private","Positive",5,0,"Postgraduate","Near","Female",95,0
14,87,"Medium","Low",1,8,74,"Medium",1,0,"Medium","High","Public","Neutral",3,1,"College","Moderate","Male",64,0
15,77,"Medium","Medium",1,7,52,"Medium",1,1,"Medium","Medium","Public","Neutral",2,0,"College","Near","Male",64,1
17,84,"Low","High",1,7,89,"Medium",1,2,"High","Medium","Public","Positive",2,0,"High School","Moderate","Male",68,0
12,89,"Medium","Low",1,7,72,"Medium",1,1,"High","High","Public","Neutral",5,0,"College","Near","Male",67,0
14,81,"Medium","Medium",0,6,88,"Medium",1,1,"High","Medium","Public","Positive",3,0,"Postgraduate","Moderate","Female",67,0
24,93,"High","Medium",1,7,88,"Low",1,1,"Medium","High","Public","Negative",3,0,"High School","Moderate","Female",71,0
12,89,"Medium","Low",1,6,55,"Low",1,1,"Low","High","Public","Negative",3,0,"High School","Near","Female",63,1
10,85,"Medium","Medium",1,6,81,"Medium",1,3,"Low","Medium","Public","Neutral",3,0,"High School","Near","Female",66,0
16,66,"High","High",0,5,68,"High",0,2,"Low","Medium","Public","Positive",5,0,"Postgraduate","Moderate","Male",65,0
24,93,"Medium","Low",1,7,77,"Medium",1,0,"Low","Medium","Private","Negative",3,0,"High School","Near","Female",68,0
19,97,"Medium","Low",1,8,54,"Medium",1,0,"High","Medium","Public","Neutral",2,0,"High School","Near","Male",68,0
17,65,"Medium","High",0,9,79,"Medium",1,0,"Medium","Medium","Public","Positive",2,1,"High School","Moderate","Male",62,1
20,80,"Low","Medium",1,5,89,"Medium",1,0,"High","High","Public","Neutral",3,0,"Postgraduate","Far","Male",67,0
10,70,"High","High",1,9,99,"Medium",1,1,"Medium","Medium","Public","Neutral",4,0,"High School","Moderate","Female",65,0
23,90,"High","Medium",1,7,66,"Low",1,2,"High","High","Public","Neutral",3,0,"High School","Near","Female",71,0
22,89,"Medium","High",1,5,58,"Medium",1,4,"High","High","Public","Neutral",2,1,"College","Near","Female",71,0
18,66,"High","Medium",1,6,68,"Low",0,1,"Medium","High","Public","Positive",3,1,"High School","Far","Male",61,1
26,95,"Medium","Medium",0,4,51,"Medium",1,1,"Low","Medium","Public","Positive",2,0,"High School","Near","Male",70,0
13,67,"Medium","Low",1,5,70,"Medium",1,0,"Low","High","Private","Negative",2,0,"High School","Near","Male",60,1
27,92,"Low","Medium",0,10,96,"Medium",1,0,"Low","Medium","Public","Neutral",2,0,"Postgraduate","Far","Male",70,0
21,78,"Medium","High",0,6,60,"High",1,1,"Low","High","Private","Neutral",2,0,"College","Near","Female",67,0
18,73,"Medium","Medium",1,8,74,"Low",0,3,"Medium","High","Private","Neutral",2,0,"Postgraduate","Near","Male",66,1
20,66,"Low","Low",1,7,79,"Medium",1,2,"Medium","Medium","Private","Positive",2,0,"High School","Moderate","Female",63,0
19,67,"Medium","Medium",0,7,59,"Low",1,3,"Low","High","Private","Positive",3,0,"Postgraduate","Near","Female",65,1
27,86,"High","Medium",1,8,67,"High",1,5,"High","High","Public","Positive",2,1,"Postgraduate","Near","Female",75,0
14,82,"High","Medium",0,4,96,"Low",1,2,"High","Medium","Private","Negative",4,1,"High School","Near","Male",66,0
15,65,"Medium","Medium",0,9,65,"Medium",1,1,"Low","Medium","Public","Neutral",2,0,"College","Near","Female",61,1
26,65,"Medium","Medium",1,7,82,"Low",1,1,"Low","Medium","Public","Positive",1,0,"Postgraduate","Far","Male",65,0
16,63,"Low","Medium",1,6,57,"Medium",1,2,"Low","Low","Public","Neutral",3,0,"Postgraduate","Near","Male",61,1
25,90,"High","High",1,8,83,"Medium",1,2,"Medium","Medium","Public","Negative",3,0,"College","Near","Male",73,0
30,88,"High","Medium",1,6,64,"Medium",1,1,"High","Medium","Public","Neutral",2,0,"College","Near","Female",73,0
18,62,"Medium","Medium",1,7,62,"Medium",1,1,"Medium","Medium","Public","Positive",5,0,"College","Moderate","Male",63,1
24,82,"Low","Medium",0,7,56,"Medium",1,1,"Medium","Medium","Public","Positive",3,0,"Postgraduate","Moderate","Male",67,0
13,63,"Medium","High",1,8,52,"Medium",1,2,"Low","Medium","Public","Positive",4,0,"High School","Near","Male",62,1
25,96,"Low","Low",0,7,98,"Medium",1,1,"Medium","Medium","Private","Neutral",3,0,"College","Near","Male",71,0
21,96,"Medium","Medium",1,5,71,"Medium",1,2,"Low","High","Public","Negative",4,0,"High School","Moderate","Male",70,0
23,88,"Medium","Medium",0,8,89,"Medium",1,0,"Medium","High","Private","Positive",5,0,"High School","Near","Female",70,0
16,97,"Medium","Medium",0,7,96,"Low",0,4,"Low","High","Private","Neutral",2,0,"High School","Near","Female",69,0
10,92,"Medium","Medium",0,4,60,"High",1,3,"Low","Low","Public","Positive",2,0,"College","Near","Female",66,0
23,93,"Low","High",1,7,93,"High",1,1,"Medium","High","Public","Negative",3,0,"High School","Near","Female",72,0
8,83,"High","Low",1,6,85,"Low",1,1,"Low","High","Public","Neutral",3,0,"High School","Far","Female",63,1
18,72,"Low","Medium",1,8,79,"Medium",1,1,"Medium","High","Public","Positive",4,0,"High School","Moderate","Male",65,0
26,69,"High","High",1,6,90,"Medium",1,3,"Medium","Medium","Public","Positive",3,0,"College","Moderate","Female",71,0
21,73,"Medium","Medium",0,5,56,"Medium",1,5,"High","Medium","Private","Neutral",3,0,"High School","Moderate","Male",66,0
32,85,"Medium","Low",1,9,63,"Low",0,2,"High","Medium","Public","Neutral",3,0,"High School","Moderate","Male",69,0
26,67,"Low","Medium",0,8,57,"Medium",1,0,"Medium","Medium","Public","Negative",4,0,"College","Far","Female",62,0
16,70,"High","High",0,7,95,"High",0,1,"Medium","Medium","Public","Neutral",3,0,"High School","Near","Female",66,0
20,79,"Medium","Low",1,8,55,"Low",1,3,"Low","Medium","Private","Positive",4,0,"High School","Near","Female",66,1
20,69,"Medium","Low",1,8,99,"High",1,1,"Medium","High","Public","Negative",3,1,"High School","Moderate","Female",64,0
11,84,"Low","Medium",1,7,55,"High",1,0,"Medium","High","Public","Negative",3,0,"High School","Near","Male",63,0
14,97,"Medium","Medium",1,5,83,"Medium",1,0,"Low","Medium","Public","Positive",2,0,"High School","Near","Female",68,0
17,90,"Medium","Medium",0,7,83,"Low",1,5,"Medium","High","Public","Negative",3,1,"High School","Near","Male",68,0
8,87,"High","High",0,9,97,"Low",1,2,"Low","Medium","Public","Positive",3,0,"High School","Near","Male",67,1
20,83,"High","Low",1,8,66,"Medium",1,1,"High","Medium","Private","Neutral",3,1,"College","Near","Female",67,0
19,80,"High","High",1,7,67,"Medium",1,2,"Low","High","Public","Neutral",2,1,"Postgraduate","Near","Female",68,0
10,67,"High","Medium",1,8,92,"Medium",1,1,"Medium","High","Public","Negative",4,0,"Postgraduate","Near","Male",65,1
22,96,"Low","High",1,7,99,"High",1,4,"Low","Medium","Public","Positive",4,0,"College","Moderate","Male",74,0
24,70,"Medium","High",1,9,52,"High",1,1,"Low","Medium","Public","Positive",2,0,"Postgraduate","Moderate","Male",85,0
21,64,"Medium","Medium",0,9,82,"Medium",1,2,"Low","Medium","Public","Neutral",3,0,"College","Moderate","Male",64,0
18,90,"Low","Medium",1,5,62,"High",1,3,"Medium","Medium","Private","Neutral",2,0,"High School","Moderate","Female",67,0
24,67,"High","High",1,9,86,"Medium",1,2,"Medium","Medium","Public","Negative",2,0,"College","Near","Female",68,0
24,75,"Low","Medium",1,10,89,"Low",1,0,"Medium","High","Private","Positive",3,0,"College","Near","Female",67,0
22,61,"High","Medium",0,8,88,"Low",1,1,"Medium","High","Public","Neutral",4,0,"High School","Near","Female",65,1
15,65,"High","High",1,8,72,"Low",1,2,"Low","Medium","Private","Neutral",2,1,"Postgraduate","Far","Male",63,1
22,67,"Medium","Medium",1,6,58,"Medium",1,1,"Low","Medium","Public","Neutral",2,0,"Postgraduate","Near","Male",64,0
27,62,"Low","Low",1,6,79,"Medium",1,0,"Low","Medium","Private","Negative",3,0,"College","Moderate","Male",62,0
16,86,"Low","High",1,7,89,"Low",1,1,"Medium","Low","Public","Positive",2,0,"Postgraduate","Near","Female",68,0
33,93,"Medium","Medium",1,6,96,"High",1,0,"Low","Medium","Private","Positive",4,0,"Postgraduate","Far","Female",75,0
17,75,"Medium","Low",0,5,73,"High",1,0,"Low","Medium","Private","Neutral",4,0,"High School","Near","Female",63,0
20,95,"Medium","Low",1,7,62,"Low",1,2,"Low","Medium","Public","Neutral",4,0,"College","Moderate","Male",68,0
16,69,"Medium","Medium",0,8,56,"Low",1,2,"Medium","Medium","Private","Neutral",3,0,"Postgraduate","Near","Male",63,1
21,73,"High","High",0,5,90,"Medium",1,0,"Medium","Medium","Public","Neutral",2,0,"College","Near","Female",68,0
10,66,"Medium","High",0,7,77,"Medium",1,0,"Medium","High","Public","Positive",2,0,"High School","Near","Male",62,1
17,85,"Low","Medium",1,7,84,"Medium",1,3,"Medium","Medium","Public","Positive",2,0,"College","Far","Female",67,0
13,77,"High","High",0,7,58,"Medium",1,2,"Low","Medium","Public","Positive",3,0,"High School","Near","Male",66,1
21,85,"Medium","Medium",0,8,50,"Low",1,1,"Medium","High","Private","Neutral",2,0,"High School","Far","Male",65,1
26,90,"Medium","Medium",1,8,98,"Medium",1,0,"Low","Low","Private","Negative",3,1,"Postgraduate","Moderate","Female",69,0
24,82,"High","Medium",0,6,91,"Medium",1,2,"High","Medium","Public","Positive",1,0,"High School","Near","Male",70,0
6,85,"High","Medium",1,9,70,"High",1,0,"Low","Medium","Public","Positive",3,1,"Postgraduate","Near","Female",64,0
32,97,"High","Medium",1,8,73,"Medium",1,0,"High","Medium","Public","Negative",3,0,"College","Near","Female",75,0
22,72,"Low","Low",1,9,96,"High",1,1,"Low","Medium","Private","Positive",3,0,"College","Near","Male",66,0
15,74,"Medium","Low",0,7,60,"Low",1,2,"Medium","Medium","Public","Positive",3,0,"High School","Far","Female",62,1
21,89,"Low","Medium",0,7,90,"Low",1,4,"High","Medium","Public","Neutral",5,0,"Postgraduate","Far","Male",70,0
21,84,"High","High",0,7,51,"Medium",1,0,"Medium","Medium","Public","Positive",3,0,"High School","Moderate","Male",68,0
16,67,"Medium","High",1,9,94,"High",1,1,"Medium","Medium","Private","Neutral",2,0,"Postgraduate","Near","Female",66,0
21,75,"Low","High",1,7,79,"Medium",1,0,"Low","Medium","Public","Neutral",2,0,"High School","Near","Male",65,0
16,79,"High","Medium",1,7,74,"High",1,3,"Medium","Medium","Private","Positive",2,0,"Postgraduate","Far","Male",68,0
18,77,"High","Medium",0,10,85,"Low",1,2,"Medium","Medium","Public","Positive",3,0,"Postgraduate","Near","Female",68,0
16,67,"Medium","Medium",1,5,53,"Low",1,2,"Medium","Medium","Private","Positive",3,0,"High School","Moderate","Male",62,1
11,97,"Low","Medium",1,8,60,"Low",1,2,"Low","Medium","Public","Positive",3,0,"College","Near","Female",66,1
21,90,"Medium","Low",0,7,70,"Medium",1,2,"Low","Medium","Public","Negative",2,0,"Postgraduate","Near","Female",68,0
24,79,"High","Medium",0,7,81,"High",1,0,"High","Medium","Public","Positive",2,0,"High School","Moderate","Male",69,0
23,87,"Medium","Low",0,6,57,"Medium",1,2,"High","Medium","Public","Positive",3,1,"High School","Near","Male",67,0
25,96,"Low","High",1,6,69,"Low",1,3,"High","Medium","Public","Positive",2,0,"Postgraduate","Near","Male",74,0
22,65,"Low","Medium",0,6,63,"Medium",0,2,"Medium","Medium","Public","Neutral",3,0,"High School","Far","Male",61,0
17,70,"High","Medium",0,8,82,"Low",1,2,"High","High","Public","Negative",2,1,"High School","Moderate","Female",64,1
25,82,"Medium","Medium",0,8,96,"Medium",1,1,"Low","Medium","Private","Positive",2,0,"High School","Moderate","Female",69,0
12,92,"High","Medium",0,4,58,"Low",1,2,"Medium","Medium","Public","Positive",2,1,"College","Moderate","Male",66,1
15,61,"Medium","Medium",0,5,59,"High",1,0,"Low","High","Public","Neutral",4,0,"High School","Near","Female",61,0
14,99,"Medium","Medium",1,8,80,"High",1,3,"Medium","Low","Private","Neutral",4,0,"College","Near","Female",71,0
26,78,"High","High",1,8,73,"Medium",0,2,"Low","Medium","Private","Positive",4,0,"College","Near","Female",71,0
26,74,"Medium","Medium",0,5,86,"Low",1,2,"Low","High","Public","Positive",4,0,"College","Near","Female",69,0
23,72,"Medium","Medium",1,8,64,"Low",1,1,"Low","Medium","Public","Neutral",4,0,"Postgraduate","Near","Female",66,1
26,67,"Low","Medium",1,7,77,"Low",1,2,"Low","High","Private","Neutral",3,1,"High School","Moderate","Male",64,1
15,92,"Low","Medium",0,8,69,"Medium",1,1,"High","Medium","Private","Neutral",4,0,"Postgraduate","Near","Male",68,0
22,98,"High","Medium",1,6,64,"Low",1,0,"Medium","High","Public","Positive",3,0,"High School","Moderate","Female",71,0
19,77,"High","Medium",1,5,86,"High",1,0,"Medium","Low","Public","Negative",4,1,"High School","Near","Male",66,0
25,98,"Medium","Medium",1,7,90,"High",1,1,"High","Low","Public","Neutral",4,0,"Postgraduate","Near","Male",94,0
19,93,"Low","High",1,7,66,"Low",1,1,"Medium","Medium","Private","Neutral",3,0,"High School","Near","Female",68,0
18,79,"Medium","Medium",0,7,81,"Medium",0,1,"Medium","High","Private","Positive",4,0,"College","Moderate","Female",66,0
23,87,"High","Low",0,6,59,"Medium",1,4,"Medium","High","Public","Neutral",2,0,"High School","Near","Male",70,0
25,77,"Medium","Medium",0,10,90,"Medium",1,1,"Low","Medium","Public","Neutral",3,0,"High School","Near","Male",68,0
16,82,"High","Low",0,4,64,"Low",1,1,"Medium","Medium","Private","Neutral",2,0,"Postgraduate","Moderate","Male",65,1
20,62,"Medium","Medium",1,6,59,"Low",1,3,"Medium","Medium","Public","Positive",4,0,"High School","Near","Male",64,1
14,88,"High","Medium",1,6,97,"Medium",1,0,"Low","Medium","Public","Positive",3,0,"College","Near","Male",69,0
5,62,"High","High",0,7,71,"Low",1,1,"Low","Medium","Private","Positive",4,0,"College","Far","Male",59,1
21,93,"Low","Medium",0,8,82,"Medium",1,2,"Medium","High","Private","Neutral",4,0,"College","Near","Male",70,0
24,93,"High","Low",1,8,90,"High",1,0,"High","Medium","Private","Negative",2,0,"College","Near","Male",72,0
22,69,"Low","Medium",0,9,84,"Medium",1,0,"Medium","Medium","Public","Neutral",3,0,"College","Moderate","Male",64,0
8,73,"Medium","High",0,8,78,"High",1,0,"Medium","High","Private","Negative",3,0,"High School","Near","Male",63,0
18,79,"Medium","Medium",1,4,69,"Medium",1,2,"High","Low","Private","Positive",3,0,"College","Near","Male",67,0
7,84,"Medium","Medium",1,5,96,"Medium",0,1,"Low","Low","Public","Positive",3,1,"High School","Near","Male",62,0
28,71,"Medium","Medium",1,9,57,"High",1,1,"Low","High","Public","Neutral",4,0,"Postgraduate","Near","Female",69,0
13,84,"Medium","Medium",1,9,94,"Medium",1,3,"Medium","Medium","Public","Negative",2,1,"High School","Near","Male",66,0
28,72,"Low","Low",0,8,85,"High",1,4,"Low","Medium","Private","Negative",2,0,"High School","Near","Female",66,0
26,62,"Low","Medium",0,6,79,"Medium",1,1,"Low","Medium","Public","Positive",3,1,"College","Near","Female",63,0
15,60,"Medium","Medium",0,7,66,"High",1,2,"High","Medium","Public","Neutral",4,0,"High School","Near","Male",62,0
13,64,"Medium","High",0,6,57,"Low",1,1,"Low","Low","Public","Neutral",3,1,"High School","Moderate","Female",58,1
22,92,"Medium","Low",0,5,72,"Low",1,0,"Medium","Medium","Private","Negative",4,0,"College","Moderate","Male",67,0
15,98,"Medium","Medium",1,7,89,"Low",0,2,"Low","Low","Public","Neutral",3,0,"College","Moderate","Male",68,0
21,77,"High","Medium",0,10,87,"Low",1,1,"Low","Medium","Public","Neutral",3,0,"College","Near","Male",67,0
17,81,"Medium","Medium",0,6,82,"Medium",1,3,"Low","Medium","Private","Neutral",4,0,"College","Near","Male",67,0
9,66,"Low","Medium",0,9,100,"Low",1,3,"Medium","Medium","Public","Neutral",3,0,"College","Near","Male",62,1
7,82,"Medium","High",1,6,99,"Medium",1,2,"Medium","High","Public","Negative",2,0,"Postgraduate","Moderate","Male",66,0
21,66,"Medium","Medium",1,5,70,"Medium",1,1,"Low","High","Private","Positive",5,0,"High School","Near","Female",65,0
17,84,"Medium","High",1,8,60,"Medium",1,0,"Low","Low","Private","Positive",5,0,"College","Near","Female",67,0
17,97,"Medium","Low",0,7,73,"High",0,1,"Medium","High","Private","Neutral",4,0,"College","Near","Male",69,0
24,68,"Medium","High",1,9,92,"Low",1,1,"Low","High","Public","Positive",2,0,"High School","Near","Male",67,0
27,91,"Low","Medium",1,9,73,"Low",1,0,"Low","Medium","Private","Neutral",3,0,"College","Near","Male",69,0
18,61,"Medium","Low",0,7,67,"Low",1,2,"High","Medium","Public","Positive",4,0,"High School","Near","Male",62,1
18,75,"Medium","Medium",1,9,87,"Low",1,3,"Low","Medium","Public","Negative",3,0,"Postgraduate","Near","Female",67,0
23,64,"Medium","Low",1,6,83,"Medium",1,0,"Medium","Medium","Public","Neutral",3,0,"High School","Moderate","Male",63,0
12,74,"Medium","Medium",0,6,98,"High",1,2,"Low","Medium","Public","Neutral",3,0,"College","Near","Male",65,0
21,67,"Medium","Medium",1,9,77,"Medium",1,3,"High","Low","Public","Neutral",3,0,"College","Moderate","Female",66,0
23,75,"Medium","High",1,5,98,"Medium",1,3,"Medium","High","Public","Positive",1,0,"College","Near","Female",71,0
24,77,"Low","High",1,7,65,"High",1,1,"Medium","High","Private","Positive",4,0,"Postgraduate","Near","Male",70,0
8,72,"High","High",1,9,93,"High",1,4,"Medium","Medium","Public","Positive",4,0,"High School","Near","Male",68,0
15,86,"High","Medium",1,9,68,"High",1,0,"Medium","Low","Public","Neutral",3,0,"High School","Near","Male",67,0
15,97,"Medium","High",0,6,90,"High",1,2,"High","High","Private","Neutral",0,0,"High School","Near","Male",71,0
21,76,"Low","Medium",1,9,96,"Medium",1,1,"Low","Low","Public","Negative",5,0,"High School","Near","Male",65,0
23,68,"Low","Medium",1,5,81,"Low",1,1,"Low","Low","Public","Neutral",2,0,"Postgraduate","Near","Male",64,1
29,71,"Medium","Medium",1,6,86,"Medium",1,1,"Low","Medium","Public","Positive",2,0,"College","Near","Female",69,0
17,94,"Medium","Low",1,7,98,"Low",1,1,"Medium","High","Public","Negative",2,0,"High School","Near","Male",68,0
17,83,"Medium","Low",1,8,69,"Low",1,4,"Low","High","Public","Neutral",3,0,"College","Near","Male",67,1
27,78,"Medium","Medium",1,5,76,"High",1,1,"Medium","Medium","Private","Positive",4,0,"Postgraduate","Near","Male",71,0
22,66,"Medium","Low",1,10,95,"Medium",1,1,"Medium","Medium","Private","Negative",3,0,"High School","Near","Male",64,0
28,78,"Medium","High",1,4,84,"Medium",1,2,"Low","Low","Public","Negative",3,0,"College","Far","Female",69,0
22,71,"Medium","High",1,7,94,"Medium",1,1,"Medium","Medium","Public","Neutral",4,0,"High School","Near","Male",68,0
13,98,"High","Low",1,7,81,"Medium",1,1,"Medium","Low","Private","Negative",3,0,"Postgraduate","Near","Male",69,0
12,95,"Medium","Medium",0,4,87,"Medium",1,0,"Low","Medium","Public","Positive",3,0,"High School","Moderate","Male",67,0
11,63,"Medium","High",1,9,51,"High",1,0,"Low","Low","Public","Negative",3,1,"College","Moderate","Male",58,1
24,81,"Low","Medium",1,6,67,"High",1,0,"Medium","High","Public","Negative",2,0,"High School","Far","Male",66,0
27,69,"Medium","High",1,7,89,"Low",1,2,"High","High","Private","Neutral",1,0,"High School","Moderate","Male",69,0
31,76,"Medium","High",1,7,70,"Low",1,3,"Low","Medium","Public","Neutral",3,0,"College","Moderate","Male",70,0
25,95,"Medium","Low",1,5,68,"Medium",1,1,"Medium","High","Public","Positive",3,0,"High School","Far","Male",70,0
27,81,"Medium","Low",1,5,98,"Medium",1,0,"High","Medium","Public","Positive",3,0,"High School","Near","Male",70,0
17,73,"High","High",0,9,78,"Medium",1,0,"Low","High","Public","Negative",3,0,"Postgraduate","Moderate","Female",66,0
13,68,"Low","High",0,7,60,"Medium",1,1,"Medium","Low","Private","Positive",3,0,"College","Moderate","Female",61,1
25,92,"Medium","Medium",1,4,74,"Medium",1,3,"Low","High","Public","Positive",2,1,"High School","Moderate","Female",71,0
23,85,"High","Low",1,7,76,"High",1,2,"Low","Medium","Public","Neutral",3,0,"College","Near","Female",69,0
21,79,"Medium","Medium",1,7,99,"Medium",1,2,"Low","Medium","Public","Positive",2,0,"Postgraduate","Near","Male",69,0
22,69,"High","Medium",0,7,86,"Low",1,0,"Medium","Medium","Public","Neutral",1,0,"High School","Near","Female",65,1
22,73,"High","High",1,4,76,"High",1,3,"Medium","Medium","Public","Negative",4,0,"College","Far","Male",69,0
28,98,"Medium","High",1,7,72,"Medium",1,1,"Low","High","Private","Positive",2,0,"College","Near","Male",74,0
28,81,"Medium","Medium",1,6,96,"High",1,2,"Low","Medium","Private","Positive",5,0,"High School","Moderate","Male",71,0
23,76,"High","Medium",0,7,82,"High",1,0,"Medium","High","Private","Neutral",1,0,"College","Near","Male",68,0
25,81,"High","High",1,8,68,"Low",1,0,"Low","High","Public","Neutral",3,0,"College","Moderate","Female",69,0
23,91,"Low","Medium",1,8,73,"Medium",0,3,"Medium","Medium","Public","Negative",5,0,"High School","Far","Male",68,0
17,74,"Medium","Low",0,9,64,"Medium",1,2,"Medium","Medium","Public","Neutral",3,0,"High School","Near","Male",63,0
25,67,"Medium","Medium",1,10,98,"High",1,0,"High","Medium","Public","Positive",2,0,"High School","Near","Male",68,0
12,83,"High","Medium",1,5,85,"Medium",1,2,"Low","High","Private","Negative",2,0,"College","Near","Male",67,0
26,87,"Medium","High",0,6,70,"Low",1,3,"Medium","Medium","Public","Neutral",3,0,"College","Moderate","Male",71,0
13,89,"High","High",0,8,59,"Low",1,0,"Low","High","Public","Neutral",2,0,"Postgraduate","Moderate","Male",66,1
22,95,"High","Medium",0,7,59,"Medium",1,2,"Low","Medium","Public","Negative",3,1,"High School","Near","Male",69,0
15,75,"High","Medium",1,4,74,"Medium",1,3,"Medium","High","Public","Positive",4,0,"College","Near","Female",68,0
23,63,"Medium","Medium",0,7,73,"Low",1,1,"Low","Medium","Public","Neutral",3,0,"College","Moderate","Male",63,1
20,98,"Medium","Medium",0,9,71,"Medium",1,0,"Low","Medium","Public","Negative",4,0,"College","Moderate","Male",69,0
10,77,"Low","High",1,5,93,"Medium",1,3,"Low","Medium","Public","Positive",3,0,"College","Near","Female",66,0
23,85,"Medium","Medium",1,7,99,"High",1,1,"Low","High","Public","Neutral",5,0,"College","Near","Female",71,0
17,87,"Medium","High",0,4,68,"Medium",1,2,"Low","Low","Public","Positive",4,0,"Postgraduate","Moderate","Male",68,0
25,82,"Medium","Medium",1,8,65,"Medium",1,0,"High","Medium","Private","Neutral",4,0,"High School","Near","Male",69,0
20,68,"Medium","Medium",1,7,89,"Medium",1,0,"Medium","High","Private","Positive",3,0,"High School","Far","Female",65,0
22,90,"Medium","Low",1,6,72,"Medium",1,0,"Low","Medium","Public","Neutral",4,0,"College","Near","Male",68,0
14,92,"High","Medium",1,6,61,"High",1,0,"Low","Medium","Private","Neutral",2,0,"College","Moderate","Male",67,0
16,82,"Medium","Medium",0,5,59,"Medium",1,1,"Medium","Medium","Public","Positive",3,0,"High School","Near","Male",65,0
17,80,"Low","Medium",1,9,64,"Medium",1,1,"Low","Medium","Private","Positive",4,0,"Postgraduate","Far","Female",65,0
25,65,"Medium","Low",1,6,50,"Medium",1,2,"Low","Medium","Public","Positive",2,0,"College","Near","Female",64,0
30,63,"High","High",0,8,97,"Medium",1,1,"Low","High","Public","Neutral",3,0,"High School","Near","Female",69,0
15,74,"High","Low",0,6,72,"Low",1,2,"Low","Medium","Public","Positive",3,0,"High School","Near","Male",64,1
26,72,"Medium","Medium",0,10,54,"Medium",0,2,"High","High","Public","Neutral",2,0,"College","Moderate","Male",66,0
7,98,"Medium","Low",1,9,58,"Medium",1,2,"Medium","Medium","Private","Neutral",5,1,"College","Near","Male",65,0
13,91,"High","Medium",1,10,66,"Medium",1,2,"Medium","Medium","Public","Positive",4,0,"High School","Near","Female",69,0
14,86,"Low","Medium",1,10,78,"Medium",1,3,"Medium","High","Private","Negative",4,1,"High School","Near","Female",66,0
12,81,"Medium","Medium",1,6,85,"High",1,0,"Low","Medium","Private","Positive",2,1,"High School","Near","Male",64,0
10,67,"Medium","Medium",1,6,65,"Medium",1,1,"Medium","High","Public","Negative",4,0,"High School","Near","Female",61,1
22,99,"Medium","Medium",0,10,98,"Low",1,1,"Medium","Medium","Private","Neutral",1,0,"College","Near","Male",72,0
19,75,"Medium","Medium",1,7,88,"Low",1,1,"Medium","Medium","Private","Positive",3,0,"Postgraduate","Moderate","Male",67,0
22,64,"Low","Medium",1,8,91,"Low",1,0,"Low","Medium","Public","Neutral",4,0,"College","Moderate","Female",63,1
24,80,"Medium","High",0,6,66,"High",1,1,"Medium","Medium","Public","Neutral",3,0,"College","Moderate","Male",69,0
22,95,"Low","High",1,6,69,"High",1,3,"Medium","Medium","Public","Neutral",2,1,"Postgraduate","Far","Male",70,0
24,95,"Medium","High",1,8,77,"Low",1,1,"Low","Medium","Public","Positive",3,1,"High School","Near","Male",71,0
20,60,"Medium","Low",1,4,73,"Medium",1,0,"Low","Low","Public","Neutral",1,0,"Postgraduate","Moderate","Female",60,1
13,95,"Medium","High",1,8,63,"Medium",1,3,"Medium","Medium","Private","Neutral",2,0,"Postgraduate","Near","Female",70,0
26,71,"Low","High",0,8,100,"Low",1,1,"Low","High","Private","Positive",4,0,"College","Near","Female",69,0
16,62,"Medium","High",0,6,92,"Medium",0,0,"Medium","Medium","Private","Positive",4,0,"High School","Near","Female",63,0
14,94,"Medium","Medium",1,7,62,"High",1,2,"Medium","High","Private","Negative",1,0,"Postgraduate","Near","Male",69,0
19,95,"Medium","Medium",1,7,95,"High",1,0,"Medium","High","Private","Negative",2,0,"College","Near","Male",71,0
15,84,"Medium","High",1,7,79,"Medium",1,1,"Medium","High","Public","Neutral",4,0,"High School","Near","Female",68,0
17,83,"Medium","High",0,8,51,"Low",1,0,"Low","Medium","Public","Negative",4,0,"High School","Moderate","Male",64,1
22,93,"Low","Medium",0,6,67,"Medium",1,0,"Medium","Medium","Public","Neutral",3,0,"College","Near","Female",68,0
22,91,"Low","Medium",1,10,51,"High",1,2,"High","Medium","Public","Neutral",3,0,"High School","Near","Female",69,0
15,96,"Medium","Low",0,7,54,"Low",1,0,"Low","Medium","Public","Neutral",3,0,"College","Near","Female",65,1
17,82,"Medium","Medium",1,7,59,"Medium",1,3,"Medium","Medium","Public","Positive",4,0,"College","Near","Male",68,0
26,99,"Medium","High",1,10,74,"Medium",1,1,"Medium","Medium","Private","Neutral",2,0,"College","Near","Male",74,0
23,100,"High","Low",1,4,69,"Low",1,0,"Low","High","Public","Positive",4,0,"Postgraduate","Near","Female",72,0
32,65,"High","Medium",0,10,57,"Medium",1,1,"High","Medium","Private","Negative",2,0,"High School","Near","Female",67,0
27,94,"High","High",1,7,70,"Low",1,1,"Medium","High","Public","Neutral",2,0,"High School","Moderate","Female",73,0
27,80,"Medium","Medium",0,6,65,"High",0,1,"High","Medium","Private","Neutral",4,0,"College","Moderate","Male",68,0
12,76,"Medium","Low",1,5,71,"Low",1,0,"Medium","Medium","Public","Negative",4,0,"High School","Near","Male",61,1
25,85,"High","High",0,5,59,"Medium",1,3,"Low","Medium","Public","Neutral",4,0,"High School","Near","Female",70,0
20,62,"Medium","Low",1,6,80,"High",0,1,"Medium","High","Public","Neutral",3,0,"College","Moderate","Female",62,0
17,80,"Medium","Medium",1,7,52,"High",1,2,"Medium","Medium","Private","Neutral",3,0,"Postgraduate","Near","Female",67,0
21,95,"Low","High",1,8,69,"Medium",0,0,"Low","High","Public","Negative",3,0,"Postgraduate","Near","Male",69,0
26,69,"High","High",0,7,95,"Low",0,0,"Medium","Medium","Public","Negative",3,0,"Postgraduate","Near","Female",93,0
23,77,"Medium","High",0,6,71,"Low",1,3,"Medium","Low","Private","Positive",4,0,"High School","Moderate","Male",68,0
15,98,"Medium","Medium",1,9,72,"Medium",1,1,"Low","High","Public","Neutral",2,0,"College","Near","Female",69,0
24,77,"Medium","Medium",1,10,53,"High",1,2,"High","Medium","Public","Neutral",4,0,"College","Moderate","Male",68,0
16,74,"Medium","High",0,9,80,"Low",1,0,"Medium","Medium","Public","Negative",5,0,"High School","Near","Male",64,1
21,78,"High","Medium",1,6,97,"Medium",1,0,"Medium","Medium","Public","Positive",2,0,"High School","Near","Female",69,0
18,81,"Medium","Medium",0,8,65,"Low",1,2,"Low","Medium","Public","Neutral",4,0,"Postgraduate","Near","Male",66,1
19,85,"Medium","Medium",0,8,70,"Low",1,4,"High","Medium","Public","Neutral",3,0,"High School","Moderate","Male",68,0
25,92,"Medium","Medium",1,9,79,"Medium",1,3,"Medium","High","Public","Negative",4,0,"College","Moderate","Male",72,0
14,78,"High","Medium",0,6,55,"Low",1,2,"Low","Medium","Private","Neutral",2,0,"High School","Near","Female",63,1
32,93,"High","Medium",0,6,98,"Medium",1,0,"Medium","Medium","Public","Neutral",4,1,"High School","Near","Male",73,0
9,81,"High","Medium",1,9,73,"Medium",1,1,"Medium","Medium","Public","Negative",1,0,"Postgraduate","Near","Male",65,0
16,74,"High","High",1,8,56,"Low",1,1,"Low","Medium","Private","Positive",2,0,"High School","Near","Female",65,1
22,86,"Low","Medium",1,5,67,"Medium",1,0,"High","Medium","Public","Positive",2,0,"College","Near","Male",68,0
24,89,"High","Medium",0,8,69,"Low",0,3,"High","Medium","Public","Neutral",2,0,"College","Near","Male",70,0
19,82,"Medium","Medium",0,10,67,"Medium",1,0,"Low","Low","Public","Positive",2,0,"Postgraduate","Far","Male",65,0
20,62,"High","Medium",1,6,85,"Medium",1,2,"Medium","Medium","Public","Neutral",3,0,"College","Near","Female",66,0
22,67,"Medium","High",1,6,67,"High",1,1,"Low","Medium","Private","Neutral",1,0,"College","Near","Male",66,0
19,71,"Medium","High",1,7,66,"Low",1,2,"Low","Medium","Public","Neutral",3,0,"High School","Near","Female",65,1
28,71,"Medium","High",0,8,66,"Medium",1,2,"Low","Medium","Private","Positive",3,0,"College","Near","Male",69,0
25,87,"Low","High",1,7,89,"Medium",1,1,"Low","Medium","Public","Neutral",4,1,"High School","Near","Female",69,0
25,61,"Medium","High",0,9,65,"Medium",1,2,"Medium","Medium","Private","Neutral",4,1,"High School","Moderate","Female",64,0
14,90,"Medium","Medium",1,7,51,"Medium",1,1,"Medium","Medium","Public","Positive",4,1,"High School","Near","Female",66,0
20,71,"Low","Medium",1,9,68,"Medium",1,1,"Low","Medium","Private","Positive",3,0,"High School","Far","Male",63,0
18,72,"High","Medium",1,6,64,"Medium",1,4,"Low","Medium","Public","Positive",3,0,"Postgraduate","Near","Female",68,0
14,81,"High","Medium",1,5,95,"Low",1,2,"Low","High","Public","Positive",3,0,"High School","Near","Male",68,0
22,69,"High","Medium",0,6,74,"High",1,1,"Medium","Low","Public","Negative",3,1,"College","Near","Female",65,0
17,95,"High","Medium",0,5,62,"High",1,1,"Medium","Medium","Private","Positive",3,0,"High School","Moderate","Male",69,0
24,63,"Medium","Medium",0,8,99,"Low",1,2,"Low","High","Public","Neutral",1,0,"Postgraduate","Near","Female",66,0
14,78,"Medium","Medium",0,4,62,"Medium",1,1,"Low","Medium","Public","Neutral",4,0,"College","Near","Male",63,1
30,94,"Low","Medium",1,6,88,"Low",1,2,"Low","Medium","Private","Neutral",3,1,"College","Near","Female",72,0
15,85,"High","Medium",0,7,82,"High",1,2,"Medium","Medium","Public","Negative",4,0,"High School","Far","Male",67,0
21,72,"High","High",0,5,73,"Medium",1,1,"Medium","Medium","Public","Neutral",3,0,"High School","Near","Male",67,0
25,77,"High","Medium",1,7,70,"Medium",1,0,"Medium","Medium","Public","Neutral",5,0,"High School","Near","Male",68,0
17,88,"High","High",1,7,94,"Medium",0,2,"Medium","High","Public","Positive",3,0,"High School","Near","Male",71,0
25,99,"Medium","High",0,9,74,"Medium",1,1,"Medium","High","Private","Negative",3,0,"High School","Near","Male",73,0
13,96,"Medium","Medium",0,5,69,"Medium",1,2,"Medium","Low","Public","Positive",3,0,"High School","Near","Male",68,0
29,74,"High","Medium",0,8,68,"Medium",1,0,"Medium","High","Public","Positive",4,0,"High School","Near","Female",69,0
20,100,"Medium","Medium",1,8,64,"Medium",1,0,"Low","Medium","Public","Neutral",2,0,"High School","Moderate","Male",69,0
16,60,"Medium","High",0,7,70,"Low",1,3,"High","High","Private","Negative",4,0,"High School","Near","Female",63,1
18,61,"Medium","Medium",1,6,56,"Medium",1,3,"Low","Medium","Public","Neutral",3,0,"High School","Moderate","Male",62,1
25,93,"Medium","Medium",1,5,53,"Medium",1,0,"High","Medium","Private","Neutral",5,0,"College","Moderate","Female",70,0
16,68,"High","Medium",0,10,77,"Medium",1,1,"High","Medium","Public","Positive",3,0,"Postgraduate","Near","Male",66,0
16,62,"Medium","Medium",0,7,73,"Low",1,3,"High","Medium","Public","Negative",3,0,"High School","Near","Female",62,1
19,69,"Medium","High",1,7,59,"Low",1,2,"Low","Low","Private","Neutral",2,0,"Postgraduate","Moderate","Female",64,1
13,77,"Medium","Medium",1,10,55,"Low",1,2,"Low","Medium","Private","Positive",3,0,"College","Moderate","Male",63,1
31,89,"Medium","Medium",1,7,57,"Medium",1,1,"High","Low","Public","Positive",2,0,"College","Moderate","Female",71,0
17,85,"High","Medium",1,10,66,"Medium",1,1,"High","Medium","Public","Neutral",1,1,"Postgraduate","Moderate","Male",67,0
25,70,"Low","High",1,5,73,"Medium",1,2,"Medium","Medium","Private","Neutral",1,0,"Postgraduate","Near","Male",67,0
21,80,"Low","High",1,7,60,"Medium",1,1,"Medium","High","Public","Positive",2,0,"College","Moderate","Male",67,0
14,97,"Low","Medium",1,5,88,"Medium",1,2,"High","Medium","Public","Positive",3,0,"Postgraduate","Near","Male",71,0
20,93,"High","Medium",0,7,60,"High",1,0,"Low","High","Public","Neutral",3,0,"High School","Near","Male",69,0
25,73,"Medium","Medium",1,7,56,"Medium",1,2,"High","Medium","Public","Neutral",4,0,"High School","Near","Female",93,0
19,99,"High","Medium",1,6,100,"Medium",1,1,"Low","Medium","Private","Positive",1,0,"High School","Moderate","Male",72,0
27,88,"Medium","High",0,7,72,"Medium",1,1,"Low","High","Public","Positive",1,0,"High School","Near","Female",71,0
26,62,"Medium","Medium",0,6,59,"Medium",1,1,"Medium","Medium","Public","Neutral",3,0,"High School","Moderate","Male",63,0
26,61,"High","Low",1,7,95,"Low",0,0,"Medium","High","Public","Neutral",3,0,"Postgraduate","Moderate","Male",65,0
17,67,"Low","Medium",1,6,62,"Medium",1,0,"Medium","Medium","Public","Neutral",3,0,"College","Moderate","Female",61,1
14,89,"Medium","Low",0,9,96,"Low",1,2,"Low","High","Private","Neutral",3,0,"College","Moderate","Female",66,0
16,67,"Medium","Medium",1,5,56,"Low",1,1,"Low","Medium","Public","Negative",2,0,"College","Near","Female",61,1
21,80,"Medium","Medium",0,7,92,"Low",1,1,"Medium","Medium","Public","Positive",3,0,"High School","Moderate","Male",67,0
23,64,"Medium","Low",1,5,59,"Medium",1,3,"Low","Medium","Public","Positive",5,0,"High School","Moderate","Female",64,0
7,97,"Low","High",0,6,97,"Medium",1,3,"Medium","High","Private","Positive",2,0,"College","Moderate","Female",69,0
20,74,"Low","Medium",0,6,79,"Medium",1,1,"High","Medium","Public","Neutral",2,1,"College","Far","Male",64,0
21,96,"Medium","Medium",1,7,59,"Low",1,2,"High","Medium","Public","Negative",2,0,"College","Near","Male",70,0
18,98,"High","Medium",1,7,92,"Medium",1,2,"Low","High","Private","Neutral",4,0,"High School","Near","Male",73,0
28,60,"Low","Medium",1,5,70,"Low",1,0,"Low","Medium","Private","Neutral",5,0,"High School","Near","Male",63,1
23,79,"Medium","Medium",1,6,87,"Medium",0,2,"Low","High","Public","Neutral",4,0,"College","Moderate","Male",68,0
28,61,"Low","Low",1,6,82,"Low",1,0,"Medium","High","Public","Positive",3,0,"College","Near","Female",64,0
19,96,"Medium","Low",1,5,86,"Medium",0,3,"Medium","Medium","Public","Positive",3,0,"High School","Moderate","Male",69,0
26,81,"Medium","Medium",1,9,67,"Medium",1,3,"Low","Medium","Public","Neutral",2,0,"College","Near","Female",69,0
30,63,"High","Low",0,5,97,"High",1,2,"Low","High","Public","Positive",2,1,"College","Moderate","Female",67,0
28,64,"High","Low",1,7,78,"Medium",1,3,"Medium","High","Private","Positive",4,0,"Postgraduate","Moderate","Male",69,0
13,75,"Medium","High",0,10,54,"Medium",1,1,"Low","Medium","Private","Negative",3,1,"College","Near","Male",62,1
18,98,"Low","Medium",0,9,53,"Medium",1,0,"High","Medium","Public","Neutral",1,0,"High School","Moderate","Male",66,0
18,88,"Low","Medium",0,8,87,"Medium",1,2,"Medium","High","Public","Neutral",2,0,"Postgraduate","Moderate","Female",68,0
23,95,"High","Low",0,7,92,"High",1,1,"Low","Medium","Public","Positive",1,0,"High School","Near","Female",71,0
24,75,"Medium","Low",0,8,85,"Medium",1,1,"Low","Medium","Public","Positive",2,1,"Postgraduate","Near","Male",66,0
15,62,"Low","High",0,8,64,"High",1,2,"Low","Medium","Public","Neutral",4,0,"College","Near","Female",62,0
20,99,"Low","Low",1,9,61,"Low",1,1,"High","Medium","Private","Neutral",4,0,"High School","Moderate","Male",68,0
8,61,"Medium","Low",1,7,78,"Medium",1,0,"Medium","Medium","Private","Positive",3,0,"High School","Near","Female",59,1
29,98,"Medium","Medium",1,9,60,"Low",1,0,"Low","Medium","Private","Negative",4,0,"High School","Near","Female",70,0
17,75,"High","Low",1,7,69,"Medium",1,1,"High","Medium","Public","Positive",4,0,"High School","Near","Male",66,0
20,60,"Medium","Medium",1,10,81,"Medium",1,3,"Low","Medium","Public","Positive",3,0,"College","Near","Male",65,0
18,88,"Medium","Medium",0,7,64,"Low",1,0,"Medium","Low","Public","Positive",4,0,"College","Moderate","Male",66,0
27,99,"Medium","Medium",1,5,69,"Medium",1,2,"Medium","Low","Public","Positive",2,0,"Postgraduate","Moderate","Male",73,0
3,99,"Medium","Low",1,7,68,"Medium",1,2,"High","Medium","Private","Neutral",3,0,"High School","Near","Female",65,0
20,66,"Medium","High",1,8,73,"Medium",1,0,"High","Low","Public","Positive",3,0,"High School","Moderate","Male",65,0
19,67,"High","Medium",0,9,84,"Low",1,0,"Medium","Medium","Public","Positive",3,0,"High School","Moderate","Female",64,1
17,83,"Medium","Medium",1,6,89,"High",1,0,"Low","Medium","Public","Positive",4,0,"Postgraduate","Near","Male",69,0
30,85,"Medium","Medium",0,4,83,"Low",1,2,"High","High","Public","Positive",3,0,"Postgraduate","Near","Female",74,0
15,90,"High","High",1,8,51,"High",1,2,"High","Medium","Public","Negative",2,0,"High School","Moderate","Female",68,0
25,67,"Low","Medium",0,8,95,"Medium",1,0,"Medium","Medium","Public","Neutral",4,0,"Postgraduate","Moderate","Female",65,0
22,98,"Medium","High",1,5,79,"Medium",0,2,"High","Medium","Public","Neutral",5,0,"High School","Moderate","Male",72,0
28,86,"Medium","Medium",1,7,96,"Medium",1,2,"Medium","Low","Public","Neutral",4,0,"High School","Near","Male",71,0
16,94,"High","Medium",0,7,98,"Medium",1,0,"Low","Medium","Public","Neutral",4,0,"High School","Moderate","Female",69,0
16,82,"Low","High",1,8,73,"Low",1,3,"Low","High","Public","Positive",1,0,"College","Near","Male",67,1
27,77,"Medium","High",1,6,96,"Low",1,0,"Medium","High","Public","Positive",3,0,"Postgraduate","Moderate","Male",71,0
23,99,"Low","Low",1,6,68,"High",1,1,"Medium","Medium","Public","Neutral",3,1,"College","Far","Male",68,0
11,83,"Low","Medium",0,7,63,"High",1,3,"High","Medium","Public","Negative",2,0,"High School","Far","Female",63,0
17,95,"High","Medium",0,5,54,"Low",1,2,"High","High","Public","Neutral",2,0,"College","Moderate","Female",69,0
22,98,"Medium","Low",0,10,73,"Medium",1,1,"Low","Low","Public","Negative",4,1,"College","Near","Female",68,0
25,87,"High","High",1,8,84,"Low",1,2,"High","Medium","Public","Positive",4,0,"College","Moderate","Male",73,0
16,82,"Medium","Medium",1,6,99,"Medium",1,3,"High","Medium","Public","Positive",2,0,"High School","Near","Male",69,0
3,60,"Medium","Medium",1,5,76,"Medium",1,0,"Medium","High","Private","Neutral",4,0,"High School","Moderate","Female",58,1
23,62,"High","Low",0,5,87,"Medium",1,1,"High","Low","Private","Positive",3,0,"High School","Near","Male",65,0
13,68,"Medium","Medium",1,8,95,"Medium",1,2,"Low","Low","Private","Positive",4,0,"High School","Moderate","Male",63,0
8,67,"Low","Low",0,5,77,"Low",1,1,"Medium","High","Public","Positive",2,0,"College","Near","Male",59,1
3,70,"Medium","Medium",1,7,58,"Medium",1,0,"Medium","Medium","Private","Neutral",2,0,"High School","Moderate","Male",58,1
25,72,"Medium","Medium",1,4,92,"High",1,1,"Low","Medium","Private","Negative",2,1,"High School","Near","Male",66,0
21,74,"Medium","High",1,8,79,"Medium",1,0,"Low","High","Private","Positive",4,0,"High School","Near","Male",67,0
19,77,"High","Medium",1,8,88,"Medium",0,3,"Low","Medium","Public","Positive",3,0,"College","Moderate","Male",67,0
28,64,"High","Medium",0,7,83,"Low",1,2,"High","Medium","Private","Neutral",4,0,"High School","Moderate","Male",67,0
24,62,"High","Low",1,7,53,"Medium",1,0,"Medium","Medium","Public","Positive",6,0,"Postgraduate","Near","Female",65,0
30,87,"High","Medium",1,8,58,"High",1,1,"Low","Medium","Public","Negative",1,0,"College","Near","Male",71,0
12,81,"Medium","Medium",1,7,64,"High",1,2,"High","Medium","Public","Neutral",3,0,"High School","Near","Male",66,0
20,78,"Medium","High",1,8,64,"Medium",1,2,"High","Medium","Private","Positive",2,0,"High School","Moderate","Female",68,0
10,85,"Medium","High",1,5,92,"Medium",1,0,"Low","High","Private","Positive",4,1,"High School","Far","Female",65,0
19,93,"High","High",0,8,80,"Medium",1,1,"Medium","Medium","Private","Neutral",3,0,"College","Moderate","Male",71,0
19,77,"Medium","Low",1,7,54,"Low",1,2,"Low","Medium","Private","Positive",4,0,"High School","Near","Female",64,1
24,86,"Medium","High",1,9,69,"High",1,1,"Medium","High","Public","Neutral",3,0,"Postgraduate","Near","Male",72,0
20,98,"Low","Low",0,7,78,"Low",1,4,"High","High","Public","Neutral",2,0,"High School","Far","Male",69,0
24,94,"Medium","Medium",0,7,63,"Medium",1,1,"Low","High","Public","Neutral",3,0,"High School","Near","Male",70,0
24,77,"Medium","Medium",1,6,52,"Medium",1,0,"Medium","Medium","Private","Negative",4,0,"High School","Near","Male",66,0
33,86,"Medium","Medium",0,9,69,"Medium",0,0,"Medium","Medium","Public","Neutral",3,0,"College","Near","Female",70,0
18,67,"High","Low",0,4,73,"Low",1,0,"Medium","Medium","Private","Neutral",2,0,"Postgraduate","Moderate","Male",62,1
14,82,"Low","Medium",1,8,95,"Medium",1,1,"Low","Medium","Private","Neutral",3,0,"Postgraduate","Moderate","Male",66,0
21,99,"High","Low",0,7,95,"Low",1,2,"Low","Medium","Public","Negative",1,0,"High School","Near","Female",70,0
15,81,"Low","Low",1,7,75,"Low",1,1,"Medium","High","Public","Negative",1,0,"Postgraduate","Moderate","Male",63,1
29,97,"High","Medium",1,7,74,"Medium",1,1,"Medium","Low","Public","Positive",4,1,"High School","Near","Female",73,0
18,76,"Medium","High",1,7,82,"High",1,2,"Medium","High","Public","Neutral",4,0,"Postgraduate","Near","Female",70,0
17,100,"High","High",0,8,63,"Low",1,1,"Low","Medium","Private","Positive",5,0,"High School","Near","Male",71,0
17,83,"Low","Medium",0,6,64,"Medium",1,1,"Medium","Medium","Private","Positive",4,0,"High School","Near","Female",65,0
24,62,"Medium","Low",1,7,50,"Medium",1,1,"High","High","Private","Negative",2,0,"Postgraduate","Near","Male",64,0
19,83,"High","Low",1,8,54,"Medium",1,1,"Low","Medium","Private","Positive",4,0,"High School","Moderate","Male",66,0
16,71,"Low","Low",1,6,59,"High",1,1,"Low","High","Public","Positive",3,0,"Postgraduate","Near","Male",82,0
30,61,"Low","High",1,8,82,"Low",1,2,"Low","High","Public","Neutral",3,0,"Postgraduate","Near","Female",68,0
15,93,"Medium","Medium",0,8,61,"High",1,1,"Medium","Medium","Public","Neutral",4,0,"High School","Near","Female",67,0
20,71,"Low","High",1,6,56,"High",1,5,"Medium","Medium","Private","Positive",5,0,"College","Near","Male",68,0
24,92,"Low","High",1,5,81,"Medium",1,2,"Low","Medium","Private","Negative",3,1,"High School","Near","Male",69,0
10,72,"Medium","Medium",1,6,83,"Medium",1,0,"Medium","Medium","Public","Positive",4,0,"High School","Near","Male",63,1
23,68,"Medium","High",0,7,53,"High",1,3,"High","Medium","Public","Neutral",3,0,"High School","Moderate","Female",66,0
14,99,"Medium","Medium",0,7,89,"High",0,0,"Medium","Medium","Private","Positive",2,0,"Postgraduate","Far","Female",68,0
25,74,"High","Medium",1,9,80,"Medium",1,4,"Medium","Medium","Public","Positive",3,0,"College","Moderate","Female",71,0
14,84,"Medium","High",1,6,70,"High",1,2,"High","Medium","Public","Positive",3,0,"College","Near","Female",69,0
24,84,"Low","Medium",1,6,99,"Medium",1,1,"Medium","High","Public","Positive",2,0,"Postgraduate","Far","Female",70,0
27,82,"Medium","Medium",0,8,51,"High",1,3,"High","Medium","Public","Neutral",2,0,"College","Near","Male",70,0
25,97,"Medium","Medium",1,6,77,"Low",1,1,"Low","High","Private","Positive",4,0,"Postgraduate","Near","Male",73,0
22,87,"Medium","High",1,6,58,"Medium",1,0,"Low","Medium","Private","Neutral",4,0,"High School","Near","Female",68,0
19,76,"Medium","Low",1,6,66,"Medium",1,1,"High","Medium","Public","Positive",3,0,"High School","Near","Male",65,0
17,94,"High","High",1,4,57,"Medium",1,4,"Medium","High","Public","Neutral",4,0,"High School","Moderate","Male",72,0
29,67,"High","Low",1,8,83,"Medium",1,2,"Low","Medium","Private","Positive",4,1,"High School","Near","Female",67,0
16,82,"Low","Medium",1,8,70,"High",1,4,"Low","High","Public","Neutral",4,0,"College","Near","Female",68,0
14,98,"Medium","Medium",1,8,99,"Low",1,0,"High","Medium","Public","Neutral",3,0,"High School","Near","Male",69,0
24,85,"Medium","Medium",1,10,83,"Low",1,1,"Medium","High","Public","Positive",4,0,"College","Moderate","Female",70,0
15,93,"High","Medium",1,9,96,"Medium",1,1,"Medium","Medium","Public","Negative",2,0,"High School","Moderate","Female",69,0
14,86,"High","High",1,6,62,"Medium",1,1,"Medium","Medium","Private","Positive",2,0,"High School","Near","Male",68,0
11,94,"Medium","Medium",0,9,66,"Medium",0,2,"Low","High","Private","Positive",2,0,"High School","Moderate","Male",65,0
17,98,"Medium","High",1,7,68,"Medium",1,1,"Low","Medium","Public","Positive",4,0,"College","Moderate","Male",70,0
20,71,"Medium","Low",1,6,92,"High",1,1,"Low","Medium","Private","Negative",4,0,"College","Near","Male",65,0
21,67,"Medium","Low",0,6,61,"Medium",1,0,"Low","Medium","Private","Positive",3,0,"High School","Moderate","Female",61,1
26,79,"Medium","Low",0,7,97,"Medium",1,1,"High","Medium","Private","Positive",2,0,"High School","Near","Male",69,0
23,88,"Medium","Low",1,7,52,"Medium",1,0,"Medium","Low","Public","Neutral",4,0,"High School","Near","Male",67,0
19,69,"Medium","Medium",1,9,94,"Medium",1,1,"Low","High","Public","Positive",3,0,"High School","Moderate","Male",65,0
19,60,"Medium","Medium",0,8,73,"High",1,3,"Medium","Low","Private","Neutral",3,0,"High School","Near","Male",63,0
23,74,"Medium","High",1,6,76,"Medium",1,0,"Medium","High","Private","Negative",4,0,"High School","Near","Male",67,0
28,99,"High","Low",0,5,100,"Medium",1,6,"Medium","Medium","Private","Neutral",5,0,"High School","Moderate","Female",76,0
21,88,"Medium","Medium",0,8,94,"Medium",1,0,"Medium","High","Public","Neutral",3,0,"College","Near","Male",70,0
17,76,"Medium","High",1,8,95,"Low",1,1,"Low","Medium","Private","Neutral",4,0,"Postgraduate","Near","Female",67,0
14,68,"High","High",1,9,79,"Low",1,2,"Low","Medium","Private","Positive",4,0,"College","Near","Female",66,1
11,74,"Medium","High",1,7,98,"Low",1,1,"Low","Medium","Public","Positive",2,0,"High School","Near","Male",65,1
24,67,"Low","High",0,8,84,"High",1,0,"Low","Medium","Public","Neutral",1,0,"College","Near","Female",65,0
23,64,"Low","Medium",0,8,91,"Medium",1,2,"Low","Medium","Public","Negative",3,0,"High School","Far","Female",63,0
23,96,"Medium","High",1,5,86,"Medium",1,3,"Medium","High","Public","Neutral",3,1,"High School","Near","Male",74,0
19,100,"Low","High",1,7,89,"High",1,2,"High","Low","Private","Neutral",3,0,"College","Moderate","Male",72,0
28,67,"High","High",0,8,82,"Low",1,1,"High","Low","Public","Neutral",4,0,"High School","Near","Female",68,0
17,62,"Medium","Low",0,8,86,"High",1,2,"Medium","Medium","Public","Neutral",4,0,"High School","Moderate","Female",62,0
26,73,"Low","High",0,7,72,"Medium",1,1,"Low","Low","Private","Neutral",3,0,"College","Far","Male",65,0
20,78,"High","Medium",1,10,85,"Medium",1,1,"High","High","Private","Negative",3,0,"High School","Near","Male",69,0
16,68,"Medium","Low",1,10,64,"Medium",1,2,"High","Low","Public","Negative",2,0,"High School","Moderate","Male",61,1
24,72,"Medium","Medium",1,7,82,"High",1,2,"Medium","Medium","Private","Positive",4,0,"High School","Far","Male",67,0
22,68,"Medium","High",0,7,76,"Medium",1,1,"Medium","Medium","Public","Positive",4,0,"High School","Near","Male",66,0
22,91,"Low","Medium",1,8,95,"Medium",1,1,"Low","High","Private","Neutral",2,0,"High School","Near","Male",70,0
20,89,"Medium","High",0,7,84,"Low",1,5,"High","Medium","Public","Neutral",3,0,"Postgraduate","Moderate","Male",72,0
20,85,"High","Low",1,9,80,"Medium",1,3,"Low","Medium","Private","Neutral",3,0,"Postgraduate","Moderate","Male",69,0
34,75,"Low","Medium",1,5,66,"Medium",1,0,"Low","Medium","Private","Positive",3,0,"High School","Near","Male",68,0
27,96,"Medium","Medium",0,7,93,"Medium",1,2,"Medium","Medium","Public","Neutral",2,0,"College","Near","Male",74,0
24,99,"High","Medium",0,8,53,"High",1,1,"Low","Medium","Private","Neutral",3,1,"High School","Near","Male",70,0
21,67,"Medium","Medium",1,9,95,"High",1,1,"Medium","Medium","Private","Positive",4,0,"High School","Near","Male",67,0
26,69,"Medium","Medium",1,5,83,"Medium",1,4,"Medium","High","Private","Neutral",2,0,"High School","Moderate","Female",68,0
23,81,"High","Low",0,6,59,"Medium",1,2,"High","High","Private","Neutral",1,0,"Postgraduate","Near","Female",69,0
20,64,"High","Low",0,4,95,"Medium",1,4,"Medium","Medium","Public","Neutral",4,0,"High School","Near","Male",66,0
18,77,"Medium","Low",0,6,66,"High",1,3,"Medium","High","Public","Positive",3,0,"College","Moderate","Male",66,0
20,83,"High","High",1,5,58,"Medium",1,1,"Medium","Medium","Public","Neutral",3,0,"High School","Near","Male",68,0
1,81,"Medium","Medium",1,8,66,"Medium",1,1,"Low","Medium","Public","Negative",2,0,"College","Near","Male",60,1
21,73,"High","Medium",0,7,98,"High",1,0,"High","High","Public","Positive",4,1,"Postgraduate","Near","Male",69,0
17,82,"High","Medium",0,7,88,"Medium",1,1,"Medium","Medium","Public","Negative",1,1,"High School","Near","Male",66,0
30,98,"Medium","High",1,7,96,"Medium",1,1,"Medium","Medium","Private","Neutral",3,0,"Postgraduate","Near","Female",77,0
20,68,"Medium","Low",0,9,65,"Low",1,1,"High","Medium","Public","Negative",5,0,"College","Near","Male",63,1
13,86,"Medium","Low",1,5,54,"Medium",1,3,"High","High","Public","Neutral",3,1,"College","Near","Male",66,0
20,62,"High","Medium",1,4,78,"Medium",0,1,"High","Medium","Private","Positive",4,0,"High School","Moderate","Female",64,0
14,63,"High","High",0,8,74,"Medium",1,1,"Low","Medium","Private","Neutral",4,0,"Postgraduate","Moderate","Female",63,1
23,82,"Low","Medium",1,6,86,"Medium",1,0,"High","Medium","Public","Neutral",4,0,"High School","Near","Male",68,0
22,64,"High","Medium",0,5,77,"Medium",1,1,"High","Medium","Private","Negative",2,0,"College","Near","Male",65,0
26,61,"High","Medium",1,8,70,"Low",1,1,"Medium","Medium","Private","Neutral",4,1,"Postgraduate","Moderate","Male",65,1
15,67,"High","High",1,4,50,"Low",1,0,"Medium","Medium","Public","Positive",1,0,"College","Near","Male",64,1
20,83,"High","Medium",1,6,73,"Medium",1,0,"High","Medium","Public","Positive",3,0,"College","Far","Male",68,0
12,88,"Low","Medium",1,4,56,"Medium",1,0,"Low","High","Private","Neutral",2,0,"High School","Far","Male",62,1
24,68,"Medium","Medium",1,7,96,"Medium",1,1,"Low","High","Public","Positive",3,0,"High School","Near","Male",67,0
23,87,"High","High",1,9,96,"High",1,1,"Medium","Medium","Private","Positive",1,0,"College","Near","Female",73,0
23,67,"High","High",1,6,90,"Medium",1,2,"High","Medium","Private","Positive",3,0,"High School","Near","Female",69,0
20,85,"Medium","Medium",0,6,58,"Low",1,0,"Low","Medium","Private","Negative",2,0,"Postgraduate","Near","Male",65,1
22,76,"Medium","Medium",1,10,57,"Medium",1,1,"Medium","High","Private","Neutral",3,0,"High School","Far","Male",66,0
30,86,"High","Medium",0,8,78,"Medium",1,4,"Medium","Low","Public","Positive",2,0,"College","Far","Male",73,0
18,100,"High","Medium",1,10,86,"Medium",1,1,"Medium","Medium","Public","Neutral",3,0,"High School","Near","Male",72,0
21,98,"Medium","Medium",1,7,95,"Low",1,3,"High","Low","Public","Neutral",1,0,"High School","Near","Male",72,0
13,60,"Low","High",1,7,95,"Medium",1,1,"Low","Medium","Private","Positive",1,0,"High School","Near","Female",61,1
15,95,"High","Medium",1,9,58,"Low",1,2,"Low","High","Private","Neutral",3,0,"High School","Near","Female",69,0
21,63,"High","Medium",0,7,100,"Medium",1,1,"High","Medium","Private","Neutral",2,0,"Postgraduate","Moderate","Female",66,0
27,98,"High","High",0,7,58,"Medium",1,1,"High","Medium","Public","Positive",3,0,"Postgraduate","Far","Female",74,0
18,71,"High","Low",1,4,92,"Medium",1,1,"Low","Medium","Public","Negative",4,1,"College","Near","Female",64,0
19,75,"Medium","High",1,10,79,"Medium",1,1,"Medium","Medium","Public","Neutral",2,0,"High School","Near","Female",66,0
18,64,"High","Medium",1,8,84,"Medium",0,2,"Medium","Medium","Public","Neutral",3,0,"College","Near","Female",64,0
17,64,"High","High",0,7,80,"Low",1,3,"Medium","Medium","Private","Positive",4,0,"High School","Near","Male",66,1
22,89,"Medium","High",0,8,93,"Medium",1,2,"High","Low","Private","Neutral",5,0,"High School","Near","Male",72,0
11,98,"High","High",1,5,82,"High",1,1,"Medium","Medium","Private","Neutral",2,0,"Postgraduate","Near","Male",71,0
28,84,"High","Medium",1,6,92,"Medium",1,1,"Medium","Medium","Public","Negative",3,1,"High School","Near","Female",70,0
16,89,"High","Medium",1,8,58,"Low",1,2,"Low","Medium","Public","Neutral",3,0,"College","Moderate","Male",67,1
24,90,"Medium","High",0,7,93,"Low",1,1,"Low","High","Public","Neutral",2,1,"Postgraduate","Near","Male",71,0
12,71,"Medium","Low",0,8,100,"Medium",1,2,"High","Medium","Public","Neutral",3,1,"College","Near","Male",63,0
24,62,"Medium","High",0,7,83,"Low",1,1,"Medium","Low","Public","Neutral",2,0,"College","Moderate","Female",64,1
24,60,"Medium","Medium",1,8,99,"Medium",1,2,"Low","Low","Public","Neutral",1,0,"High School","Moderate","Male",64,0
22,74,"Medium","Low",0,5,61,"Medium",1,1,"Low","Medium","Public","Positive",3,0,"Postgraduate","Near","Female",65,0
14,70,"Medium","Medium",1,9,91,"High",1,2,"Medium","Medium","Public","Neutral",4,0,"High School","Near","Female",65,0
21,62,"Medium","Low",0,6,58,"Medium",1,2,"Low","High","Private","Neutral",3,0,"College","Moderate","Female",62,1
13,67,"High","High",1,7,76,"Medium",1,2,"Low","Medium","Private","Neutral",5,0,"High School","Near","Male",65,1
18,65,"Medium","High",0,6,83,"Low",1,1,"Medium","High","Private","Neutral",2,0,"High School","Near","Male",64,1
26,97,"Medium","Medium",1,7,83,"Low",1,2,"Low","Medium","Public","Positive",3,0,"Postgraduate","Near","Male",74,0
25,66,"Medium","High",1,7,84,"Low",1,2,"High","Medium","Public","Positive",1,0,"High School","Near","Male",67,0
20,82,"Low","Medium",0,8,66,"Low",1,0,"High","Medium","Public","Positive",2,0,"Postgraduate","Near","Male",66,1
14,84,"High","High",0,8,99,"Medium",0,3,"Medium","High","Public","Neutral",4,0,"Postgraduate","Near","Female",70,0
24,82,"Medium","High",0,8,50,"Medium",1,0,"Medium","Medium","Public","Positive",2,0,"Postgraduate","Moderate","Male",68,0
20,64,"Medium","Medium",0,6,81,"Medium",1,0,"High","High","Public","Positive",1,0,"High School","Moderate","Female",64,0
6,73,"Medium","Medium",0,8,93,"Low",1,0,"Low","Medium","Private","Neutral",1,1,"High School","Far","Female",58,1
25,62,"Medium","Medium",1,7,95,"Low",1,1,"High","Medium","Public","Neutral",4,1,"College","Near","Male",65,0
20,76,"Medium","High",1,7,86,"Medium",1,2,"Medium","Medium","Public","Negative",5,0,"High School","Near","Female",68,0
27,68,"Low","Medium",0,8,79,"Medium",1,2,"Low","High","Private","Negative",1,1,"Postgraduate","Moderate","Female",64,0
13,82,"Medium","High",0,5,73,"Low",1,4,"Low","Medium","Public","Negative",4,0,"High School","Near","Male",66,1
1,88,"Medium","High",1,4,72,"High",1,3,"Medium","Medium","Private","Negative",2,0,"College","Near","Male",92,0
22,81,"High","Medium",1,9,71,"Medium",1,2,"High","Low","Public","Negative",4,0,"High School","Near","Male",69,0
22,77,"Medium","High",0,7,85,"Low",1,2,"Low","Medium","Public","Neutral",2,0,"College","Near","Male",68,0
10,75,"Medium","Medium",0,8,87,"Low",1,2,"Medium","Medium","Public","Positive",4,1,"High School","Near","Female",63,1
14,94,"Low","Medium",1,6,76,"Medium",0,0,"Low","Low","Public","Neutral",3,0,"High School","Near","Male",64,0
37,69,"Medium","High",1,9,87,"Medium",0,1,"Low","Medium","Public","Negative",2,0,"College","Far","Female",68,0
18,89,"Medium","Low",0,8,76,"High",1,0,"Low","Medium","Public","Positive",2,0,"High School","Near","Male",67,0
24,90,"Low","Medium",1,7,55,"Medium",1,1,"High","Medium","Public","Negative",2,0,"Postgraduate","Far","Male",68,0
16,77,"Medium","Medium",1,7,93,"Medium",1,1,"Low","Medium","Public","Positive",2,0,"High School","Moderate","Male",66,0
7,72,"Medium","Medium",1,4,94,"Medium",1,4,"Medium","Medium","Private","Positive",4,0,"Postgraduate","Near","Male",66,1
19,79,"Medium","High",1,8,63,"Medium",1,4,"Low","High","Public","Neutral",2,0,"High School","Moderate","Male",68,0
18,64,"Medium","High",1,9,89,"Low",1,1,"Medium","High","Private","Neutral",3,0,"High School","Moderate","Male",64,1
18,62,"High","Medium",1,7,76,"Medium",1,2,"Medium","Medium","Private","Negative",3,1,"College","Near","Female",63,1
19,64,"Medium","Medium",1,7,56,"Medium",1,0,"Low","Medium","Private","Neutral",4,0,"High School","Near","Female",62,1
22,67,"Medium","High",0,7,70,"High",1,2,"Low","Medium","Private","Positive",2,0,"High School","Near","Male",66,0
19,80,"High","Medium",1,9,54,"Medium",1,0,"Low","Medium","Public","Negative",2,0,"Postgraduate","Moderate","Male",65,0
12,94,"Medium","Low",1,9,89,"Medium",1,1,"Low","Low","Private","Negative",3,0,"High School","Near","Male",66,0
23,69,"Medium","High",1,6,60,"Medium",1,2,"Low","High","Private","Negative",4,0,"High School","Near","Male",66,0
8,97,"Medium","High",1,8,58,"High",1,2,"High","Medium","Public","Neutral",2,0,"College","Near","Female",69,0
8,98,"Low","Medium",1,7,60,"Medium",1,1,"High","High","Private","Negative",3,0,"Postgraduate","Near","Female",67,0
24,98,"Medium","High",0,8,61,"Medium",1,6,"Medium","High","Private","Positive",3,0,"High School","Near","Female",75,0
23,94,"High","Medium",1,6,84,"High",1,0,"Low","High","Public","Neutral",3,0,"Postgraduate","Near","Male",73,0
20,75,"Medium","Medium",1,9,82,"High",1,0,"Low","Low","Public","Positive",5,0,"College","Moderate","Female",66,0
12,63,"Medium","Medium",0,8,56,"Low",1,4,"Medium","Medium","Public","Positive",4,0,"College","Moderate","Male",61,1
16,83,"Medium","Medium",1,9,86,"Medium",1,5,"Low","High","Private","Negative",4,0,"High School","Moderate","Female",68,0
18,82,"Medium","Medium",1,5,67,"High",0,1,"Medium","High","Public","Neutral",4,0,"College","Near","Male",67,0
10,94,"Medium","High",0,5,73,"Medium",1,1,"Medium","Medium","Public","Negative",3,0,"High School","Moderate","Male",66,0
16,100,"Medium","High",0,10,56,"Medium",1,1,"High","Medium","Public","Neutral",2,0,"High School","Near","Female",69,0
24,80,"Medium","Medium",0,9,85,"Low",1,3,"Low","Medium","Public","Positive",4,0,"High School","Near","Male",69,0
29,74,"Medium","High",1,6,69,"Medium",1,1,"Low","High","Private","Negative",1,0,"College","Far","Female",67,0
17,67,"High","Medium",0,8,82,"Medium",1,0,"Medium","Medium","Public","Positive",4,0,"High School","Near","Female",65,0
25,60,"Medium","Low",0,6,71,"Low",1,2,"High","Medium","Public","Positive",2,0,"High School","Near","Male",63,1
9,80,"Medium","Low",1,4,52,"Low",1,1,"High","Medium","Public","Positive",2,0,"Postgraduate","Near","Female",63,1
24,82,"Medium","Medium",0,4,85,"Low",0,1,"Low","Medium","Public","Negative",2,0,"High School","Near","Male",66,0
15,93,"Medium","Medium",1,7,78,"Low",1,0,"Medium","Medium","Public","Negative",4,0,"High School","Moderate","Male",66,0
22,80,"Medium","High",1,9,72,"Low",1,2,"Medium","Medium","Public","Neutral",4,0,"College","Near","Female",69,0
19,97,"High","Medium",1,9,60,"High",1,3,"Medium","Medium","Public","Negative",4,0,"Postgraduate","Moderate","Female",72,0
28,85,"Medium","Medium",1,9,81,"Low",1,2,"Low","Medium","Public","Neutral",3,0,"High School","Near","Male",70,0
15,94,"Medium","High",1,8,64,"Medium",1,2,"Low","Medium","Public","Negative",1,0,"College","Near","Male",68,0
24,66,"High","Medium",1,7,71,"Low",1,1,"Low","High","Public","Neutral",3,0,"High School","Near","Male",66,1
18,94,"Low","Medium",1,9,53,"Medium",1,3,"Low","Medium","Public","Negative",3,0,"College","Moderate","Female",67,0
19,87,"High","Medium",0,4,89,"Medium",1,0,"Low","Low","Public","Positive",5,1,"Postgraduate","Moderate","Female",68,0
19,67,"Medium","Low",1,8,55,"Medium",0,0,"Medium","High","Private","Positive",4,0,"High School","Near","Male",62,1
15,68,"Medium","High",0,5,95,"High",1,1,"Medium","Medium","Private","Positive",2,1,"College","Near","Female",64,0
20,97,"High","Low",1,6,93,"Low",1,1,"High","High","Public","Positive",1,0,"College","Far","Male",71,0
20,61,"High","Medium",0,8,99,"Medium",1,0,"Medium","High","Public","Neutral",4,0,"College","Near","Male",65,0
21,79,"Medium","Medium",1,8,95,"High",1,0,"Medium","Medium","Public","Neutral",2,0,"Postgraduate","Near","Female",69,0
21,73,"Medium","Medium",0,6,99,"Medium",0,1,"Low","Medium","Public","Neutral",5,0,"High School","Near","Male",65,0
25,87,"Medium","Medium",0,8,94,"High",1,0,"Medium","High","Public","Positive",4,0,"High School","Near","Male",71,0
26,94,"Low","Medium",0,8,56,"Low",1,1,"High","Medium","Public","Negative",2,0,"College","Near","Female",69,0
14,74,"High","Medium",1,7,72,"High",0,2,"Medium","Medium","Private","Negative",3,0,"College","Near","Male",65,0
25,77,"Low","Medium",1,7,54,"Medium",1,2,"Medium","Medium","Public","Neutral",1,0,"College","Moderate","Male",66,0
13,99,"Medium","Medium",1,10,77,"Low",1,0,"Medium","High","Private","Negative",3,0,"College","Moderate","Female",68,0
24,91,"High","High",1,7,76,"Medium",1,0,"Medium","Medium","Private","Positive",2,0,"High School","Moderate","Female",72,0
24,96,"High","High",1,7,96,"Medium",1,1,"Medium","Medium","Public","Negative",3,0,"High School","Near","Female",74,0
9,78,"Medium","Medium",0,7,98,"Low",1,3,"Low","Medium","Public","Positive",2,0,"High School","Near","Male",64,1
21,69,"High","Low",1,7,63,"Medium",1,0,"Medium","Medium","Public","Positive",3,0,"High School","Moderate","Male",64,0
17,76,"Medium","Medium",1,8,79,"Low",0,1,"Low","Medium","Public","Neutral",4,1,"Postgraduate","Far","Female",63,1
15,89,"High","Low",0,9,73,"High",1,2,"Low","Low","Private","Neutral",2,0,"High School","Near","Male",66,0
28,64,"Medium","Medium",1,7,77,"Medium",1,1,"High","Medium","Public","Positive",2,0,"High School","Near","Male",67,0
16,71,"High","Low",1,6,77,"Low",1,4,"Medium","Medium","Public","Neutral",5,1,"College","Moderate","Male",64,1
15,62,"Low","High",0,10,96,"Low",1,0,"Medium","High","Private","Positive",4,0,"High School","Far","Male",62,1
20,77,"Medium","Low",1,7,95,"High",1,0,"Medium","Medium","Public","Positive",1,0,"High School","Far","Male",66,0
24,93,"Medium","High",0,4,56,"Low",1,4,"Low","High","Public","Negative",2,0,"Postgraduate","Moderate","Female",71,0
19,61,"High","Low",1,10,67,"Low",0,1,"Medium","Medium","Public","Positive",6,0,"Postgraduate","Near","Female",63,1
27,87,"High","Medium",1,9,88,"Medium",1,1,"Low","High","Public","Positive",4,1,"College","Near","Male",72,0
23,97,"Medium","High",0,9,84,"Low",1,1,"High","Medium","Public","Positive",3,1,"High School","Far","Female",71,0
7,69,"Low","Medium",0,9,82,"Low",1,1,"Medium","High","Private","Positive",3,0,"Postgraduate","Near","Female",61,1
17,88,"Medium","High",1,10,100,"Medium",1,1,"Low","High","Public","Positive",2,0,"Postgraduate","Near","Female",71,0
17,99,"Medium","Medium",0,5,67,"Low",1,2,"Medium","Medium","Private","Neutral",4,0,"Postgraduate","Far","Male",69,0
23,98,"Medium","High",1,6,76,"Low",1,3,"Low","High","Public","Positive",3,0,"High School","Near","Male",74,0
4,69,"Medium","High",1,6,99,"Medium",1,0,"Medium","High","Public","Neutral",2,0,"High School","Moderate","Male",61,1
35,64,"Medium","Low",0,6,85,"High",1,2,"Medium","High","Private","Neutral",2,0,"High School","Moderate","Male",68,0
23,66,"Medium","High",1,7,82,"High",1,1,"Medium","Medium","Public","Positive",2,0,"High School","Near","Male",67,0
21,88,"High","Low",0,6,58,"Medium",1,3,"High","Medium","Private","Neutral",4,0,"College","Near","Male",70,0
27,89,"Medium","Medium",0,5,62,"Medium",1,0,"Low","Medium","Public","Neutral",3,0,"High School","Near","Male",69,0
34,87,"Medium","Low",0,6,69,"High",1,3,"Low","Medium","Private","Neutral",2,0,"College","Moderate","Male",72,0
25,73,"Medium","Low",1,7,73,"Medium",1,1,"Medium","Medium","Public","Positive",2,0,"High School","Near","Male",66,0
26,67,"Medium","Medium",0,9,75,"Medium",1,2,"Medium","Medium","Public","Positive",3,0,"High School","Near","Male",67,0
21,83,"Medium","Medium",0,6,95,"High",1,4,"High","High","Public","Neutral",2,0,"High School","Far","Female",70,0
19,79,"Medium","High",1,8,55,"Medium",1,3,"Medium","Medium","Private","Neutral",4,1,"Postgraduate","Near","Male",68,0
17,89,"Low","Medium",1,5,62,"High",1,2,"Medium","Medium","Private","Positive",2,0,"College","Near","Female",68,0
15,78,"Medium","High",0,4,57,"High",1,2,"Medium","High","Public","Negative",2,0,"High School","Near","Female",65,0
16,74,"Medium","Low",1,7,87,"Medium",1,0,"Low","Low","Public","Positive",3,0,"College","Near","Female",63,0
12,72,"Low","Low",1,6,99,"High",1,0,"Low","Medium","Public","Positive",4,0,"College","Far","Female",62,0
20,68,"Medium","High",1,6,95,"Medium",1,0,"Low","Medium","Public","Positive",4,0,"High School","Near","Female",66,0
10,71,"Medium","High",1,6,86,"Medium",1,1,"Medium","Low","Public","Negative",2,1,"Postgraduate","Near","Male",62,1
21,64,"Low","High",1,6,51,"Low",1,0,"High","Low","Public","Negative",3,0,"College","Moderate","Female",61,1
20,74,"Low","Medium",1,6,67,"High",1,0,"Medium","Medium","Private","Negative",4,1,"College","Moderate","Female",63,0
21,61,"Medium","Medium",1,6,93,"Low",1,3,"Medium","High","Private","Neutral",3,0,"High School","Near","Female",65,1
17,67,"High","Low",0,5,83,"High",1,3,"Low","Medium","Public","Positive",3,0,"High School","Moderate","Male",64,0
38,90,"High","Medium",1,4,60,"Low",1,2,"Low","Medium","Public","Neutral",4,0,"College","Moderate","Male",74,0
28,73,"Low","Medium",1,4,73,"Medium",1,2,"High","High","Public","Positive",2,0,"Postgraduate","Near","Female",70,0
13,87,"Low","Medium",0,10,54,"Low",1,2,"Low","Medium","Public","Positive",2,0,"High School","Moderate","Female",63,1
21,89,"Low","Medium",0,7,76,"Medium",1,3,"High","Medium","Public","Positive",2,0,"High School","Far","Female",68,0
16,83,"Medium","High",1,9,95,"Medium",1,2,"Low","High","Public","Neutral",2,0,"College","Near","Male",69,0
14,98,"Medium","High",1,7,52,"High",1,1,"Medium","High","Private","Negative",4,0,"High School","Moderate","Male",70,0
12,61,"Medium","Medium",1,7,81,"Medium",1,2,"High","Medium","Public","Neutral",3,0,"College","Far","Male",62,1
23,90,"High","Medium",1,7,62,"Medium",1,3,"Medium","Low","Private","Positive",2,0,"Postgraduate","Moderate","Male",71,0
16,98,"Medium","Low",0,8,100,"Low",1,2,"Low","Medium","Public","Neutral",1,0,"High School","Near","Male",69,0
26,94,"High","Low",1,5,53,"Low",1,0,"Low","High","Public","Neutral",2,0,"High School","Near","Male",69,0
26,67,"Low","High",1,6,81,"High",1,4,"Low","High","Public","Neutral",3,1,"College","Near","Male",68,0
28,73,"Low","Medium",1,7,63,"Low",1,0,"Low","Medium","Public","Positive",2,0,"High School","Near","Male",65,0
15,67,"Medium","High",1,4,94,"High",1,1,"Medium","Medium","Private","Positive",5,0,"High School","Far","Male",65,0
23,84,"Low","Low",1,9,56,"Low",0,1,"Medium","High","Public","Positive",4,0,"High School","Near","Female",65,0
24,88,"High","High",0,9,71,"Medium",1,2,"High","High","Public","Negative",3,0,"High School","Near","Female",72,0
17,73,"Medium","Low",0,4,59,"High",1,2,"Low","High","Private","Negative",4,0,"High School","Moderate","Female",63,0
15,82,"Medium","High",1,6,90,"High",0,2,"High","Medium","Public","Positive",2,0,"High School","Near","Male",68,0
30,88,"Medium","Medium",1,7,68,"Low",1,1,"Medium","High","Public","Positive",3,0,"College","Near","Female",72,0
21,77,"Medium","Low",1,8,59,"Medium",1,3,"Low","Medium","Private","Positive",2,0,"High School","Near","Male",66,0
24,94,"Low","Medium",0,9,86,"High",1,2,"Low","Medium","Public","Neutral",3,0,"College","Near","Female",71,0
15,91,"Medium","Low",1,6,91,"Low",1,0,"Medium","Medium","Public","Positive",3,0,"College","Moderate","Female",67,0
13,63,"Medium","Medium",0,10,73,"Low",1,2,"Low","High","Public","Negative",3,0,"Postgraduate","Moderate","Male",61,1
17,85,"High","High",1,7,69,"Medium",1,4,"Low","High","Private","Neutral",2,0,"High School","Near","Female",70,0
19,69,"Medium","Medium",1,7,82,"Low",0,2,"Low","Medium","Public","Neutral",3,0,"College","Near","Male",64,1
14,82,"Medium","Medium",1,8,83,"Medium",1,0,"Medium","Medium","Public","Negative",2,0,"High School","Moderate","Male",64,0
20,98,"Low","High",1,7,83,"Medium",0,0,"Low","Medium","Public","Neutral",3,0,"High School","Far","Female",68,0
10,95,"High","Medium",0,7,64,"High",1,4,"Low","Medium","Private","Positive",3,0,"Postgraduate","Near","Male",70,0
13,76,"Low","Medium",1,10,97,"High",1,4,"Low","Low","Public","Neutral",3,0,"College","Moderate","Male",65,0
24,72,"High","High",0,7,61,"Medium",1,3,"Low","Medium","Private","Neutral",2,0,"High School","Near","Female",67,0
24,69,"Medium","Low",1,6,69,"Medium",1,0,"Low","High","Private","Neutral",4,0,"College","Near","Male",65,0
18,81,"Low","Medium",1,6,64,"Medium",1,1,"Medium","Medium","Public","Positive",4,0,"High School","Moderate","Female",65,0
14,65,"Medium","High",1,9,97,"Low",1,3,"Low","High","Public","Positive",4,0,"High School","Near","Female",65,1
14,82,"High","Low",1,8,91,"High",1,1,"Low","Medium","Public","Negative",2,0,"High School","Near","Male",66,0
18,60,"Medium","High",0,5,91,"Low",1,2,"Low","Medium","Public","Negative",4,1,"High School","Near","Male",62,1
24,73,"Medium","Medium",1,5,50,"Low",1,1,"Low","Medium","Public","Negative",2,0,"High School","Near","Male",63,1
26,69,"Low","Low",1,7,84,"Medium",1,0,"Medium","Medium","Private","Neutral",3,1,"High School","Moderate","Male",63,0
17,99,"Medium","Medium",1,8,62,"Medium",1,3,"Medium","Medium","Private","Neutral",3,0,"High School","Near","Male",70,0
13,89,"Low","High",1,6,98,"Medium",1,0,"Medium","Medium","Private","Negative",4,0,"High School","Near","Male",67,0
22,74,"High","High",0,4,77,"Low",1,0,"High","Medium","Private","Negative",3,1,"High School","Near","Male",66,0
15,64,"High","Medium",0,5,78,"Medium",1,2,"Low","Medium","Public","Positive",2,0,"High School","Moderate","Male",63,1
17,81,"High","Low",1,9,68,"High",1,1,"Low","Low","Private","Positive",3,0,"College","Near","Female",66,0
28,69,"Low","Medium",0,8,77,"Medium",1,3,"Medium","Medium","Public","Neutral",4,0,"College","Moderate","Female",67,0
25,81,"Medium","Medium",0,9,87,"Low",1,1,"Low","High","Private","Negative",1,0,"Postgraduate","Moderate","Female",68,0
21,93,"Low","High",1,9,78,"Low",1,1,"Medium","Low","Public","Neutral",2,1,"High School","Far","Male",67,0
12,85,"Medium","High",1,6,82,"Medium",1,1,"High","Medium","Public","Neutral",2,0,"High School","Far","Male",66,0
21,85,"High","High",1,6,74,"Medium",1,2,"Medium","Medium","Public","Neutral",4,0,"High School","Near","Female",71,0
26,82,"Medium","Medium",1,7,86,"Medium",1,0,"Low","High","Public","Neutral",2,1,"Postgraduate","Near","Male",69,0
18,97,"High","Low",1,8,95,"High",1,1,"Medium","Medium","Public","Positive",2,0,"Postgraduate","Moderate","Male",72,0
28,97,"High","Low",1,9,53,"Low",1,0,"Low","Medium","Private","Negative",3,0,"College","Moderate","Female",70,0
28,81,"Medium","Medium",1,10,55,"Medium",1,2,"Medium","Low","Private","Neutral",3,0,"High School","Near","Male",68,0
30,72,"Medium","Medium",0,8,84,"Medium",1,1,"Low","High","Private","Positive",1,0,"High School","Near","Male",68,0
22,78,"Low","High",1,8,69,"High",1,2,"Low","Medium","Public","Negative",2,0,"High School","Near","Female",67,0
24,67,"Medium","Medium",0,10,64,"Low",1,1,"Low","Medium","Public","Positive",2,1,"College","Far","Female",62,1
28,85,"Medium","Low",0,7,59,"Low",1,1,"Low","Medium","Public","Neutral",3,0,"Postgraduate","Far","Male",67,0
23,80,"High","Medium",0,9,79,"Medium",1,1,"Medium","High","Public","Negative",2,0,"Postgraduate","Near","Male",69,0
17,64,"Medium","High",1,8,67,"Medium",1,3,"Low","Medium","Public","Negative",3,0,"College","Near","Male",64,1
17,68,"Medium","High",1,8,75,"Medium",1,2,"Low","High","Private","Positive",3,0,"College","Near","Female",66,0
21,79,"High","Low",1,7,98,"High",1,2,"Low","Medium","Public","Positive",1,0,"High School","Near","Male",69,0
12,96,"High","High",0,5,88,"High",1,0,"Medium","Medium","Private","Positive",2,0,"College","Moderate","Female",70,0
19,83,"High","Medium",0,8,90,"Low",1,3,"Low","Medium","Public","Positive",3,0,"College","Moderate","Female",69,0
27,87,"Medium","Medium",1,8,56,"Medium",1,3,"Medium","High","Public","Neutral",3,0,"Postgraduate","Near","Male",72,0
7,74,"Medium","Medium",1,6,66,"Low",1,1,"Low","High","Private","Positive",2,0,"High School","Near","Female",61,1
29,83,"Medium","Medium",0,7,55,"High",1,2,"Low","Low","Private","Negative",4,0,"High School","Near","Female",68,0
27,78,"Medium","Medium",0,6,98,"Low",1,1,"Medium","Medium","Public","Positive",3,0,"High School","Far","Male",68,0
17,86,"Low","Medium",0,6,84,"High",1,0,"Medium","Medium","Private","Neutral",3,0,"High School","Near","Female",66,0
23,62,"Medium","Medium",0,6,51,"Medium",1,5,"High","Medium","Public","Negative",2,0,"College","Near","Male",65,0
20,80,"High","Low",1,5,74,"Medium",1,2,"Low","Low","Public","Negative",4,0,"College","Moderate","Female",66,0
27,72,"Medium","Medium",0,6,63,"Medium",1,1,"High","Medium","Private","Negative",5,0,"College","Moderate","Female",67,0
26,73,"Medium","High",0,8,77,"Medium",1,0,"Medium","High","Private","Positive",2,0,"College","Far","Male",68,0
12,98,"Low","Medium",0,9,59,"Low",1,1,"High","Medium","Public","Neutral",2,0,"Postgraduate","Near","Female",67,1
24,67,"Low","Medium",1,10,53,"Medium",1,0,"Medium","Medium","Public","Positive",3,1,"College","Near","Female",63,0
19,72,"Medium","Low",0,6,66,"Medium",1,0,"Medium","High","Private","Neutral",2,0,"Postgraduate","Near","Male",64,0
20,80,"Medium","Low",0,9,65,"High",1,1,"Medium","Medium","Private","Positive",3,0,"College","Far","Male",66,0
16,95,"High","Medium",1,8,86,"Medium",1,0,"Low","Low","Public","Positive",4,0,"High School","Moderate","Male",69,0
30,77,"Medium","Low",1,7,74,"Medium",1,3,"High","Medium","Private","Neutral",3,0,"Postgraduate","Moderate","Male",70,0
26,90,"Medium","Medium",0,8,65,"High",1,3,"Medium","High","Private","Positive",2,0,"High School","Near","Female",72,0
16,94,"Medium","High",0,9,79,"High",1,2,"High","Medium","Public","Positive",5,0,"High School","Moderate","Female",71,0
12,72,"Medium","Medium",1,6,54,"Low",1,3,"Low","Medium","Public","Positive",2,0,"Postgraduate","Near","Male",63,1
18,76,"High","High",0,6,83,"Medium",1,1,"High","Medium","Public","Neutral",4,0,"High School","Near","Male",68,0
23,74,"Medium","High",1,6,57,"Low",0,1,"High","High","Private","Neutral",3,0,"College","Near","Male",67,1
21,93,"Medium","Low",0,6,64,"Medium",1,2,"Low","Medium","Public","Positive",4,0,"Postgraduate","Moderate","Male",69,0
28,62,"Medium","Medium",0,9,64,"High",1,1,"Low","Medium","Private","Negative",2,0,"Postgraduate","Near","Male",65,0
25,72,"High","Low",1,6,73,"High",1,4,"Medium","High","Public","Neutral",4,0,"College","Moderate","Male",69,0
26,87,"Medium","Medium",0,6,98,"High",1,0,"Medium","High","Public","Negative",4,0,"College","Moderate","Male",71,0
22,83,"Medium","Low",1,7,66,"Medium",1,2,"Medium","Medium","Private","Neutral",3,0,"High School","Near","Female",67,0
12,77,"Low","Medium",0,7,64,"Low",1,2,"High","High","Public","Positive",4,0,"College","Moderate","Female",64,1
19,82,"High","Medium",1,6,58,"Low",1,2,"Medium","High","Private","Positive",3,0,"College","Near","Female",68,1
26,68,"High","Low",1,10,70,"Medium",1,1,"Low","Medium","Public","Positive",3,0,"College","Near","Male",67,0
20,77,"Low","Low",0,6,59,"Low",1,1,"High","Medium","Public","Negative",2,0,"High School","Moderate","Female",62,1
23,80,"High","Medium",0,7,57,"Low",1,2,"Medium","High","Public","Negative",2,0,"Postgraduate","Moderate","Female",68,0
18,96,"Medium","Medium",1,4,93,"Medium",1,0,"Medium","High","Public","Positive",4,0,"College","Near","Female",72,0
14,70,"Medium","High",1,7,53,"Low",1,0,"Medium","Medium","Public","Negative",3,0,"High School","Moderate","Male",61,1
19,95,"Low","Low",1,5,86,"Medium",1,0,"High","Medium","Public","Negative",4,0,"High School","Moderate","Male",67,0
22,86,"High","Medium",0,6,60,"High",1,0,"High","High","Public","Neutral",3,0,"Postgraduate","Near","Male",70,0
16,61,"Low","Medium",1,4,51,"Low",1,1,"Low","Medium","Public","Neutral",3,0,"High School","Near","Male",59,1
19,89,"High","Medium",1,6,90,"High",1,0,"Low","High","Private","Negative",4,0,"College","Moderate","Female",70,0
14,61,"Low","Medium",0,7,85,"High",1,1,"Low","Medium","Public","Neutral",1,0,"High School","Near","Female",60,0
27,100,"High","Medium",0,7,67,"Medium",1,1,"High","High","Public","Neutral",3,0,"College","Moderate","Male",74,0
18,95,"Low","High",1,6,54,"High",1,0,"Medium","High","Private","Negative",3,0,"College","Moderate","Male",68,0
29,72,"Medium","Medium",0,7,68,"Low",1,0,"Low","Medium","Public","Positive",3,0,"College","Near","Female",67,0
29,70,"Medium","Low",0,6,59,"High",1,2,"Medium","Medium","Private","Neutral",4,0,"Postgraduate","Far","Male",67,0
20,75,"Low","Medium",1,7,97,"High",1,0,"Medium","Medium","Public","Neutral",2,0,"College","Near","Female",66,0
14,74,"Medium","Medium",0,7,76,"High",1,1,"Low","High","Public","Neutral",2,0,"High School","Far","Female",63,0
7,75,"Medium","Medium",0,7,98,"Low",0,1,"Low","High","Public","Positive",3,0,"College","Near","Male",62,1
11,73,"High","Low",1,7,68,"High",1,3,"Low","High","Private","Neutral",3,0,"College","Moderate","Female",64,0
12,85,"Medium","Medium",1,6,78,"High",1,3,"Medium","Medium","Public","Neutral",4,0,"College","Near","Male",68,0
28,67,"Medium","Medium",0,8,60,"High",1,0,"Medium","Medium","Public","Positive",3,0,"High School","Moderate","Female",65,0
21,94,"Medium","Low",1,8,90,"Low",1,1,"Medium","Medium","Public","Positive",4,0,"Postgraduate","Near","Female",71,0
22,92,"Medium","Medium",1,7,52,"Low",0,1,"Medium","Medium","Private","Negative",3,0,"Postgraduate","Near","Female",68,0
7,79,"Low","High",1,9,85,"Medium",1,0,"Medium","Medium","Public","Negative",2,0,"High School","Near","Male",62,1
13,94,"High","High",1,7,70,"Medium",1,1,"Medium","Medium","Private","Negative",3,0,"High School","Moderate","Male",68,0
25,70,"Medium","Medium",1,7,79,"Low",1,3,"High","Medium","Public","Neutral",3,0,"High School","Near","Male",68,0
22,61,"High","Medium",1,7,80,"High",1,3,"Medium","High","Public","Neutral",3,0,"Postgraduate","Moderate","Male",67,0
19,85,"Medium","Medium",1,7,86,"Medium",1,0,"Low","Medium","Public","Positive",2,0,"College","Moderate","Female",67,0
23,78,"High","High",1,6,60,"Medium",1,2,"High","High","Public","Positive",4,0,"High School","Far","Male",70,0
30,83,"Low","Medium",1,4,77,"Medium",1,0,"Low","Medium","Public","Neutral",4,0,"High School","Near","Female",69,0
19,96,"Low","Medium",0,7,71,"Medium",1,2,"Low","High","Private","Positive",3,0,"Postgraduate","Moderate","Male",70,0
20,99,"Medium","Low",0,8,64,"Low",1,1,"High","Medium","Public","Positive",2,0,"High School","Near","Male",69,0
21,85,"High","Medium",1,5,75,"Low",1,1,"High","High","Public","Positive",2,0,"High School","Moderate","Female",70,0
34,91,"Medium","Low",0,9,98,"Medium",1,0,"Medium","Medium","Public","Neutral",4,0,"High School","Moderate","Male",72,0
7,63,"Low","Medium",0,5,97,"Medium",1,1,"Low","Medium","Public","Neutral",2,0,"High School","Near","Female",59,1
24,66,"Medium","Medium",0,6,64,"Medium",0,0,"Medium","High","Public","Neutral",4,0,"High School","Near","Male",64,0
19,89,"High","High",1,10,94,"Medium",1,0,"High","Medium","Private","Neutral",1,0,"College","Near","Female",72,0
23,77,"Low","High",1,8,94,"Medium",1,0,"High","Medium","Private","Positive",3,0,"Postgraduate","Near","Male",70,0
16,78,"Low","High",0,7,62,"Medium",1,0,"High","High","Public","Negative",1,0,"High School","Far","Female",63,0
20,72,"High","Medium",1,7,80,"Medium",1,1,"Low","High","Private","Negative",3,0,"College","Near","Male",66,0
24,84,"High","High",0,9,93,"Medium",1,3,"High","Medium","Public","Neutral",4,0,"High School","Far","Male",72,0
39,67,"High","High",1,5,76,"Medium",0,2,"Medium","Medium","Private","Negative",4,0,"High School","Near","Female",71,0
25,85,"High","High",0,9,68,"Medium",1,1,"High","Medium","Public","Negative",3,0,"Postgraduate","Far","Female",71,0
15,67,"Low","Medium",1,6,83,"Low",1,3,"Medium","Low","Public","Positive",3,0,"High School","Moderate","Male",62,1
17,63,"Medium","Medium",1,8,59,"Medium",1,1,"Low","High","Public","Positive",1,0,"Postgraduate","Moderate","Male",62,1
17,73,"Medium","Low",0,6,58,"Medium",1,4,"Medium","Medium","Public","Positive",1,0,"College","Near","Male",64,0
9,69,"High","High",1,10,92,"Medium",1,2,"Low","Medium","Private","Neutral",3,0,"Postgraduate","Near","Male",65,1
18,96,"High","Low",1,7,52,"Low",1,1,"Low","Medium","Private","Neutral",4,0,"College","Near","Female",68,0
24,62,"High","Medium",1,5,90,"Low",1,0,"High","Medium","Private","Positive",3,0,"College","Near","Male",67,0
12,67,"Medium","Medium",1,8,65,"Low",1,1,"High","Medium","Public","Neutral",3,0,"High School","Moderate","Male",61,1
26,82,"Low","Low",1,9,74,"High",1,2,"Medium","Medium","Public","Negative",5,0,"High School","Moderate","Female",68,0
23,79,"Medium","High",0,9,77,"Medium",1,1,"Low","High","Public","Neutral",3,0,"High School","Near","Male",68,0
16,62,"Medium","Medium",0,7,88,"Medium",1,1,"Low","High","Public","Neutral",1,0,"High School","Near","Female",62,1
19,60,"Medium","Low",0,8,94,"High",1,1,"Low","Low","Private","Neutral",3,0,"High School","Near","Female",62,0
30,100,"High","High",1,6,90,"Low",1,0,"Medium","Low","Public","Positive",2,1,"High School","Near","Male",74,0
24,86,"Medium","Medium",1,8,79,"Medium",0,0,"Low","Medium","Public","Neutral",4,0,"High School","Near","Female",68,0
20,75,"Low","High",0,8,67,"Medium",1,1,"High","Low","Public","Positive",4,0,"College","Moderate","Male",66,0
19,79,"Medium","Medium",0,4,76,"High",1,1,"Medium","Medium","Private","Neutral",3,0,"High School","Near","Male",67,0
20,71,"High","Medium",0,5,52,"High",1,1,"Medium","High","Public","Neutral",3,0,"High School","Moderate","Male",65,0
17,74,"Medium","Medium",1,7,62,"Medium",1,2,"High","Medium","Public","Positive",4,0,"High School","Near","Male",66,0
7,86,"High","Medium",0,7,68,"Medium",1,5,"Low","Medium","Public","Positive",4,0,"Postgraduate","Moderate","Male",67,0
32,95,"Medium","Medium",1,7,66,"High",1,5,"High","Medium","Private","Negative",3,0,"College","Near","Male",76,0
21,67,"Low","High",1,7,55,"High",1,2,"High","High","Private","Positive",3,0,"High School","Moderate","Female",66,0
22,94,"Low","Low",0,9,53,"High",1,1,"Medium","High","Public","Neutral",3,0,"College","Near","Female",68,0
20,65,"High","Medium",1,8,71,"Low",1,2,"Low","Medium","Private","Neutral",3,1,"College","Near","Female",63,1
16,69,"Medium","High",1,4,54,"Medium",1,4,"Low","Low","Public","Positive",4,0,"College","Near","Female",65,1
19,61,"High","Medium",0,10,64,"Medium",1,3,"Low","Medium","Public","Positive",3,0,"High School","Moderate","Male",63,1
10,66,"Medium","Medium",0,4,74,"Low",1,2,"Low","Medium","Public","Negative",2,0,"High School","Moderate","Male",59,1
34,97,"Medium","Medium",0,8,60,"Medium",1,2,"Medium","Medium","Private","Neutral",4,0,"High School","Near","Male",74,0
13,78,"Medium","Low",1,5,54,"Low",1,2,"Low","High","Public","Positive",3,1,"College","Near","Male",62,1
14,63,"Low","Low",1,9,72,"Medium",1,3,"Low","Low","Public","Positive",4,1,"High School","Near","Female",59,1
17,98,"Medium","High",1,7,72,"High",1,0,"Low","Medium","Public","Positive",3,0,"High School","Near","Male",71,0
28,95,"Medium","Medium",0,8,96,"Medium",1,1,"Medium","Medium","Public","Neutral",3,0,"Postgraduate","Moderate","Male",73,0
20,90,"High","Medium",1,4,56,"Medium",1,0,"Low","High","Private","Positive",1,0,"High School","Moderate","Male",68,0
13,97,"Medium","Medium",1,8,81,"Medium",1,3,"Low","Medium","Public","Neutral",1,0,"High School","Far","Male",68,0
28,69,"Medium","Medium",1,8,66,"Medium",1,0,"Low","Medium","Public","Positive",6,0,"College","Far","Male",66,0
24,93,"Low","High",1,8,56,"Medium",1,1,"Low","Medium","Public","Neutral",3,0,"College","Moderate","Male",69,0
23,88,"Medium","Medium",0,8,70,"Medium",1,2,"Medium","High","Public","Neutral",4,0,"High School","Near","Female",70,0
24,95,"Medium","High",1,7,71,"High",1,1,"Medium","High","Public","Positive",3,0,"High School","Near","Male",74,0
34,92,"High","Medium",0,7,68,"Low",1,0,"Medium","High","Public","Positive",5,0,"College","Near","Female",75,0
33,74,"Medium","Medium",1,6,88,"Medium",1,2,"Medium","Medium","Private","Neutral",3,0,"College","Near","Male",71,0
16,91,"High","High",1,6,92,"Low",1,2,"Low","High","Private","Positive",3,0,"High School","Moderate","Male",71,0
30,70,"Medium","Medium",0,9,57,"Medium",1,1,"Low","Medium","Public","Negative",4,0,"College","Far","Female",65,0
22,73,"Low","Medium",0,6,58,"High",1,1,"Medium","Medium","Private","Positive",3,0,"Postgraduate","Moderate","Male",65,0
23,64,"Medium","High",0,4,71,"Low",1,2,"Medium","Medium","Public","Negative",1,0,"Postgraduate","Near","Male",65,1
10,97,"Medium","Medium",0,6,66,"Medium",1,2,"Low","Medium","Public","Neutral",2,0,"Postgraduate","Near","Female",67,0
19,72,"Medium","Medium",1,8,91,"High",1,1,"Low","Medium","Private","Positive",4,0,"High School","Moderate","Male",67,0
15,81,"Medium","Medium",1,7,100,"Medium",1,1,"Low","Medium","Public","Neutral",3,0,"Postgraduate","Moderate","Male",67,0
25,76,"High","High",1,8,59,"Medium",1,4,"Medium","Medium","Private","Neutral",4,0,"College","Near","Female",71,0
26,98,"High","Low",0,4,88,"Low",1,1,"Medium","High","Public","Neutral",1,0,"College","Moderate","Female",72,0
8,73,"Medium","High",1,4,80,"Low",1,0,"Low","High","Public","Neutral",4,0,"College","Moderate","Male",62,1
20,91,"High","Low",1,7,82,"Medium",1,0,"Medium","Medium","Public","Neutral",4,0,"College","Near","Male",70,0
27,94,"Medium","High",0,9,63,"High",1,0,"Low","Medium","Public","Neutral",4,0,"College","Near","Female",72,0
19,77,"Low","Medium",1,4,55,"Medium",1,0,"Medium","Low","Public","Positive",4,0,"College","Moderate","Male",64,0
24,75,"High","Low",1,8,77,"High",1,1,"Low","Medium","Private","Negative",1,0,"College","Moderate","Male",66,0
22,90,"Low","Medium",1,9,81,"Medium",1,0,"Medium","Medium","Public","Neutral",4,0,"High School","Near","Male",69,0
22,97,"High","Medium",0,7,98,"High",1,0,"Medium","Medium","Public","Negative",0,0,"College","Moderate","Female",71,0
18,90,"Medium","Low",0,8,84,"High",1,2,"Low","High","Private","Positive",3,0,"High School","Moderate","Male",68,0
13,69,"Medium","Medium",1,7,72,"Low",1,2,"High","Medium","Public","Positive",2,0,"High School","Moderate","Female",63,1
13,96,"Medium","High",1,7,100,"Medium",0,4,"Medium","High","Public","Negative",3,0,"High School","Near","Male",71,0
24,76,"High","Low",1,8,69,"Low",1,3,"Low","Medium","Private","Negative",1,0,"High School","Near","Male",65,0
20,83,"Low","High",1,10,58,"Medium",1,0,"Low","High","Public","Neutral",1,0,"High School","Near","Female",66,0
19,93,"Low","Low",1,6,81,"Medium",1,2,"High","Medium","Private","Positive",3,1,"College","Moderate","Female",68,0
17,68,"Medium","Medium",1,7,63,"Medium",0,0,"Low","Medium","Public","Neutral",3,0,"High School","Moderate","Male",61,1
18,91,"Low","High",0,6,96,"Medium",1,2,"Low","Medium","Private","Positive",3,0,"Postgraduate","Near","Male",71,0
26,84,"Medium","High",1,7,71,"Medium",1,0,"Medium","Medium","Public","Neutral",2,0,"High School","Near","Female",70,0
18,96,"High","Low",0,7,57,"Low",1,1,"Low","Medium","Public","Negative",3,0,"High School","Moderate","Female",66,0
12,67,"High","Medium",1,9,57,"Low",1,0,"Low","Medium","Private","Positive",2,0,"College","Moderate","Male",61,1
24,77,"High","Low",1,9,82,"Low",1,1,"Medium","Medium","Private","Neutral",2,0,"High School","Near","Male",67,0
19,93,"High","Medium",1,8,68,"Medium",1,1,"High","High","Public","Positive",3,0,"Postgraduate","Near","Female",72,0
20,61,"High","High",0,9,68,"Medium",1,1,"High","Low","Private","Positive",3,0,"High School","Near","Female",65,0
30,64,"High","Medium",0,6,81,"Low",1,3,"Medium","Medium","Public","Negative",2,0,"College","Near","Female",68,0
20,100,"Low","Medium",1,6,61,"High",0,3,"Medium","Medium","Public","Positive",4,0,"College","Far","Male",70,0
22,71,"Medium","Low",1,8,57,"Medium",1,1,"Low","High","Public","Negative",4,0,"High School","Moderate","Male",63,0
13,99,"High","Low",0,7,83,"Medium",1,1,"Medium","Medium","Public","Neutral",4,0,"Postgraduate","Far","Female",69,0
19,67,"Medium","Low",0,10,50,"Medium",1,0,"High","Medium","Public","Positive",3,0,"High School","Near","Male",62,1
24,74,"High","High",0,4,95,"High",1,1,"High","Medium","Public","Neutral",4,0,"Postgraduate","Moderate","Female",71,0
11,90,"Low","Low",1,8,59,"Low",1,1,"Low","High","Public","Positive",4,0,"High School","Near","Male",64,1
21,86,"High","Medium",0,8,72,"Medium",1,0,"High","High","Public","Positive",3,0,"High School","Moderate","Male",69,0
21,83,"Medium","High",1,6,61,"High",1,2,"Low","High","Public","Positive",3,0,"Postgraduate","Near","Male",71,0
20,81,"Low","Medium",1,6,61,"Low",0,0,"Low","Medium","Public","Positive",4,1,"High School","Near","Female",63,1
26,94,"Low","High",1,6,92,"Low",1,1,"Low","High","Public","Neutral",3,0,"High School","Near","Female",72,0
22,69,"Medium","Medium",1,5,79,"Medium",1,1,"Low","Low","Public","Positive",3,0,"College","Near","Male",66,0
29,78,"High","Medium",1,9,66,"Medium",1,2,"Low","Medium","Public","Neutral",4,0,"High School","Moderate","Male",69,0
14,66,"Medium","Medium",1,10,63,"Low",1,0,"Low","Medium","Public","Positive",3,0,"High School","Moderate","Male",60,1
21,84,"High","High",1,6,61,"Low",1,1,"Medium","High","Private","Negative",4,0,"High School","Moderate","Female",68,0
21,70,"Medium","High",0,6,78,"Medium",1,3,"Medium","Low","Public","Neutral",2,0,"College","Far","Male",65,0
14,73,"High","Medium",0,5,87,"High",1,2,"Medium","Medium","Public","Positive",4,0,"College","Near","Female",67,0
26,79,"Medium","Low",1,5,63,"Medium",1,0,"Low","Medium","Public","Positive",2,0,"High School","Near","Male",66,0
34,61,"Medium","Medium",1,6,67,"High",1,1,"High","Medium","Private","Neutral",2,0,"Postgraduate","Moderate","Male",68,0
20,64,"Low","Medium",1,9,86,"Medium",1,0,"Low","High","Private","Negative",4,0,"High School","Near","Female",63,0
23,87,"High","High",1,10,87,"Medium",1,1,"Medium","Medium","Private","Positive",3,0,"College","Near","Male",73,0
21,77,"Medium","Medium",1,6,60,"Medium",1,1,"Medium","Medium","Private","Neutral",3,0,"College","Moderate","Male",66,0
16,95,"Low","Medium",1,6,69,"Low",1,2,"Low","High","Public","Neutral",3,1,"College","Near","Male",67,0
9,88,"Low","Medium",1,5,93,"Low",1,2,"Medium","Medium","Public","Neutral",4,0,"Postgraduate","Near","Male",66,1
16,60,"Medium","Low",0,8,87,"Low",1,0,"Low","Low","Public","Positive",5,0,"High School","Near","Male",60,1
12,85,"High","High",0,8,58,"Low",1,1,"Low","High","Public","Positive",3,0,"Postgraduate","Near","Male",67,1
30,64,"Medium","Medium",0,7,69,"Medium",1,3,"High","Low","Public","Negative",4,0,"High School","Near","Female",67,0
19,91,"Medium","Medium",1,6,99,"High",1,0,"Medium","Medium","Public","Neutral",2,0,"High School","Near","Female",70,0
18,100,"High","Low",0,9,76,"Low",1,1,"Low","Medium","Public","Positive",2,0,"High School","Near","Female",69,0
25,81,"Medium","Low",1,8,86,"Medium",1,1,"Low","Medium","Public","Negative",3,0,"Postgraduate","Near","Male",68,0
13,87,"High","Low",1,8,55,"High",1,1,"High","High","Private","Positive",3,0,"High School","Near","Female",67,0
15,69,"Medium","High",0,8,92,"Low",1,0,"Low","Medium","Public","Neutral",1,0,"College","Moderate","Male",63,1
20,78,"High","Medium",0,7,80,"High",1,2,"High","Medium","Public","Positive",3,0,"College","Near","Male",70,0
26,94,"Low","Medium",0,6,59,"High",1,4,"Low","Medium","Public","Neutral",3,0,"High School","Near","Female",71,0
23,67,"High","High",1,8,69,"Low",1,1,"High","Medium","Public","Neutral",2,0,"High School","Near","Female",67,1
21,71,"Medium","Medium",0,8,54,"High",1,1,"Medium","Medium","Private","Neutral",3,0,"High School","Near","Male",64,0
20,78,"Low","Medium",0,8,89,"High",0,0,"Medium","Medium","Private","Neutral",4,0,"College","Near","Female",66,0
22,88,"Medium","Medium",1,5,87,"Low",1,1,"Low","High","Public","Neutral",3,0,"Postgraduate","Near","Male",70,0
21,75,"Medium","Low",1,8,75,"High",1,1,"Medium","Medium","Private","Negative",2,0,"High School","Moderate","Male",65,0
14,97,"Low","Medium",1,7,73,"Medium",1,2,"Medium","Low","Public","Positive",3,0,"College","Moderate","Male",68,0
20,64,"Medium","Low",1,6,73,"High",1,3,"Medium","High","Public","Negative",5,0,"Postgraduate","Far","Female",65,0
14,75,"High","Medium",0,8,52,"Medium",1,3,"Medium","Medium","Public","Neutral",1,0,"Postgraduate","Near","Male",65,1
20,88,"Medium","Medium",1,7,68,"Medium",1,0,"Low","High","Public","Positive",4,0,"College","Near","Female",69,0
17,69,"Medium","Medium",0,10,56,"Medium",1,1,"Medium","Medium","Public","Neutral",4,0,"High School","Near","Female",63,1
35,86,"Low","Medium",0,8,59,"Medium",1,2,"Low","Low","Public","Positive",2,0,"College","Moderate","Female",70,0
20,67,"Low","Low",1,7,98,"Medium",1,1,"Medium","Medium","Public","Neutral",4,0,"College","Near","Male",64,0
12,62,"Medium","High",1,7,63,"High",1,1,"High","Medium","Public","Neutral",4,0,"High School","Near","Female",62,0
19,65,"High","High",1,5,74,"Medium",1,1,"Low","Medium","Private","Positive",3,0,"High School","Near","Female",66,0
23,97,"High","Low",1,9,94,"High",1,2,"Low","Medium","Public","Positive",3,0,"High School","Moderate","Male",73,0
30,82,"Medium","High",1,7,71,"Medium",1,3,"Low","High","Public","Neutral",3,0,"Postgraduate","Far","Female",72,0
16,92,"Medium","Medium",1,7,76,"High",0,0,"High","Medium","Private","Neutral",2,0,"Postgraduate","Far","Male",68,0
11,73,"Medium","High",0,5,58,"Medium",0,0,"Medium","Medium","Private","Positive",4,0,"College","Near","Male",62,1
25,84,"Medium","Low",0,8,64,"Medium",1,2,"Low","Medium","Private","Neutral",4,0,"High School","Near","Male",67,0
12,80,"Medium","Low",0,6,75,"Medium",1,1,"Low","High","Public","Negative",4,0,"High School","Moderate","Male",62,0
17,98,"High","High",0,6,68,"Medium",1,2,"Medium","Medium","Public","Positive",3,0,"High School","Near","Male",72,0
18,90,"Low","High",0,7,52,"High",1,2,"Medium","High","Public","Negative",2,0,"High School","Near","Male",67,0
20,89,"High","Medium",1,6,70,"Low",1,1,"Low","Medium","Private","Positive",3,0,"High School","Moderate","Female",68,0
24,62,"Low","High",1,6,91,"Medium",1,2,"Medium","Medium","Public","Neutral",3,0,"High School","Moderate","Female",65,0
16,82,"Medium","Medium",0,7,56,"Low",1,0,"High","High","Private","Negative",1,1,"High School","Far","Female",79,0
18,79,"High","Low",0,9,51,"High",1,2,"Medium","Medium","Private","Positive",3,0,"High School","Near","Male",66,0
20,97,"Medium","Medium",1,8,56,"Low",1,1,"Low","Medium","Private","Neutral",2,0,"High School","Near","Female",68,0
21,70,"Low","Low",1,8,84,"Medium",1,1,"High","High","Public","Positive",3,1,"Postgraduate","Near","Male",65,0
21,71,"Medium","High",1,8,90,"Medium",1,3,"Low","Medium","Public","Neutral",4,0,"High School","Moderate","Female",67,0
23,76,"Medium","High",1,6,52,"Low",1,3,"Medium","Medium","Public","Neutral",4,0,"College","Moderate","Male",67,1
25,70,"Low","Medium",1,9,94,"Medium",1,1,"Medium","Medium","Public","Neutral",4,0,"High School","Moderate","Male",67,0
22,65,"Medium","Medium",1,4,81,"High",1,5,"Medium","Medium","Public","Positive",4,0,"College","Far","Female",68,0
23,94,"Medium","High",0,8,76,"Low",1,3,"Medium","Medium","Public","Positive",3,0,"High School","Moderate","Male",72,0
11,82,"High","Medium",0,8,63,"High",1,1,"Medium","Medium","Public","Neutral",5,0,"High School","Near","Male",65,0
20,94,"Low","Medium",0,7,69,"Low",1,0,"Low","Medium","Public","Positive",3,1,"High School","Moderate","Female",65,0
23,93,"Medium","Medium",1,6,97,"Low",0,1,"Medium","Medium","Public","Positive",2,0,"College","Moderate","Male",70,0
24,71,"Medium","Medium",1,7,96,"Medium",1,2,"Low","Medium","Public","Negative",2,0,"High School","Near","Male",67,0
16,82,"Medium","High",1,6,81,"Medium",1,1,"Medium","Medium","Private","Neutral",4,0,"College","Near","Male",68,0
16,63,"Medium","Medium",0,8,79,"Medium",1,2,"Low","High","Public","Positive",3,0,"College","Moderate","Male",63,1
17,97,"Medium","Medium",1,8,61,"Low",1,2,"Low","Medium","Public","Neutral",2,0,"High School","Near","Male",68,0
23,76,"Medium","High",1,8,98,"Medium",1,0,"Medium","Low","Public","Neutral",2,0,"Postgraduate","Moderate","Female",69,0
26,76,"Low","Low",1,8,88,"Low",1,2,"Low","Low","Public","Positive",4,0,"High School","Near","Male",66,0
18,72,"High","Medium",1,8,69,"High",0,2,"High","Medium","Public","Neutral",4,1,"High School","Far","Female",64,0
25,78,"High","Low",1,8,91,"Medium",1,3,"Low","Medium","Public","Negative",4,0,"High School","Near","Male",69,0
21,70,"Low","Medium",0,6,61,"Medium",1,1,"Low","Medium","Public","Neutral",3,0,"High School","Near","Male",62,0
19,75,"Medium","High",1,5,61,"High",1,0,"Medium","Medium","Public","Negative",3,0,"High School","Near","Female",65,0
19,92,"Medium","Medium",1,7,90,"Medium",1,1,"Low","High","Public","Positive",2,0,"High School","Near","Female",70,0
24,93,"Low","High",1,8,78,"Medium",1,1,"High","Medium","Public","Neutral",4,0,"High School","Near","Female",72,0
22,72,"Medium","Medium",0,5,78,"High",1,1,"Low","High","Public","Positive",3,0,"High School","Near","Female",66,0
34,79,"High","Low",1,7,79,"Low",1,3,"Medium","High","Private","Negative",2,1,"High School","Moderate","Male",70,0
15,95,"Medium","Medium",0,9,56,"Medium",0,3,"Low","High","Public","Positive",1,0,"High School","Near","Male",67,0
23,62,"High","High",1,7,67,"Low",1,1,"Low","Medium","Public","Negative",4,0,"Postgraduate","Moderate","Female",65,1
17,96,"Medium","Low",1,9,79,"Low",0,3,"Medium","Medium","Private","Neutral",2,0,"Postgraduate","Moderate","Male",68,0
15,69,"Low","Medium",1,9,62,"Low",1,2,"Medium","High","Public","Neutral",3,0,"High School","Moderate","Male",62,1
20,87,"Low","Medium",1,7,75,"High",1,1,"Low","Medium","Public","Negative",3,0,"Postgraduate","Near","Male",68,0
21,83,"High","Medium",0,6,78,"Medium",1,2,"High","High","Public","Positive",3,1,"High School","Near","Female",69,0
38,82,"Medium","Low",0,6,97,"Low",1,2,"Low","Medium","Private","Negative",3,0,"College","Near","Male",72,0
19,94,"Low","Medium",0,7,62,"Medium",1,0,"Medium","Medium","Public","Negative",3,1,"High School","Moderate","Male",65,0
13,64,"Medium","High",1,5,72,"Medium",1,2,"Medium","Medium","Private","Neutral",2,0,"Postgraduate","Moderate","Male",63,1
22,74,"High","High",1,5,99,"Medium",1,0,"Low","Medium","Public","Neutral",2,0,"College","Near","Female",68,0
8,82,"High","Low",0,4,59,"Medium",1,1,"Medium","Medium","Public","Neutral",2,0,"College","Near","Male",62,1
19,92,"Medium","Medium",1,7,89,"Medium",0,0,"Low","High","Private","Neutral",2,0,"Postgraduate","Near","Male",69,0
20,69,"Medium","Low",0,10,59,"Medium",1,2,"High","High","Public","Positive",4,0,"High School","Near","Female",65,0
25,92,"High","Medium",0,4,93,"High",1,3,"High","Medium","Public","Neutral",2,0,"High School","Near","Female",74,0
26,76,"High","Low",1,7,74,"Medium",1,4,"Medium","High","Public","Positive",3,0,"High School","Moderate","Female",70,0
17,68,"Medium","Low",1,7,99,"High",1,2,"Medium","Medium","Public","Positive",3,0,"High School","Near","Female",65,0
19,90,"High","High",0,7,59,"Low",1,3,"High","Medium","Public","Neutral",3,0,"College","Moderate","Male",70,0
15,64,"Low","Low",1,9,84,"Low",1,0,"Medium","Medium","Public","Neutral",3,0,"College","Far","Male",59,1
13,81,"Low","Medium",1,6,85,"Low",1,1,"Low","Medium","Private","Neutral",3,0,"High School","Moderate","Male",63,1
22,63,"Low","High",1,4,86,"Low",1,0,"Low","High","Public","Neutral",4,0,"College","Near","Female",64,1
12,74,"Low","High",1,6,55,"High",1,0,"Medium","Low","Public","Positive",3,0,"Postgraduate","Near","Male",63,0
18,84,"High","Low",0,6,64,"Medium",1,2,"Low","High","Public","Positive",2,0,"High School","Near","Female",67,0
14,82,"Medium","Medium",1,4,67,"Medium",1,1,"High","Medium","Public","Neutral",4,0,"High School","Moderate","Female",65,0
23,76,"Medium","Medium",0,7,66,"Medium",1,2,"Medium","Medium","Public","Neutral",3,0,"College","Near","Male",67,0
31,77,"High","Medium",0,5,84,"Medium",1,2,"High","High","Public","Positive",5,0,"High School","Near","Male",73,0
12,69,"High","High",1,7,53,"Low",1,2,"Low","High","Public","Neutral",3,0,"College","Near","Male",64,1
9,78,"Low","High",0,6,87,"Medium",1,0,"Medium","High","Private","Positive",3,0,"Postgraduate","Near","Male",65,0
19,98,"Medium","High",1,5,76,"Medium",1,2,"Medium","Medium","Private","Positive",3,0,"High School","Moderate","Male",72,0
20,94,"High","Medium",0,8,59,"High",1,3,"Medium","Medium","Public","Positive",4,0,"High School","Near","Female",72,0
21,66,"High","Medium",0,7,61,"Medium",1,2,"High","High","Public","Neutral",2,0,"College","Near","Male",66,0
17,61,"High","Medium",1,7,55,"High",1,1,"Medium","Medium","Private","Negative",2,1,"College","Near","Male",62,0
19,97,"Low","Medium",0,8,73,"Medium",1,2,"Medium","Medium","Private","Negative",1,0,"College","Near","Male",68,0
22,81,"Medium","Low",1,7,80,"Low",1,1,"Medium","Medium","Public","Positive",3,0,"College","Moderate","Female",67,0
26,82,"High","Low",0,7,79,"Medium",1,1,"Medium","Medium","Public","Positive",2,1,"Postgraduate","Near","Female",69,0
8,91,"High","Low",0,6,98,"Medium",1,1,"Medium","Medium","Private","Positive",3,0,"High School","Near","Female",67,0
18,73,"Medium","Medium",0,5,65,"Medium",1,1,"Low","High","Public","Negative",3,0,"College","Moderate","Female",63,0
21,79,"Low","Medium",1,7,88,"Low",1,0,"Low","Medium","Private","Negative",4,0,"High School","Moderate","Male",65,0
14,99,"High","Medium",0,6,86,"Low",1,2,"High","High","Private","Negative",4,0,"College","Near","Male",71,0
30,87,"Medium","Medium",0,8,53,"Low",1,1,"Low","High","Private","Neutral",1,0,"Postgraduate","Near","Male",70,0
16,66,"Medium","Medium",1,7,97,"Medium",1,5,"Low","High","Public","Positive",3,0,"Postgraduate","Near","Male",68,0
20,65,"Medium","Medium",1,8,97,"High",1,0,"Low","Medium","Public","Negative",3,0,"College","Near","Female",65,0
23,68,"Medium","High",1,6,70,"Medium",1,4,"Medium","Medium","Public","Positive",2,0,"High School","Near","Male",68,0
16,91,"Medium","Medium",1,5,71,"Medium",1,2,"High","Medium","Public","Negative",3,0,"College","Near","Male",69,0
9,72,"Medium","High",1,10,91,"Medium",0,1,"High","Medium","Public","Neutral",2,0,"High School","Far","Female",62,1
17,61,"Low","High",1,7,75,"Medium",0,2,"Medium","High","Public","Negative",4,0,"College","Near","Female",62,1
26,98,"High","Low",0,8,90,"Low",1,1,"High","Low","Public","Positive",2,1,"Postgraduate","Moderate","Female",72,0
18,67,"High","Medium",0,5,52,"High",1,0,"Medium","Medium","Private","Neutral",4,0,"Postgraduate","Moderate","Male",64,0
15,60,"High","Medium",0,7,63,"Low",1,0,"Low","High","Public","Positive",1,1,"High School","Far","Female",58,1
26,69,"High","Medium",0,9,55,"Low",1,1,"Low","Medium","Public","Neutral",3,0,"College","Near","Male",66,1
18,69,"Medium","Low",1,5,73,"Low",1,1,"Low","High","Public","Positive",4,0,"Postgraduate","Moderate","Male",64,1
17,77,"Medium","High",1,10,93,"Low",1,3,"High","High","Private","Positive",1,0,"College","Far","Female",68,0
21,97,"Low","Low",0,7,78,"Medium",1,0,"High","Medium","Public","Neutral",3,0,"Postgraduate","Near","Female",69,0
25,95,"Low","High",0,6,76,"Medium",1,1,"Low","Medium","Public","Positive",5,0,"High School","Near","Male",71,0
34,78,"Medium","High",1,8,68,"Medium",1,1,"Medium","Medium","Public","Negative",2,0,"College","Near","Male",71,0
25,76,"Medium","Medium",1,9,53,"Medium",1,0,"High","High","Private","Positive",3,0,"High School","Moderate","Male",67,0
27,82,"High","Low",1,6,88,"Medium",1,2,"High","High","Private","Neutral",3,0,"High School","Near","Male",71,0
17,70,"Medium","Medium",1,6,79,"Low",1,2,"Medium","Medium","Public","Positive",3,0,"High School","Near","Female",64,1
14,62,"Medium","Medium",1,7,97,"High",1,0,"Medium","Medium","Public","Positive",1,0,"High School","Moderate","Male",62,0
20,98,"Medium","Medium",0,8,72,"Medium",1,1,"High","Medium","Public","Negative",4,0,"High School","Near","Female",70,0
21,67,"Low","High",0,7,70,"Low",1,2,"Low","Medium","Private","Negative",2,0,"Postgraduate","Moderate","Female",63,1
14,68,"High","Medium",1,8,99,"High",1,0,"High","Medium","Public","Positive",3,0,"High School","Near","Female",66,0
19,79,"Medium","Medium",1,8,57,"Low",1,2,"Low","Low","Public","Positive",3,0,"High School","Moderate","Male",65,1
22,80,"Medium","High",0,7,63,"Medium",1,1,"High","Medium","Public","Positive",3,0,"College","Near","Male",69,0
22,61,"High","Low",1,6,74,"Medium",1,1,"Low","Medium","Public","Negative",3,0,"High School","Near","Male",63,0
23,66,"Medium","Medium",0,7,76,"Low",1,1,"High","Medium","Public","Neutral",2,0,"College","Moderate","Male",64,1
22,75,"Medium","Medium",1,10,77,"High",1,2,"Low","Low","Public","Neutral",2,0,"High School","Near","Male",66,0
17,87,"Medium","Medium",1,7,61,"Medium",1,4,"High","Medium","Public","Negative",3,1,"High School","Near","Female",67,0
17,69,"High","High",1,9,96,"Medium",1,2,"Low","Medium","Public","Negative",3,0,"College","Far","Male",66,0
13,77,"Low","High",0,6,85,"Low",1,2,"Low","Medium","Public","Neutral",4,0,"Postgraduate","Near","Female",65,1
31,82,"High","Medium",1,7,63,"Medium",0,2,"High","Medium","Private","Positive",2,0,"Postgraduate","Moderate","Male",72,0
20,96,"High","Medium",1,8,65,"High",1,0,"Medium","Low","Public","Neutral",2,0,"High School","Near","Female",70,0
19,73,"Medium","Medium",1,9,94,"Medium",1,1,"High","Low","Public","Positive",1,0,"College","Near","Female",67,0
14,65,"Medium","High",0,9,69,"Low",1,4,"Medium","Medium","Public","Neutral",3,0,"College","Near","Male",64,1
38,80,"High","Medium",0,5,78,"Medium",1,1,"Low","Medium","Public","Positive",4,0,"College","Far","Female",72,0
14,90,"Medium","Medium",1,9,56,"Medium",1,0,"Low","Medium","Public","Neutral",4,0,"High School","Near","Female",65,0
17,64,"High","Low",1,10,63,"Medium",1,0,"High","Medium","Public","Positive",3,0,"High School","Moderate","Female",62,1
22,77,"Medium","High",0,6,71,"High",1,3,"Low","Medium","Public","Negative",4,0,"High School","Far","Female",67,0
24,61,"Medium","Medium",0,6,83,"High",1,0,"Medium","Medium","Public","Positive",3,1,"High School","Near","Male",64,0
26,61,"Medium","Medium",0,7,64,"Low",1,0,"Medium","Medium","Private","Negative",3,0,"Postgraduate","Near","Male",63,1
31,79,"Medium","High",0,7,98,"Medium",1,1,"Medium","High","Public","Neutral",2,0,"College","Moderate","Male",72,0
23,72,"Low","Medium",0,6,61,"High",1,1,"High","Medium","Public","Positive",5,0,"High School","Near","Male",66,0
14,94,"High","Medium",1,5,89,"Medium",1,0,"Medium","Medium","Public","Positive",1,0,"Postgraduate","Near","Female",70,0
18,84,"Medium","Low",1,9,68,"Low",1,0,"Medium","High","Private","Negative",2,0,"Postgraduate","Near","Female",66,1
22,78,"High","High",0,6,92,"Low",1,1,"High","High","Public","Positive",3,0,"High School","Moderate","Male",70,0
32,76,"Low","Low",1,6,96,"Low",1,0,"Low","High","Public","Neutral",2,0,"High School","Moderate","Female",67,0
12,80,"Medium","Medium",1,7,59,"High",1,1,"Low","High","Public","Positive",2,0,"High School","Near","Female",64,0
27,62,"High","Medium",0,5,75,"Medium",1,2,"Medium","High","Public","Positive",2,0,"High School","Near","Male",67,0
21,96,"High","High",1,5,58,"Medium",1,0,"High","High","Public","Neutral",4,0,"College","Far","Male",72,0
25,100,"High","Low",0,6,85,"Low",1,1,"Medium","Medium","Public","Positive",3,0,"High School","Near","Male",72,0
19,67,"High","Medium",1,8,92,"Low",1,2,"High","Medium","Public","Neutral",5,0,"Postgraduate","Moderate","Female",68,1
15,65,"Medium","Medium",1,7,69,"Medium",1,1,"High","Medium","Public","Neutral",3,0,"Postgraduate","Near","Female",64,1
25,66,"High","Medium",1,4,70,"Medium",0,1,"High","Medium","Public","Positive",3,0,"High School","Moderate","Male",66,0
24,86,"Low","High",0,9,60,"Medium",1,0,"Low","High","Private","Positive",3,0,"College","Far","Male",68,0
26,86,"Low","Low",0,8,65,"Low",1,0,"Low","High","Public","Neutral",4,0,"High School","Near","Female",66,0
20,94,"Low","High",1,7,66,"High",1,1,"Low","High","Private","Positive",1,0,"High School","Near","Female",70,0
16,90,"High","High",1,7,58,"High",1,1,"Low","Medium","Public","Neutral",4,0,"Postgraduate","Near","Female",70,0
11,78,"Low","High",1,8,65,"Medium",1,0,"Medium","Medium","Private","Neutral",2,0,"High School","Near","Female",62,1
25,85,"Low","Medium",1,10,95,"Medium",1,0,"Medium","Low","Public","Positive",1,0,"College","Near","Male",69,0
23,88,"Medium","Medium",1,8,66,"Low",1,2,"Medium","High","Private","Positive",2,0,"College","Moderate","Male",69,0
14,81,"Medium","Medium",1,7,64,"Medium",1,2,"Medium","Medium","Public","Positive",4,1,"College","Near","Male",66,0
17,79,"High","High",0,5,69,"Medium",1,4,"Low","Medium","Public","Negative",3,0,"Postgraduate","Near","Female",68,0
17,86,"Medium","High",0,7,98,"Medium",1,2,"Low","High","Public","Positive",5,0,"Postgraduate","Moderate","Male",71,0
11,82,"Medium","Medium",1,8,88,"Medium",0,1,"Low","Medium","Private","Negative",2,0,"Postgraduate","Moderate","Female",64,0
15,86,"Low","High",0,7,60,"Medium",1,2,"Medium","Medium","Public","Positive",3,0,"College","Near","Male",67,0
13,85,"Medium","High",1,6,88,"Medium",1,2,"Medium","High","Public","Positive",3,0,"High School","Moderate","Female",68,0
18,89,"Low","High",1,8,88,"Low",1,0,"High","Medium","Public","Negative",1,0,"High School","Moderate","Male",67,0
16,86,"Medium","Medium",0,6,98,"High",1,1,"Low","Medium","Public","Neutral",3,0,"Postgraduate","Near","Male",68,0
10,81,"Medium","High",1,8,95,"Medium",1,5,"Low","High","Public","Positive",3,0,"High School","Near","Female",69,0
32,87,"Medium","High",1,6,55,"Medium",1,0,"Low","High","Public","Neutral",3,0,"High School","Near","Male",71,0
28,78,"High","Low",1,4,73,"Low",0,3,"Low","Medium","Private","Positive",4,0,"High School","Moderate","Female",68,0
15,70,"High","High",0,6,85,"High",1,0,"Low","Medium","Private","Positive",2,0,"College","Moderate","Male",65,0
22,60,"Low","Medium",0,7,99,"Medium",1,1,"Low","High","Public","Neutral",3,0,"College","Moderate","Male",63,0
23,82,"Low","Medium",1,8,54,"Medium",1,0,"Medium","High","Public","Negative",1,0,"High School","Near","Female",65,0
27,84,"High","High",0,8,68,"Low",1,3,"Low","High","Private","Positive",2,1,"Postgraduate","Near","Female",72,0
15,99,"Low","Medium",1,5,75,"Low",1,2,"Medium","Low","Public","Neutral",1,0,"College","Moderate","Male",67,0
27,74,"Medium","High",0,7,71,"Medium",1,1,"Medium","Medium","Public","Positive",3,0,"High School","Near","Female",69,0
17,76,"Medium","Medium",0,6,73,"Medium",1,3,"Low","High","Private","Neutral",3,0,"Postgraduate","Near","Male",67,0
12,68,"High","Medium",1,6,68,"Low",1,2,"Medium","Medium","Public","Positive",4,0,"College","Near","Male",64,1
24,63,"Medium","Low",0,6,99,"Low",0,0,"Low","Medium","Public","Positive",3,0,"High School","Moderate","Female",62,1
28,91,"Low","Medium",0,7,90,"Medium",1,2,"High","Low","Private","Neutral",3,0,"High School","Near","Male",71,0
36,70,"Low","High",0,10,87,"Medium",1,2,"Low","Medium","Public","Positive",3,0,"High School","Near","Male",70,0
13,84,"Low","Medium",0,10,71,"Low",1,1,"Medium","High","Public","Neutral",3,0,"College","Moderate","Male",64,1
24,88,"Medium","Medium",1,6,94,"Medium",1,0,"Low","Medium","Private","Negative",2,0,"Postgraduate","Moderate","Male",69,0
18,79,"Medium","Medium",1,7,55,"Medium",1,1,"Low","High","Public","Positive",3,0,"High School","Moderate","Female",65,0
25,95,"High","High",1,7,57,"Medium",1,2,"High","Medium","Private","Negative",2,0,"College","Moderate","Female",73,0
11,78,"Medium","Low",1,7,98,"Low",1,2,"Medium","Medium","Public","Neutral",3,0,"High School","Near","Female",64,1
12,71,"Medium","High",1,8,78,"Low",1,2,"Medium","Medium","Public","Negative",2,0,"Postgraduate","Near","Female",64,1
15,96,"Medium","Medium",1,7,58,"Medium",1,3,"Medium","Medium","Public","Neutral",4,0,"Postgraduate","Moderate","Male",70,0
20,94,"Low","Low",1,6,97,"Low",1,2,"Medium","Medium","Public","Positive",5,0,"College","Near","Male",70,0
16,67,"High","High",0,9,99,"Medium",1,2,"Medium","Medium","Public","Neutral",2,1,"High School","Moderate","Male",64,0
24,61,"Low","Medium",0,5,94,"Medium",1,3,"Medium","High","Private","Neutral",2,1,"College","Moderate","Female",64,0
26,64,"Medium","Medium",1,7,62,"High",1,3,"Medium","High","Private","Negative",2,0,"High School","Near","Male",66,0
24,71,"Low","High",1,5,64,"Medium",1,1,"Medium","Medium","Public","Neutral",3,0,"College","Near","Male",66,0
30,99,"Medium","Medium",1,5,70,"Low",1,2,"Medium","Medium","Public","Neutral",4,0,"High School","Near","Female",74,0
22,82,"High","High",0,8,79,"Medium",0,2,"Medium","Medium","Public","Negative",1,0,"College","Near","Female",69,0
13,75,"Low","High",1,6,100,"High",1,1,"Medium","Medium","Public","Positive",3,0,"Postgraduate","Near","Male",67,0
28,96,"Medium","Medium",0,4,98,"High",1,5,"Low","Medium","Public","Neutral",5,1,"High School","Far","Male",73,0
16,78,"Low","Medium",0,6,96,"High",1,0,"Medium","Medium","Public","Positive",1,0,"Postgraduate","Near","Female",66,0
25,73,"High","Medium",0,6,54,"High",1,2,"Medium","Medium","Public","Neutral",4,0,"High School","Moderate","Female",67,0
29,98,"Medium","High",1,5,88,"Low",1,3,"Low","Medium","Public","Neutral",2,0,"College","Near","Male",75,0
23,94,"Medium","High",1,8,94,"Low",1,2,"Medium","High","Public","Positive",2,0,"High School","Near","Male",73,0
11,94,"Medium","Medium",0,5,67,"Medium",1,2,"High","Medium","Public","Neutral",5,0,"High School","Near","Female",67,0
14,80,"High","Low",1,6,61,"Medium",1,0,"Medium","High","Public","Neutral",4,0,"College","Moderate","Female",65,0
28,92,"Medium","Medium",1,7,87,"Low",1,1,"Low","Low","Public","Positive",1,0,"High School","Near","Female",71,0
19,67,"Medium","Medium",1,6,55,"Low",1,1,"Medium","Medium","Public","Neutral",4,0,"High School","Near","Male",63,1
20,83,"Medium","Low",1,6,97,"High",1,2,"Low","High","Public","Neutral",4,0,"High School","Moderate","Female",68,0
25,99,"Medium","High",0,6,58,"High",1,0,"Medium","Medium","Private","Positive",4,0,"High School","Near","Male",72,0
24,72,"Low","High",1,5,73,"Low",1,2,"Medium","High","Public","Positive",2,0,"High School","Near","Male",67,0
22,92,"Medium","High",0,6,99,"Low",1,1,"Medium","Medium","Public","Negative",4,0,"College","Near","Female",71,0
19,80,"Low","Low",0,8,99,"High",1,1,"Low","Medium","Public","Positive",4,0,"Postgraduate","Near","Male",67,0
18,62,"Medium","High",1,6,89,"Medium",1,0,"High","High","Private","Positive",3,0,"Postgraduate","Near","Female",66,0
25,91,"Medium","High",0,7,92,"Medium",1,3,"Low","Medium","Public","Negative",5,0,"High School","Near","Male",72,0
23,67,"Low","Low",0,9,98,"Medium",1,2,"Low","High","Public","Negative",0,0,"College","Near","Female",64,0
18,85,"Medium","Medium",0,8,96,"Medium",1,0,"High","High","Public","Negative",3,0,"College","Moderate","Male",68,0
26,63,"High","High",0,5,81,"Medium",1,0,"Low","Medium","Public","Negative",2,0,"High School","Moderate","Female",65,0
19,98,"Medium","High",1,8,87,"High",1,1,"Medium","Medium","Private","Positive",4,0,"Postgraduate","Moderate","Male",74,0
15,72,"Medium","Low",1,9,80,"Medium",1,4,"Medium","High","Private","Neutral",4,0,"College","Moderate","Female",65,0
15,69,"High","Low",1,6,75,"Medium",0,2,"Low","High","Public","Positive",2,0,"High School","Near","Female",63,1
14,65,"Medium","Medium",1,5,94,"Medium",1,5,"Low","Medium","Private","Negative",3,0,"Postgraduate","Moderate","Male",65,0
18,98,"Low","High",1,6,87,"Medium",1,0,"Medium","Medium","Public","Neutral",1,0,"High School","Near","Male",70,0
27,88,"Medium","High",1,7,93,"Medium",1,0,"Low","Medium","Public","Neutral",4,0,"High School","Moderate","Male",71,0
15,90,"Medium","Medium",1,8,55,"Medium",1,1,"Low","Medium","Public","Neutral",1,0,"College","Near","Female",66,0
21,80,"Medium","Medium",1,6,79,"Low",1,2,"Medium","High","Public","Positive",3,0,"College","Near","Male",69,0
16,79,"Medium","High",1,4,66,"High",1,2,"Medium","Medium","Public","Neutral",2,0,"College","Moderate","Male",67,0
18,64,"Medium","High",1,5,76,"Low",1,1,"Low","Medium","Public","Positive",4,0,"High School","Moderate","Male",64,1
11,82,"High","High",0,8,81,"High",1,2,"Low","High","Public","Positive",2,0,"High School","Moderate","Female",67,0
19,70,"Medium","High",1,10,92,"Medium",1,1,"Low","High","Public","Positive",4,0,"High School","Near","Male",67,0
19,99,"High","Medium",0,7,52,"Medium",1,1,"Medium","Medium","Public","Neutral",4,0,"High School","Near","Male",70,0
23,92,"High","High",0,9,58,"Medium",1,2,"Low","Medium","Private","Neutral",1,0,"Postgraduate","Near","Female",71,0
21,77,"Medium","Low",1,5,96,"High",1,2,"Low","High","Private","Neutral",5,0,"High School","Near","Female",68,0
13,66,"High","High",0,6,98,"Low",1,1,"High","High","Public","Positive",2,0,"High School","Near","Male",65,1
27,91,"Medium","Medium",0,4,53,"Medium",1,1,"Low","Medium","Private","Positive",3,0,"Postgraduate","Near","Female",70,0
21,65,"Medium","High",1,8,67,"Low",0,1,"Low","Medium","Public","Positive",4,0,"High School","Near","Female",64,1
21,68,"High","High",1,6,50,"High",1,3,"Medium","Low","Private","Neutral",4,0,"High School","Near","Male",67,0
20,68,"Low","Low",0,8,88,"Medium",1,5,"Low","Low","Private","Neutral",3,0,"High School","Moderate","Male",63,0
17,82,"Medium","Low",1,6,84,"High",1,2,"Low","Low","Public","Negative",3,0,"High School","Moderate","Female",65,0
21,91,"Medium","Medium",1,10,78,"High",1,2,"Low","High","Public","Negative",2,0,"High School","Near","Male",70,0
23,73,"Medium","High",0,10,85,"Medium",1,1,"Low","Medium","Public","Neutral",3,0,"College","Near","Male",67,0
10,63,"Medium","High",0,4,77,"Low",0,3,"Low","Medium","Private","Neutral",3,0,"High School","Near","Male",60,1
17,79,"Low","High",0,8,62,"Low",1,1,"Low","Medium","Public","Neutral",3,0,"High School","Near","Female",64,1
18,90,"Low","Medium",0,6,88,"Low",1,1,"Medium","Medium","Private","Negative",1,0,"High School","Moderate","Female",65,0
22,69,"Medium","Medium",0,8,89,"Low",0,0,"Low","High","Public","Positive",5,0,"High School","Moderate","Female",64,1
27,69,"Medium","Low",1,5,93,"Medium",1,1,"Medium","Medium","Public","Positive",4,0,"College","Moderate","Male",67,0
15,98,"Medium","Medium",1,9,98,"High",1,0,"Medium","Medium","Private","Positive",3,0,"High School","Near","Female",71,0
17,98,"Medium","Medium",0,9,87,"Low",1,0,"High","Medium","Private","Positive",3,0,"High School","Moderate","Female",69,0
17,100,"Medium","High",1,5,53,"Low",1,1,"Medium","High","Public","Positive",4,0,"High School","Near","Male",70,0
15,92,"Medium","Medium",1,7,51,"Medium",1,1,"High","High","Public","Positive",3,0,"College","Near","Female",69,0
18,68,"High","High",1,7,87,"High",1,3,"Medium","Medium","Public","Positive",4,0,"High School","Near","Male",69,0
25,68,"Low","Medium",1,8,53,"Low",1,2,"Medium","Medium","Public","Neutral",3,0,"College","Moderate","Female",64,1
14,74,"Low","Medium",1,7,66,"Medium",1,0,"Medium","High","Private","Negative",3,0,"Postgraduate","Near","Male",63,1
23,73,"High","Medium",0,8,57,"Medium",1,3,"Medium","Medium","Public","Positive",2,0,"College","Near","Male",67,0
10,98,"Medium","Medium",0,7,98,"Low",0,0,"Medium","Medium","Public","Neutral",3,0,"College","Moderate","Female",66,0
17,92,"Medium","High",1,8,66,"Medium",1,2,"Low","Medium","Public","Positive",3,0,"High School","Near","Female",69,0
18,89,"Medium","Medium",0,5,53,"Medium",1,5,"Low","High","Private","Neutral",4,0,"College","Near","Male",69,0
30,67,"Medium","Medium",0,7,97,"High",1,2,"High","Medium","Public","Neutral",3,1,"High School","Near","Male",69,0
18,96,"Medium","High",1,9,80,"High",1,1,"Low","Medium","Public","Positive",3,0,"College","Near","Male",72,0
7,93,"High","High",1,9,52,"High",1,1,"Medium","Low","Private","Negative",3,0,"High School","Moderate","Female",65,0
8,67,"Medium","Medium",1,7,92,"Medium",1,0,"High","High","Private","Positive",2,0,"College","Near","Male",63,1
20,95,"Medium","Medium",0,7,58,"Low",1,1,"Low","High","Public","Neutral",4,0,"College","Near","Male",69,0
24,71,"High","Medium",1,9,90,"Low",1,3,"Medium","High","Private","Neutral",3,0,"College","Near","Male",69,0
22,63,"Medium","Low",1,7,80,"Medium",1,2,"High","High","Private","Negative",2,0,"College","Moderate","Female",64,0
21,86,"Medium","Low",1,9,59,"High",1,2,"Medium","High","Private","Positive",3,0,"College","Near","Male",69,0
27,86,"Medium","High",0,7,88,"Medium",1,1,"Medium","Medium","Private","Neutral",3,0,"Postgraduate","Moderate","Male",72,0
17,64,"Medium","Low",0,7,73,"High",1,1,"Low","Medium","Public","Neutral",4,0,"College","Near","Male",62,0
25,73,"High","Medium",1,5,82,"Low",0,1,"Medium","Medium","Private","Positive",3,1,"High School","Near","Male",66,0
10,100,"Low","Medium",0,5,93,"Low",1,2,"Medium","Low","Public","Neutral",1,0,"High School","Far","Female",65,0
15,87,"High","High",1,8,63,"Medium",1,0,"High","Medium","Public","Neutral",3,0,"College","Near","Female",69,0
9,89,"Medium","Low",0,10,68,"High",1,1,"High","High","Public","Negative",3,0,"High School","Near","Female",65,0
18,69,"High","Medium",1,7,100,"Medium",1,3,"Medium","High","Public","Negative",2,0,"High School","Near","Male",67,0
20,63,"Low","Medium",1,7,75,"Low",1,2,"Medium","High","Public","Neutral",2,0,"High School","Near","Female",63,1
21,71,"High","Medium",0,9,78,"Low",1,2,"Medium","Medium","Public","Neutral",4,0,"High School","Near","Male",66,1
20,70,"Low","Medium",0,8,64,"Low",1,0,"Low","Low","Private","Positive",3,0,"High School","Far","Male",61,1
14,69,"High","Medium",1,4,71,"Medium",1,1,"Medium","Medium","Public","Positive",4,0,"High School","Near","Female",64,1
19,68,"Medium","Low",1,8,75,"Low",1,1,"Medium","Medium","Private","Neutral",4,0,"Postgraduate","Near","Male",64,1
11,83,"Medium","Medium",1,5,63,"Medium",1,2,"Low","Medium","Public","Neutral",3,0,"College","Near","Male",65,0
28,73,"Medium","Low",0,7,62,"Medium",1,3,"High","Medium","Public","Neutral",3,0,"Postgraduate","Moderate","Female",68,0
18,93,"Low","High",1,6,80,"Medium",1,1,"Medium","Medium","Private","Negative",3,0,"High School","Near","Male",69,0
17,67,"Medium","Medium",0,6,59,"Medium",1,0,"Medium","Medium","Public","Negative",3,0,"High School","Near","Female",61,1
30,79,"Medium","High",0,7,78,"Medium",0,3,"High","High","Private","Positive",2,0,"Postgraduate","Moderate","Female",72,0
13,61,"Medium","Low",1,8,85,"Medium",1,4,"Low","Medium","Private","Neutral",3,0,"College","Moderate","Male",61,1
13,79,"High","High",0,7,60,"Medium",1,1,"Low","High","Private","Neutral",4,0,"College","Moderate","Male",66,0
13,62,"Low","Medium",1,9,87,"Medium",1,1,"Low","Medium","Public","Negative",1,0,"College","Moderate","Male",60,1
20,99,"Medium","Low",0,9,68,"Low",1,1,"Low","High","Public","Positive",3,0,"Postgraduate","Far","Male",69,0
23,92,"Medium","High",0,9,100,"Medium",1,1,"High","High","Public","Neutral",2,1,"College","Near","Male",72,0
24,80,"Medium","High",1,7,99,"Low",1,2,"Medium","Medium","Public","Negative",2,0,"High School","Moderate","Female",69,0
35,63,"High","High",1,6,90,"Low",1,0,"Medium","Medium","Public","Positive",3,0,"College","Near","Male",71,0
7,84,"Medium","High",0,7,67,"Medium",1,1,"Medium","Medium","Private","Neutral",3,0,"College","Near","Male",64,1
24,90,"Low","Low",1,9,97,"High",1,3,"Low","Medium","Public","Positive",4,0,"High School","Near","Male",71,0
17,68,"Low","Medium",1,9,100,"High",1,1,"Medium","High","Public","Negative",3,0,"High School","Moderate","Male",64,0
16,83,"Medium","Medium",1,4,73,"High",1,3,"Low","Low","Public","Negative",3,0,"College","Near","Female",67,0
16,93,"Medium","Low",1,7,81,"Medium",1,2,"Low","Medium","Private","Negative",3,1,"Postgraduate","Moderate","Male",67,0
15,91,"Low","High",1,4,50,"High",1,1,"Medium","Medium","Public","Neutral",3,0,"High School","Moderate","Female",66,0
30,92,"Low","Medium",1,7,52,"Medium",1,3,"High","Medium","Private","Positive",4,0,"College","Near","Male",73,0
25,95,"Medium","High",1,6,75,"Medium",1,1,"Medium","Medium","Private","Positive",4,0,"High School","Moderate","Male",73,0
20,98,"Medium","Medium",0,6,80,"Medium",1,0,"Medium","Medium","Public","Positive",2,0,"College","Moderate","Male",70,0
28,76,"Low","Medium",1,8,66,"Medium",1,5,"High","Low","Public","Positive",4,0,"College","Moderate","Male",70,0
11,83,"Medium","Low",1,6,55,"Low",1,0,"Low","Medium","Public","Positive",4,1,"Postgraduate","Near","Female",62,1
12,92,"High","Low",1,7,89,"Medium",1,1,"Medium","High","Private","Neutral",2,0,"Postgraduate","Moderate","Male",68,0
7,88,"High","High",1,6,71,"Medium",1,0,"Low","Medium","Public","Positive",3,0,"High School","Moderate","Female",65,0
16,100,"High","High",1,7,82,"Medium",1,2,"High","Medium","Public","Positive",2,0,"High School","Near","Male",73,0
21,61,"High","Medium",1,8,83,"High",0,1,"Low","Medium","Private","Neutral",3,0,"College","Near","Female",65,0
21,74,"Medium","High",1,6,77,"High",0,0,"Medium","Medium","Public","Neutral",3,0,"College","Near","Male",66,0
21,71,"Low","Medium",1,8,59,"Medium",1,3,"Low","Medium","Public","Neutral",3,0,"College","Moderate","Male",64,0
12,70,"Medium","High",0,7,81,"High",1,0,"Low","Medium","Public","Positive",3,0,"High School","Near","Male",63,0
25,69,"Medium","Medium",0,7,66,"Medium",0,0,"Low","Low","Public","Neutral",3,1,"College","Near","Male",62,0
21,88,"High","Medium",1,6,91,"Low",1,0,"Low","Medium","Private","Neutral",4,0,"Postgraduate","Moderate","Female",70,0
24,63,"Medium","Medium",0,8,60,"Medium",1,3,"High","Medium","Public","Neutral",3,0,"High School","Near","Male",65,0
9,90,"Medium","Medium",1,8,65,"Medium",1,0,"Medium","Medium","Private","Neutral",5,0,"High School","Far","Male",64,0
22,88,"Medium","Medium",0,7,72,"Low",1,4,"High","Medium","Public","Negative",2,0,"Postgraduate","Near","Male",70,0
13,70,"Medium","Medium",0,7,87,"Medium",1,1,"Low","Low","Public","Neutral",5,0,"High School","Near","Male",62,1
18,70,"Medium","Medium",0,8,86,"Medium",1,5,"High","Medium","Public","Positive",2,0,"High School","Near","Female",67,0
23,85,"Medium","Low",0,8,67,"Low",1,1,"Medium","Medium","Private","Neutral",3,0,"Postgraduate","Far","Female",66,0
21,90,"High","High",1,7,76,"High",1,2,"High","High","Public","Positive",3,0,"College","Moderate","Female",74,0
15,95,"Medium","High",1,9,62,"Medium",1,2,"Medium","Medium","Public","Positive",3,0,"High School","Far","Male",69,0
20,94,"Medium","High",1,8,89,"Low",1,0,"Medium","Medium","Public","Positive",4,1,"High School","Moderate","Female",70,0
11,99,"Medium","Medium",0,10,60,"Medium",1,1,"High","Medium","Public","Positive",1,0,"College","Near","Female",68,0
27,83,"Medium","Low",0,5,91,"Medium",1,3,"Low","Medium","Public","Neutral",2,0,"Postgraduate","Near","Male",70,0
19,96,"Medium","Medium",1,8,97,"Medium",1,3,"Medium","Medium","Public","Negative",2,0,"High School","Near","Male",71,0
27,92,"Medium","Low",1,9,100,"High",1,2,"Medium","High","Public","Positive",0,0,"Postgraduate","Moderate","Female",73,0
17,96,"Medium","Medium",0,9,93,"Low",1,3,"Medium","Medium","Private","Neutral",2,0,"High School","Far","Male",69,0
17,60,"Low","Low",1,7,61,"Medium",1,1,"Low","Medium","Public","Positive",4,0,"Postgraduate","Near","Female",61,1
15,99,"Medium","Medium",1,5,71,"Medium",1,0,"Medium","Medium","Public","Neutral",2,0,"College","Moderate","Male",68,0
25,79,"Medium","Low",1,9,54,"Medium",1,1,"Low","Medium","Private","Positive",2,0,"Postgraduate","Far","Male",66,0
16,92,"High","Low",1,6,58,"Low",1,0,"High","Medium","Private","Positive",4,0,"High School","Near","Female",67,1
24,65,"Low","High",1,7,52,"Medium",1,1,"High","Medium","Public","Neutral",1,0,"Postgraduate","Moderate","Female",64,0
18,76,"Low","High",1,10,82,"High",1,1,"Medium","Medium","Private","Negative",4,0,"College","Near","Male",67,0
8,71,"High","Medium",1,5,77,"Medium",0,0,"High","Medium","Public","Neutral",4,0,"High School","Moderate","Female",61,1
17,72,"Low","Medium",0,8,96,"High",1,2,"Low","High","Public","Neutral",3,0,"High School","Near","Male",65,0
13,65,"Low","High",1,6,73,"Medium",1,0,"Low","Medium","Private","Positive",3,0,"Postgraduate","Near","Female",62,1
20,92,"Low","High",0,6,82,"Medium",1,0,"Medium","Medium","Public","Neutral",5,0,"High School","Near","Female",69,0
13,60,"High","High",0,7,70,"Medium",1,1,"Medium","Medium","Public","Negative",3,0,"College","Far","Female",61,1
26,73,"High","Medium",0,8,91,"Medium",1,4,"Low","Low","Public","Neutral",5,0,"High School","Moderate","Male",69,0
19,67,"Medium","Low",0,8,96,"High",0,1,"High","Low","Public","Positive",3,0,"College","Near","Male",64,0
19,84,"Medium","Low",0,9,72,"High",1,1,"Low","Medium","Public","Positive",3,0,"High School","Far","Female",65,0
24,70,"Medium","High",0,6,54,"Low",1,1,"High","Medium","Public","Neutral",1,0,"High School","Moderate","Female",64,1
26,70,"High","High",1,5,58,"Medium",1,1,"Low","Low","Private","Positive",3,0,"Postgraduate","Moderate","Male",68,0
20,80,"Low","Medium",1,6,86,"High",1,1,"Low","Medium","Private","Positive",3,0,"High School","Near","Female",67,0
15,86,"High","Medium",1,8,66,"Low",1,0,"Medium","High","Private","Positive",5,0,"College","Near","Male",68,1
9,65,"Low","Medium",1,7,89,"Medium",1,2,"Low","Medium","Public","Positive",4,0,"High School","Moderate","Male",61,1
16,67,"Medium","High",1,4,87,"High",1,5,"High","High","Public","Positive",4,0,"College","Near","Male",69,0
16,70,"Low","High",1,4,85,"High",1,0,"Medium","Medium","Private","Neutral",3,0,"High School","Near","Male",64,0
21,99,"High","Medium",1,7,91,"Medium",0,3,"Medium","Medium","Public","Positive",4,0,"College","Near","Male",74,0
18,76,"Medium","Medium",0,8,88,"Low",1,1,"Medium","Medium","Public","Neutral",4,0,"College","Near","Female",66,1
24,84,"Medium","Medium",0,6,82,"Medium",1,1,"Medium","Medium","Public","Negative",2,0,"High School","Near","Male",68,0
16,70,"Medium","High",1,8,50,"High",1,3,"High","Medium","Private","Neutral",3,0,"Postgraduate","Far","Male",65,0
20,80,"Medium","High",1,5,76,"Medium",0,0,"Low","Medium","Private","Negative",3,0,"College","Near","Female",66,0
27,63,"High","Low",0,7,80,"Medium",0,2,"Medium","High","Public","Positive",2,0,"High School","Near","Female",66,0
22,61,"Medium","Low",0,7,98,"High",1,3,"High","Low","Private","Neutral",2,0,"College","Near","Female",65,0
20,79,"Medium","Medium",0,8,83,"Medium",1,3,"Low","Medium","Private","Neutral",4,0,"College","Moderate","Male",67,0
16,76,"Low","Medium",1,5,79,"Medium",1,0,"Low","High","Public","Positive",4,0,"Postgraduate","Moderate","Female",65,0
16,65,"Medium","Medium",0,5,77,"Medium",1,1,"High","High","Public","Positive",3,0,"High School","Moderate","Male",63,1
15,88,"High","Medium",0,8,55,"Medium",1,1,"High","High","Private","Neutral",2,0,"High School","Near","Male",67,0
17,100,"Medium","High",1,5,71,"Low",1,2,"Low","Medium","Public","Neutral",4,0,"High School","Near","Male",70,0
25,76,"High","High",1,6,57,"Low",0,0,"Medium","Medium","Public","Positive",3,0,"Postgraduate","Moderate","Male",68,0
19,85,"Medium","Medium",1,9,53,"High",1,1,"Medium","Medium","Public","Neutral",3,0,"College","Far","Male",66,0
12,99,"Medium","Medium",1,7,66,"Low",1,3,"Medium","Low","Private","Negative",1,0,"Postgraduate","Moderate","Female",67,0
31,93,"Medium","Low",0,8,82,"Low",1,2,"High","High","Private","Neutral",1,0,"High School","Near","Male",72,0
22,79,"High","High",1,8,93,"Medium",1,0,"Medium","Medium","Private","Negative",2,1,"High School","Near","Female",68,0
12,89,"Medium","High",0,8,91,"Medium",0,1,"Low","High","Public","Neutral",2,0,"High School","Near","Male",66,0
17,65,"Medium","Medium",0,7,65,"Medium",1,0,"High","Medium","Private","Neutral",4,0,"High School","Moderate","Male",62,1
21,80,"High","Low",1,6,52,"Medium",1,1,"Low","Medium","Public","Negative",4,0,"High School","Near","Male",65,0
30,71,"High","Low",0,10,70,"Low",1,3,"Medium","Medium","Public","Neutral",4,1,"High School","Near","Female",67,0
13,66,"Medium","Medium",1,7,66,"Low",1,3,"Medium","Medium","Public","Negative",2,0,"College","Near","Female",62,1
26,77,"Medium","Low",1,7,69,"Low",1,1,"High","Medium","Public","Neutral",3,1,"High School","Near","Female",66,0
28,65,"Medium","Medium",0,8,78,"High",0,1,"High","Medium","Private","Positive",3,0,"College","Near","Female",67,0
16,88,"Medium","Medium",1,6,52,"Medium",1,2,"High","High","Public","Positive",3,0,"High School","Near","Female",68,0
18,78,"Medium","Medium",1,6,69,"Medium",1,1,"Medium","Medium","Public","Negative",4,0,"Postgraduate","Moderate","Female",66,0
14,81,"High","High",0,9,78,"Medium",1,0,"Medium","Medium","Private","Positive",4,0,"College","Near","Female",68,0
19,66,"Low","Medium",0,6,72,"Medium",1,2,"Low","Medium","Public","Negative",5,0,"High School","Near","Male",62,0
20,66,"Medium","High",0,8,83,"Medium",1,1,"Low","Medium","Public","Neutral",2,1,"College","Near","Male",64,0
24,83,"High","Low",0,8,59,"Medium",1,1,"Low","Medium","Public","Positive",3,0,"High School","Near","Male",68,0
27,99,"Low","Low",1,7,58,"Low",1,2,"Medium","Medium","Private","Positive",2,0,"Postgraduate","Moderate","Male",71,0
16,64,"Medium","Medium",0,7,65,"Medium",1,2,"Medium","High","Public","Neutral",4,0,"High School","Near","Male",63,1
8,71,"High","Medium",0,8,55,"High",1,1,"Low","High","Public","Positive",2,0,"College","Moderate","Male",62,1
20,95,"High","Low",1,7,62,"Low",1,1,"Low","Low","Private","Positive",3,0,"College","Near","Male",69,0
22,63,"Medium","Medium",1,4,54,"Medium",1,0,"Medium","Medium","Private","Positive",3,0,"High School","Moderate","Male",62,1
21,95,"Low","Medium",1,9,70,"Medium",1,3,"High","Medium","Public","Positive",3,0,"High School","Near","Female",71,0
18,81,"Low","High",1,6,86,"Medium",1,3,"Low","Medium","Public","Positive",4,0,"College","Near","Male",69,0
21,76,"Medium","Medium",1,7,64,"Low",1,1,"Medium","High","Private","Positive",2,0,"High School","Moderate","Male",66,1
29,72,"Low","Medium",0,5,50,"Low",1,0,"Low","Medium","Public","Neutral",4,0,"High School","Near","Female",64,1
22,72,"Low","High",0,6,78,"Low",0,1,"Low","High","Public","Neutral",3,0,"Postgraduate","Near","Male",65,1
18,72,"High","High",0,6,85,"High",1,1,"High","High","Private","Positive",1,0,"High School","Moderate","Male",68,0
17,95,"High","Medium",0,7,70,"High",1,1,"Low","Medium","Public","Neutral",3,0,"High School","Near","Male",69,0
19,89,"High","Medium",1,6,65,"Low",1,2,"Low","Medium","Public","Neutral",3,1,"Postgraduate","Near","Male",68,0
30,87,"Low","Medium",1,10,75,"Low",1,3,"Low","Low","Public","Neutral",4,0,"College","Near","Male",71,0
19,92,"Low","Medium",0,7,55,"Medium",1,1,"Medium","Medium","Public","Neutral",5,0,"High School","Far","Male",66,0
20,70,"High","Low",0,8,82,"Medium",1,2,"Low","High","Private","Positive",3,0,"High School","Moderate","Male",65,0
17,85,"High","Medium",1,7,87,"Medium",1,1,"Low","Medium","Private","Neutral",1,0,"High School","Near","Female",68,0
27,78,"High","High",0,8,85,"Medium",1,0,"High","Medium","Public","Positive",3,0,"College","Near","Male",72,0
32,91,"High","Medium",1,4,66,"Medium",1,3,"Low","High","Public","Neutral",2,0,"Postgraduate","Near","Female",75,0
23,72,"High","Low",1,6,92,"Low",1,2,"High","Medium","Public","Negative",3,0,"College","Near","Male",67,0
20,86,"Medium","Medium",0,6,97,"Low",1,1,"Low","Medium","Private","Neutral",2,0,"High School","Moderate","Male",67,0
20,95,"Medium","Medium",0,6,65,"High",1,2,"Low","Medium","Public","Neutral",3,0,"College","Near","Female",70,0
6,76,"Medium","Medium",1,8,63,"Medium",1,5,"Medium","Medium","Public","Neutral",3,0,"College","Near","Male",64,1
24,63,"Medium","Medium",1,8,85,"High",1,1,"Low","Medium","Private","Positive",3,0,"High School","Far","Female",65,0
21,81,"Medium","Medium",1,7,85,"Medium",1,1,"Low","High","Public","Negative",3,0,"Postgraduate","Moderate","Male",68,0
23,74,"High","High",0,7,76,"Medium",1,1,"Medium","Low","Public","Neutral",2,0,"College","Moderate","Female",67,0
16,87,"Low","Medium",1,10,96,"Medium",0,1,"Low","High","Public","Positive",1,0,"College","Moderate","Male",66,0
18,98,"High","Medium",0,7,57,"Low",1,0,"High","Medium","Private","Neutral",1,0,"Postgraduate","Moderate","Male",69,0
18,79,"Low","High",0,4,74,"Low",1,2,"Low","Medium","Public","Negative",1,0,"High School","Near","Female",64,1
26,79,"Medium","High",1,8,52,"High",1,1,"Medium","Medium","Public","Negative",3,1,"Postgraduate","Near","Female",68,0
18,86,"High","Medium",0,8,53,"Low",1,5,"Low","High","Private","Negative",3,0,"High School","Near","Male",68,1
32,64,"Low","High",1,9,53,"Low",0,1,"Low","Medium","Private","Positive",3,0,"College","Near","Female",65,0
23,70,"Medium","Medium",1,8,75,"Medium",1,0,"High","Medium","Public","Positive",2,0,"High School","Moderate","Male",65,0
12,97,"Low","Medium",1,6,79,"Medium",0,1,"Medium","Medium","Public","Negative",2,0,"High School","Near","Male",65,0
19,87,"High","Medium",0,8,50,"Low",1,0,"High","High","Public","Neutral",2,0,"High School","Near","Female",67,1
16,61,"High","Medium",1,7,82,"Medium",1,2,"Low","Medium","Public","Negative",3,0,"High School","Near","Female",63,1
7,68,"High","Medium",0,9,74,"Medium",1,1,"Low","High","Public","Positive",3,0,"High School","Near","Female",62,1
30,87,"High","Medium",1,9,61,"High",1,2,"Medium","High","Private","Neutral",4,0,"High School","Moderate","Male",73,0
24,91,"High","High",1,7,51,"High",1,2,"Medium","Medium","Public","Neutral",3,0,"High School","Moderate","Male",72,0
23,94,"Low","Medium",0,8,58,"High",1,5,"Low","Low","Public","Neutral",6,0,"High School","Near","Female",71,0
21,72,"Medium","Medium",0,9,80,"High",1,3,"Low","Medium","Public","Neutral",4,0,"High School","Near","Male",67,0
12,97,"Medium","Low",1,7,83,"Medium",1,0,"Low","Medium","Public","Neutral",2,0,"College","Moderate","Male",66,0
17,82,"Medium","High",1,10,82,"High",1,1,"Medium","Medium","Private","Positive",2,0,"High School","Moderate","Male",68,0
25,88,"High","High",1,9,58,"Low",1,0,"Low","Medium","Public","Negative",4,0,"Postgraduate","Near","Male",70,0
14,84,"Medium","Medium",1,6,96,"Medium",0,2,"Low","Medium","Private","Neutral",2,0,"Postgraduate","Far","Male",66,0
5,65,"Low","High",0,7,71,"Medium",1,0,"Low","Medium","Private","Negative",2,0,"College","Far","Male",56,1
19,99,"Medium","High",1,8,88,"High",0,1,"Low","High","Public","Positive",3,0,"High School","Far","Female",71,0
19,65,"Low","High",0,10,58,"Medium",1,2,"Medium","High","Private","Positive",3,0,"Postgraduate","Moderate","Female",64,1
21,70,"Medium","Medium",0,8,74,"Low",1,2,"Medium","Medium","Public","Positive",3,0,"Postgraduate","Far","Male",65,1
24,93,"Medium","Medium",1,7,76,"High",1,2,"Low","Medium","Public","Neutral",1,1,"High School","Near","Male",70,0
24,85,"High","Low",1,9,89,"Medium",1,1,"Low","Medium","Public","Positive",2,0,"Postgraduate","Moderate","Male",70,0
22,94,"Low","High",1,7,81,"Medium",1,2,"Medium","High","Public","Neutral",4,0,"High School","Far","Male",71,0
27,81,"High","High",1,6,70,"Medium",1,0,"Low","Medium","Public","Positive",5,0,"High School","Far","Female",70,0
11,75,"Low","High",0,8,64,"Medium",1,3,"Low","Medium","Public","Neutral",3,1,"College","Moderate","Female",62,1
23,97,"Medium","Medium",1,6,99,"Low",1,1,"Low","Medium","Private","Positive",3,0,"High School","Near","Female",72,0
24,61,"Medium","Medium",0,10,64,"Low",1,0,"Low","Medium","Private","Positive",3,0,"High School","Near","Female",62,1
13,94,"Low","Medium",1,7,56,"High",1,2,"Low","High","Public","Neutral",4,0,"College","Near","Male",67,0
11,69,"Low","Medium",1,8,65,"Low",1,0,"Low","Medium","Public","Negative",2,0,"College","Moderate","Male",58,1
16,94,"Low","Medium",1,6,66,"Medium",1,3,"Medium","High","Public","Negative",4,0,"College","Near","Female",69,0
16,66,"Medium","Low",0,9,56,"Medium",1,0,"Low","High","Private","Positive",4,1,"College","Near","Female",60,1
25,83,"High","High",1,7,85,"High",1,2,"Low","Medium","Public","Negative",4,0,"College","Near","Male",72,0
16,96,"Medium","Medium",0,7,81,"Medium",1,0,"Low","Low","Public","Negative",3,0,"High School","Moderate","Male",66,0
15,79,"Medium","High",1,7,66,"Medium",1,2,"Low","Medium","Public","Positive",3,0,"College","Far","Female",66,0
16,90,"Medium","High",1,5,100,"Low",1,1,"High","Medium","Private","Negative",4,0,"High School","Moderate","Male",69,0
27,92,"Low","Medium",1,7,83,"Low",1,2,"Low","Medium","Public","Positive",4,1,"College","Moderate","Female",70,0
20,89,"Low","Medium",1,8,85,"Medium",1,2,"Medium","High","Public","Positive",1,0,"Postgraduate","Near","Female",70,0
19,97,"High","High",0,5,78,"Low",1,0,"Medium","Low","Private","Negative",3,0,"College","Moderate","Male",70,0
19,78,"Low","High",1,9,78,"Medium",1,2,"Low","High","Public","Negative",2,0,"College","Near","Female",67,0
28,67,"High","Medium",1,7,51,"Medium",1,2,"Medium","Medium","Public","Neutral",3,0,"High School","Near","Female",67,0
16,62,"Low","Low",0,7,89,"High",1,0,"Medium","Medium","Public","Neutral",3,0,"High School","Far","Female",59,1
28,70,"Medium","Medium",1,4,96,"Low",1,1,"Medium","Medium","Private","Positive",2,0,"High School","Moderate","Male",67,0
21,66,"High","Medium",1,7,56,"Medium",1,1,"Low","Medium","Private","Neutral",4,0,"Postgraduate","Moderate","Male",65,0
19,82,"Medium","Medium",0,5,90,"Medium",1,1,"High","Medium","Public","Negative",3,0,"College","Near","Male",68,0
35,67,"High","High",1,6,77,"Low",1,1,"Low","Medium","Public","Positive",3,0,"College","Near","Male",71,0
14,62,"Medium","Medium",0,5,64,"Medium",1,2,"Low","Medium","Public","Neutral",3,0,"College","Near","Male",61,1
18,61,"Medium","Medium",1,6,96,"Medium",1,0,"Medium","Medium","Public","Negative",3,0,"High School","Near","Male",63,0
13,93,"Medium","High",1,7,51,"Low",1,1,"Low","High","Private","Neutral",3,0,"High School","Near","Female",67,1
26,84,"High","Medium",0,7,64,"Medium",0,1,"Medium","High","Public","Neutral",4,0,"College","Near","Male",69,0
30,74,"Medium","High",0,8,94,"Low",1,0,"Medium","Medium","Public","Positive",3,0,"High School","Near","Male",70,0
30,96,"Medium","Low",1,4,74,"High",0,0,"Low","Low","Public","Negative",3,0,"High School","Moderate","Male",69,0
27,63,"High","Medium",1,7,80,"Medium",1,1,"Low","High","Public","Neutral",4,0,"High School","Far","Female",66,0
19,99,"Medium","Low",1,7,87,"Low",1,1,"Medium","Medium","Public","Positive",4,0,"High School","Moderate","Female",70,0
18,85,"Medium","Medium",1,6,57,"Low",1,2,"Medium","High","Public","Neutral",2,0,"Postgraduate","Moderate","Male",67,1
10,67,"High","High",0,6,61,"Medium",1,0,"Low","High","Private","Neutral",2,0,"High School","Near","Female",61,1
32,87,"Medium","High",1,9,100,"Medium",1,2,"Medium","Low","Private","Neutral",2,0,"Postgraduate","Moderate","Male",74,0
23,91,"Medium","High",1,10,62,"Low",1,1,"Medium","High","Private","Negative",3,0,"College","Near","Male",70,0
17,77,"High","Medium",1,4,77,"Low",1,0,"Medium","Medium","Private","Positive",4,0,"High School","Near","Female",66,1
28,94,"Medium","High",1,6,65,"High",1,1,"Low","High","Public","Positive",1,0,"High School","Near","Female",73,0
14,66,"Medium","Medium",1,5,93,"Medium",1,1,"Medium","Medium","Private","Negative",2,0,"High School","Near","Male",62,0
22,71,"Medium","Low",1,7,98,"Low",1,2,"Low","High","Public","Neutral",2,0,"High School","Moderate","Female",65,0
19,64,"High","Medium",0,9,57,"Low",1,0,"Medium","High","Private","Neutral",3,0,"High School","Near","Female",62,1
24,68,"Low","Medium",1,8,80,"Medium",0,1,"Low","Low","Public","Positive",4,0,"Postgraduate","Moderate","Male",64,0
20,70,"Medium","Medium",1,7,91,"Medium",1,1,"Low","Medium","Public","Negative",2,0,"High School","Far","Male",63,0
11,97,"Medium","Medium",0,7,91,"Medium",1,1,"Medium","Medium","Public","Positive",4,0,"High School","Near","Male",69,0
20,63,"Medium","Medium",0,7,72,"Low",1,3,"Low","High","Public","Negative",5,1,"Postgraduate","Near","Male",63,1
26,77,"Medium","Medium",1,8,61,"Medium",1,1,"Low","Medium","Public","Neutral",4,0,"College","Moderate","Male",67,0
20,81,"Medium","Low",0,8,69,"Medium",1,1,"Medium","Medium","Private","Neutral",2,0,"High School","Near","Female",65,0
25,96,"Medium","High",0,8,88,"Medium",1,0,"Low","Medium","Private","Neutral",1,0,"High School","Near","Male",71,0
14,100,"Medium","Medium",1,4,100,"Medium",1,3,"Low","Medium","Public","Neutral",3,0,"Postgraduate","Moderate","Female",71,0
20,90,"Medium","Medium",0,7,78,"High",1,0,"Medium","High","Public","Positive",4,1,"Postgraduate","Far","Male",69,0
16,99,"Medium","High",1,7,60,"Medium",1,2,"Low","High","Private","Neutral",3,0,"Postgraduate","Moderate","Male",71,0
24,91,"Low","Medium",1,8,52,"Medium",1,1,"Low","Medium","Public","Neutral",5,0,"High School","Near","Male",68,0
20,99,"Low","Medium",1,7,97,"Medium",1,2,"Low","Medium","Public","Neutral",0,0,"High School","Near","Male",70,0
24,88,"Medium","High",1,8,74,"Medium",1,0,"Low","High","Private","Neutral",3,0,"Postgraduate","Near","Male",71,0
27,63,"Medium","Medium",1,6,86,"Medium",1,1,"Medium","Medium","Public","Positive",4,0,"Postgraduate","Near","Female",68,0
24,76,"Low","High",0,8,83,"Medium",1,1,"High","Medium","Private","Positive",4,0,"High School","Near","Female",69,0
22,86,"Medium","Medium",1,9,95,"Medium",1,4,"Medium","Low","Private","Positive",2,0,"College","Near","Male",71,0
14,74,"High","Medium",0,5,63,"Low",0,2,"Low","High","Private","Positive",3,0,"College","Far","Female",63,1
20,71,"Low","Medium",0,5,72,"Medium",1,4,"Medium","Medium","Public","Positive",4,0,"Postgraduate","Moderate","Male",66,0
17,83,"Medium","Medium",0,8,96,"Medium",1,1,"Low","Medium","Public","Positive",3,0,"College","Moderate","Male",67,0
18,97,"High","Low",1,7,79,"Medium",1,3,"High","Medium","Private","Positive",3,0,"High School","Far","Male",71,0
18,61,"Low","Low",0,9,54,"Medium",1,0,"Medium","Medium","Public","Neutral",2,0,"College","Near","Female",59,1
14,91,"High","Medium",1,7,60,"Medium",1,0,"High","Medium","Public","Neutral",2,0,"High School","Near","Male",67,0
8,89,"High","High",0,8,62,"Medium",1,2,"Medium","Medium","Public","Positive",4,1,"High School","Moderate","Male",66,0
16,99,"Low","High",1,6,100,"High",1,1,"High","High","Public","Positive",3,0,"High School","Far","Female",72,0
21,97,"High","High",0,8,61,"Low",1,0,"Low","High","Public","Neutral",3,1,"Postgraduate","Near","Female",70,0
12,90,"Medium","Medium",1,8,93,"Low",1,3,"High","Medium","Public","Neutral",3,0,"High School","Near","Female",68,0
20,81,"Low","Medium",0,6,54,"Low",1,0,"Low","Low","Public","Positive",2,0,"College","Moderate","Female",63,1
31,68,"Medium","Medium",0,9,59,"Medium",1,3,"High","High","Public","Neutral",2,0,"Postgraduate","Near","Female",69,0
26,82,"Low","Medium",0,4,94,"Low",1,0,"Low","Low","Private","Positive",3,0,"High School","Near","Male",67,0
30,91,"Medium","High",1,7,95,"Low",1,1,"Medium","High","Public","Positive",3,0,"College","Near","Female",75,0
22,96,"Low","Low",1,5,59,"Medium",1,0,"Medium","High","Private","Positive",2,0,"High School","Far","Female",67,0
27,92,"High","High",1,5,61,"Medium",1,0,"Medium","High","Private","Positive",3,0,"Postgraduate","Near","Male",74,0
16,68,"Medium","High",1,8,77,"Medium",1,1,"Medium","High","Public","Positive",4,0,"Postgraduate","Moderate","Male",66,0
16,84,"Medium","High",1,5,53,"Medium",0,2,"Low","Medium","Public","Neutral",1,0,"High School","Near","Male",65,0
4,73,"Low","Medium",1,5,97,"High",1,1,"Low","High","Public","Negative",1,0,"High School","Near","Male",60,0
27,60,"Medium","High",0,8,68,"High",1,1,"Medium","Medium","Private","Negative",4,1,"High School","Far","Female",63,0
29,68,"Low","High",1,5,74,"Low",1,3,"High","High","Public","Neutral",2,1,"Postgraduate","Near","Male",69,0
17,65,"High","High",0,9,55,"Medium",1,1,"Medium","Medium","Public","Positive",2,0,"High School","Near","Male",64,1
18,94,"Low","Medium",1,8,52,"Medium",1,1,"Medium","Medium","Private","Positive",4,0,"College","Near","Female",68,0
15,70,"Medium","Medium",0,6,73,"Low",1,2,"Medium","Low","Public","Positive",4,0,"High School","Moderate","Male",63,1
22,71,"Medium","Medium",1,8,56,"Low",1,0,"Medium","High","Public","Neutral",2,0,"Postgraduate","Near","Male",65,1
27,98,"Medium","High",0,4,82,"Medium",1,0,"High","Medium","Public","Positive",3,0,"High School","Near","Female",74,0
10,75,"Medium","High",1,8,90,"Medium",1,2,"Low","Medium","Public","Positive",2,0,"Postgraduate","Moderate","Male",65,0
22,60,"Medium","Medium",1,5,52,"Medium",1,0,"Low","Medium","Public","Negative",2,0,"High School","Near","Female",61,1
18,71,"Medium","High",1,6,81,"Medium",1,1,"Low","High","Public","Positive",3,0,"High School","Near","Male",66,0
21,65,"Medium","High",1,6,91,"High",1,1,"Medium","High","Public","Positive",3,0,"High School","Moderate","Male",67,0
23,64,"High","Medium",1,9,72,"Medium",1,0,"Low","High","Public","Positive",3,0,"College","Near","Male",66,0
19,63,"High","Medium",0,6,98,"High",1,4,"High","Medium","Private","Positive",2,0,"Postgraduate","Near","Male",69,0
19,84,"Medium","Medium",1,7,56,"Low",1,2,"Low","Medium","Public","Neutral",3,0,"High School","Moderate","Female",65,1
19,68,"High","High",0,6,66,"Medium",1,2,"Medium","Medium","Public","Neutral",3,0,"High School","Far","Female",65,0
26,74,"High","Medium",0,6,62,"Medium",1,0,"Low","Medium","Private","Neutral",3,0,"High School","Near","Female",66,0
23,94,"Medium","High",0,5,100,"Low",1,2,"Medium","High","Public","Neutral",2,0,"Postgraduate","Near","Male",73,0
21,77,"Low","Medium",1,7,65,"Medium",1,2,"Low","High","Public","Negative",2,0,"High School","Moderate","Female",64,0
12,97,"Medium","Low",1,7,69,"Low",1,0,"Low","High","Public","Positive",5,0,"High School","Near","Female",67,1
18,80,"Medium","Low",1,8,92,"High",1,0,"Medium","High","Private","Positive",1,0,"College","Near","Male",67,0
25,76,"Medium","Low",1,7,96,"Medium",1,3,"Medium","Medium","Public","Positive",4,1,"High School","Near","Female",68,0
20,90,"Medium","Low",1,7,97,"Medium",1,2,"High","High","Public","Positive",3,0,"College","Moderate","Male",71,0
24,63,"Medium","Medium",1,8,78,"Medium",1,0,"Low","High","Private","Negative",3,0,"High School","Near","Male",64,0
31,64,"Medium","Medium",1,6,83,"Medium",1,1,"Medium","Medium","Public","Positive",2,0,"High School","Moderate","Female",67,0
26,86,"Medium","Low",0,5,67,"Medium",1,2,"Low","High","Private","Positive",1,0,"High School","Moderate","Female",68,0
21,79,"Low","Medium",1,8,80,"High",1,1,"Low","High","Private","Negative",3,0,"College","Near","Male",67,0
17,92,"Low","Medium",1,6,65,"High",1,3,"Medium","High","Public","Positive",2,0,"College","Near","Male",70,0
5,97,"Medium","Low",1,7,87,"Medium",1,2,"Medium","Medium","Private","Neutral",3,1,"High School","Far","Female",64,0
19,76,"Medium","Medium",1,6,65,"Medium",1,0,"Low","Medium","Public","Neutral",4,1,"High School","Near","Female",63,0
18,84,"High","High",0,6,94,"Medium",1,3,"High","Medium","Public","Neutral",4,0,"High School","Near","Male",71,0
22,80,"Low","Low",0,4,57,"Low",1,1,"Low","Medium","Public","Neutral",3,0,"Postgraduate","Moderate","Male",64,1
19,99,"Low","Low",0,8,79,"High",1,3,"Medium","Medium","Private","Positive",4,0,"High School","Near","Male",70,0
18,93,"Medium","High",0,4,76,"High",1,3,"Low","Medium","Public","Negative",3,0,"College","Near","Female",70,0
9,96,"Medium","High",1,9,63,"Medium",1,1,"High","Medium","Private","Neutral",1,0,"High School","Near","Male",67,0
14,70,"Medium","Medium",1,9,51,"Low",1,1,"Low","High","Public","Negative",4,0,"College","Near","Male",62,1
23,91,"Medium","Medium",0,6,57,"Low",1,2,"Low","High","Private","Positive",2,0,"High School","Near","Male",69,0
30,71,"Low","High",0,9,98,"Low",1,2,"High","Medium","Public","Positive",1,0,"High School","Moderate","Female",69,0
19,68,"Low","High",0,10,97,"Low",0,0,"Low","Medium","Public","Positive",3,0,"College","Far","Female",62,1
22,98,"Low","Medium",0,7,56,"High",1,1,"High","Medium","Private","Neutral",1,0,"College","Near","Female",70,0
26,61,"Medium","Medium",1,8,69,"High",1,2,"Medium","High","Public","Positive",3,0,"High School","Near","Male",66,0
15,99,"High","Medium",0,7,73,"Low",1,1,"Low","Medium","Public","Positive",3,0,"High School","Near","Male",69,0
22,66,"Medium","Low",1,9,74,"Medium",1,3,"Low","High","Public","Negative",3,0,"Postgraduate","Near","Female",65,0
16,93,"Low","High",1,5,65,"Low",1,0,"Medium","Medium","Public","Negative",3,0,"High School","Near","Female",66,0
25,71,"High","Medium",1,7,96,"Low",1,2,"Low","Medium","Public","Positive",3,0,"High School","Near","Female",69,0
21,74,"High","Medium",1,8,95,"Low",1,1,"Medium","Medium","Private","Positive",5,1,"High School","Far","Female",66,0
22,69,"Low","High",1,8,51,"Medium",1,1,"Low","High","Public","Positive",3,0,"High School","Near","Female",65,0
15,83,"Medium","Low",1,7,83,"Low",1,1,"High","Medium","Public","Neutral",2,0,"Postgraduate","Near","Female",66,1
24,74,"Low","Low",1,9,54,"Medium",1,1,"Low","Medium","Public","Neutral",3,0,"High School","Near","Female",63,0
33,86,"Low","Medium",1,7,80,"Medium",1,0,"Low","High","Public","Neutral",3,0,"Postgraduate","Near","Female",72,0
14,61,"Medium","Medium",1,7,93,"Low",1,3,"Medium","High","Public","Negative",2,0,"High School","Moderate","Male",62,1
18,63,"High","High",0,8,82,"Medium",1,1,"High","Medium","Private","Negative",1,0,"High School","Near","Male",64,0
21,64,"Medium","Low",0,7,73,"High",1,2,"Low","Medium","Public","Negative",2,1,"College","Far","Female",61,0
25,77,"High","Medium",1,7,98,"Low",1,0,"High","Medium","Public","Positive",2,0,"High School","Near","Male",70,0
17,93,"Medium","Medium",0,6,87,"Medium",1,1,"Low","High","Private","Negative",2,0,"High School","Moderate","Female",67,0
3,96,"High","High",1,10,62,"Medium",1,3,"Low","Medium","Private","Neutral",4,0,"High School","Far","Male",66,1
28,70,"Medium","Medium",1,6,69,"Medium",1,2,"Low","Low","Public","Positive",4,1,"High School","Near","Male",66,0
25,83,"Low","Medium",1,8,88,"Low",1,1,"Medium","High","Public","Neutral",3,1,"College","Near","Male",68,0
10,91,"High","High",1,10,51,"Medium",1,0,"Low","Medium","Public","Positive",3,0,"Postgraduate","Moderate","Male",67,0
16,72,"Medium","High",0,5,53,"Medium",1,1,"High","High","Public","Positive",3,0,"College","Near","Male",65,1
29,76,"Medium","High",1,8,93,"Low",0,0,"Medium","High","Public","Positive",4,0,"College","Moderate","Male",70,0
29,81,"Medium","Medium",1,7,52,"Medium",0,1,"High","Medium","Public","Neutral",4,0,"College","Near","Female",69,0
26,65,"Medium","Medium",1,10,84,"Medium",1,1,"Low","High","Public","Positive",4,0,"Postgraduate","Near","Male",68,0
19,61,"Medium","Medium",0,6,66,"Medium",1,0,"High","Medium","Public","Neutral",1,0,"High School","Near","Male",61,1
20,66,"Medium","High",1,6,91,"Low",1,0,"Medium","High","Public","Negative",5,0,"High School","Far","Male",65,1
19,85,"High","High",0,7,92,"Medium",1,3,"Medium","Medium","Public","Neutral",2,0,"College","Near","Female",71,0
27,63,"Medium","High",0,6,98,"Low",1,0,"Medium","Medium","Private","Negative",3,0,"High School","Near","Female",66,0
15,68,"Medium","High",0,6,55,"Medium",0,0,"High","Medium","Private","Positive",3,0,"High School","Near","Female",62,1
15,74,"Low","Low",0,10,71,"Medium",1,0,"Low","High","Public","Negative",2,0,"Postgraduate","Near","Male",61,1
26,63,"High","High",1,7,79,"Medium",1,1,"Low","High","Public","Negative",2,0,"High School","Near","Male",67,0
20,68,"Medium","High",1,6,96,"Medium",1,0,"Low","High","Public","Neutral",3,0,"High School","Near","Female",66,0
28,96,"Low","High",0,6,63,"High",0,1,"High","Medium","Public","Positive",2,0,"High School","Moderate","Female",71,0
16,61,"Medium","High",1,8,54,"High",1,0,"Low","High","Private","Positive",3,0,"College","Moderate","Male",62,0
20,86,"Medium","Medium",1,8,60,"Low",1,1,"High","Medium","Public","Neutral",3,1,"Postgraduate","Near","Male",67,0
14,75,"Medium","Medium",1,6,75,"Medium",1,0,"Low","High","Public","Neutral",2,0,"High School","Near","Male",64,0
20,87,"Medium","Low",0,5,84,"Medium",1,2,"Medium","Medium","Private","Neutral",3,0,"High School","Near","Male",68,0
11,84,"Medium","Medium",1,7,85,"High",1,3,"Medium","Medium","Public","Neutral",4,0,"College","Moderate","Female",67,0
17,69,"Medium","Medium",1,7,54,"High",1,1,"High","Low","Public","Neutral",2,0,"High School","Near","Male",63,0
11,94,"High","High",0,6,88,"Medium",1,2,"Medium","Medium","Public","Positive",4,0,"High School","Near","Male",70,0
24,80,"Low","High",1,9,83,"Medium",1,1,"Low","Low","Public","Negative",1,0,"High School","Near","Male",67,0
24,93,"Medium","High",1,8,70,"Low",1,1,"Medium","High","Private","Neutral",3,0,"High School","Moderate","Female",71,0
10,76,"Medium","Low",1,7,79,"Low",1,3,"Medium","Medium","Private","Neutral",4,0,"High School","Far","Female",62,1
28,99,"Medium","Medium",1,6,88,"Medium",1,3,"Low","Medium","Public","Positive",4,0,"High School","Near","Female",75,0
35,91,"Low","Medium",1,10,63,"Low",1,1,"Medium","Medium","Public","Neutral",5,0,"High School","Near","Male",72,0
20,99,"Medium","Low",1,5,97,"Low",1,4,"High","Medium","Public","Neutral",3,0,"College","Near","Female",73,0
16,81,"Low","Medium",0,6,57,"High",1,3,"Low","Low","Private","Positive",3,0,"High School","Near","Male",64,0
37,79,"Medium","High",0,6,95,"High",1,1,"High","Medium","Public","Negative",1,0,"High School","Near","Male",73,0
12,90,"Medium","Low",1,7,87,"Low",1,2,"Low","High","Public","Neutral",2,0,"Postgraduate","Far","Male",66,1
20,95,"Low","Low",0,8,83,"High",1,1,"Medium","Medium","Private","Positive",3,0,"High School","Near","Female",69,0
21,99,"Medium","Medium",1,5,54,"High",1,1,"Low","Medium","Public","Neutral",4,0,"College","Moderate","Male",70,0
28,73,"Medium","High",1,6,96,"Medium",1,1,"Medium","Medium","Public","Negative",0,0,"Postgraduate","Near","Female",70,0
22,92,"High","High",0,8,65,"Medium",1,0,"Medium","High","Private","Positive",2,0,"High School","Moderate","Male",71,0
17,68,"Low","High",1,6,87,"High",1,0,"Low","Medium","Private","Positive",4,1,"College","Near","Male",64,0
14,82,"Medium","High",0,6,94,"Low",1,7,"Medium","High","Private","Negative",4,0,"Postgraduate","Near","Male",71,0
18,67,"High","Medium",1,7,62,"High",1,1,"Low","Low","Private","Positive",2,0,"High School","Far","Male",63,0
14,74,"High","High",1,6,96,"Low",1,2,"Low","High","Public","Neutral",4,0,"College","Near","Male",68,1
20,97,"Medium","Medium",0,7,81,"Medium",1,3,"Medium","High","Public","Neutral",3,1,"College","Near","Male",71,0
17,66,"Medium","Medium",1,8,83,"Medium",1,4,"Medium","High","Private","Negative",5,0,"High School","Moderate","Male",65,0
11,85,"High","Medium",1,7,96,"Medium",0,1,"Low","Medium","Public","Neutral",3,0,"High School","Near","Male",66,0
28,84,"High","High",1,9,76,"High",1,0,"High","Medium","Private","Negative",3,0,"High School","Near","Male",72,0
17,65,"High","High",1,8,72,"Low",1,1,"Low","Medium","Public","Positive",4,0,"College","Moderate","Male",65,1
12,73,"Low","Medium",0,7,82,"Medium",0,1,"Low","Medium","Public","Positive",3,0,"High School","Far","Male",60,1
19,83,"Low","Medium",0,7,78,"High",0,2,"Low","High","Public","Positive",4,0,"Postgraduate","Moderate","Male",67,0
20,67,"Medium","High",0,10,53,"High",1,1,"Low","Medium","Private","Positive",2,0,"Postgraduate","Near","Male",65,0
10,92,"High","Low",1,6,59,"High",1,0,"Low","Medium","Public","Negative",2,0,"High School","Moderate","Female",64,0
22,99,"High","High",1,7,51,"Medium",1,2,"High","High","Public","Negative",4,1,"High School","Moderate","Male",72,0
14,69,"High","Medium",0,6,55,"Medium",1,3,"Low","Low","Private","Positive",2,0,"High School","Moderate","Male",62,1
30,67,"Medium","Medium",1,8,86,"Medium",1,0,"Low","Medium","Public","Neutral",4,0,"High School","Moderate","Female",67,0
23,78,"Medium","Medium",1,10,50,"Medium",1,1,"Medium","Medium","Private","Positive",3,1,"Postgraduate","Near","Female",67,0
18,90,"Medium","Medium",0,7,65,"Low",1,4,"Medium","Medium","Public","Positive",3,0,"College","Near","Female",69,0
16,71,"High","High",1,7,72,"Low",1,1,"Medium","Low","Private","Neutral",4,0,"College","Moderate","Female",65,1
19,61,"Medium","High",0,7,97,"Low",1,0,"Medium","High","Public","Negative",3,1,"College","Far","Male",62,1
24,82,"High","Medium",1,5,66,"Medium",1,0,"Medium","Medium","Private","Neutral",3,0,"Postgraduate","Near","Male",69,0
20,98,"Medium","High",0,7,89,"Medium",1,1,"High","Medium","Public","Positive",3,0,"College","Far","Female",72,0
19,76,"Low","High",1,10,70,"Low",1,1,"Low","Medium","Public","Negative",3,0,"College","Far","Female",63,1
20,77,"High","Medium",0,8,55,"Low",1,1,"Medium","Medium","Public","Negative",3,0,"College","Far","Female",64,1
16,99,"Low","Medium",1,9,55,"Medium",1,1,"High","Medium","Public","Neutral",3,1,"College","Far","Female",67,0
18,88,"Medium","Medium",0,9,72,"High",1,2,"High","High","Public","Neutral",4,0,"Postgraduate","Moderate","Male",70,0
7,89,"High","Low",1,6,53,"Medium",1,3,"Low","High","Private","Neutral",2,0,"High School","Moderate","Male",64,1
26,83,"Medium","Medium",0,10,79,"Medium",1,1,"High","Medium","Public","Neutral",2,0,"High School","Moderate","Female",69,0
22,99,"High","High",0,4,75,"Low",1,2,"Medium","Medium","Private","Negative",4,0,"High School","Near","Female",72,0
15,88,"Medium","Medium",1,7,85,"Medium",1,4,"Medium","Medium","Private","Negative",2,0,"Postgraduate","Near","Female",69,0
31,96,"High","Medium",1,4,59,"Medium",1,3,"Low","Medium","Private","Neutral",5,0,"High School","Near","Female",75,0
21,88,"Low","Medium",0,4,80,"Low",1,1,"Medium","Medium","Public","Positive",2,1,"Postgraduate","Near","Male",67,0
14,89,"Medium","Medium",1,8,59,"High",1,1,"Low","Medium","Private","Neutral",3,0,"College","Near","Male",67,0
25,72,"Medium","Medium",0,6,86,"High",1,0,"Medium","Medium","Public","Neutral",2,0,"High School","Far","Female",66,0
22,72,"Medium","Low",1,9,65,"High",1,0,"Medium","Medium","Public","Neutral",3,0,"High School","Moderate","Male",64,0
22,91,"Medium","Low",0,4,81,"Medium",1,2,"Low","High","Private","Negative",3,0,"High School","Near","Male",68,0
17,72,"High","Medium",1,7,94,"High",1,1,"Low","Medium","Public","Neutral",5,0,"High School","Moderate","Male",66,0
23,83,"High","Medium",0,5,74,"Medium",1,3,"Low","Medium","Public","Negative",2,0,"Postgraduate","Near","Male",69,0
18,70,"High","Low",1,7,60,"Medium",1,1,"Medium","High","Public","Positive",3,0,"College","Near","Male",65,0
23,93,"Medium","Low",1,9,94,"High",1,2,"Medium","Low","Private","Negative",3,0,"High School","Moderate","Female",70,0
9,64,"Medium","Low",1,10,68,"Low",1,0,"Medium","Medium","Private","Negative",3,0,"High School","Near","Male",57,1
17,93,"Medium","Medium",0,8,87,"Low",1,2,"High","High","Private","Negative",3,0,"College","Moderate","Male",69,0
30,84,"High","Low",1,5,66,"Low",1,0,"Medium","Low","Public","Positive",2,0,"Postgraduate","Near","Female",70,0
15,67,"Low","Medium",1,5,65,"Medium",1,4,"Medium","Medium","Private","Negative",2,0,"College","Near","Male",63,1
16,82,"Medium","Medium",0,7,82,"Medium",1,1,"Medium","Low","Public","Neutral",3,0,"Postgraduate","Moderate","Female",66,0
17,71,"Medium","Medium",1,6,58,"Medium",1,3,"Medium","Medium","Private","Positive",3,1,"High School","Near","Male",64,1
13,73,"Medium","High",0,8,93,"Medium",1,0,"High","High","Public","Neutral",3,0,"Postgraduate","Near","Female",65,0
7,74,"High","Medium",0,10,69,"High",1,1,"High","Medium","Public","Positive",4,0,"High School","Near","Male",64,0
19,63,"Medium","Low",1,6,51,"High",1,2,"Medium","Medium","Public","Neutral",4,0,"High School","Near","Male",62,0
21,99,"High","Medium",1,6,65,"Low",1,1,"Medium","Medium","Private","Positive",2,0,"College","Far","Female",71,0
20,61,"Medium","High",0,5,89,"Medium",1,1,"Medium","Medium","Public","Neutral",2,0,"Postgraduate","Far","Female",64,0
19,86,"High","High",1,7,93,"High",1,1,"Medium","High","Public","Neutral",2,0,"High School","Near","Male",72,0
20,75,"Medium","Medium",0,7,78,"Medium",1,0,"Low","Medium","Public","Negative",2,0,"College","Near","Female",64,0
26,86,"Medium","Low",1,7,65,"Medium",1,2,"High","High","Private","Neutral",4,0,"Postgraduate","Moderate","Male",71,0
19,74,"Medium","Medium",1,8,76,"High",1,5,"Medium","High","Public","Neutral",4,1,"College","Near","Female",68,0
17,87,"Medium","Medium",1,8,92,"Medium",0,3,"High","Low","Public","Negative",2,0,"College","Near","Male",68,0
18,89,"Medium","Medium",0,7,66,"Medium",1,2,"Medium","Medium","Public","Positive",3,0,"College","Moderate","Male",68,0
23,88,"Medium","Medium",0,7,69,"Medium",1,3,"Low","High","Public","Negative",3,0,"High School","Near","Male",69,0
28,65,"Low","Medium",1,7,77,"High",1,1,"Low","High","Public","Positive",3,0,"College","Near","Male",67,0
16,86,"Medium","Low",0,7,94,"Low",1,0,"Low","Medium","Private","Positive",4,0,"High School","Near","Male",66,0
21,71,"Medium","Medium",1,6,79,"Medium",1,1,"Low","Medium","Private","Neutral",4,0,"Postgraduate","Far","Male",65,0
22,61,"Medium","High",0,5,60,"High",1,0,"High","Low","Private","Neutral",2,0,"High School","Moderate","Male",63,0
14,77,"High","Low",0,7,54,"Medium",1,1,"Medium","High","Public","Negative",2,0,"High School","Moderate","Male",62,1
20,77,"High","High",0,6,55,"Medium",1,1,"High","Low","Private","Neutral",1,0,"College","Near","Male",67,0
11,79,"Medium","Medium",1,8,98,"Medium",1,2,"Low","Medium","Public","Neutral",4,0,"High School","Near","Female",65,0
9,88,"Medium","Medium",1,7,91,"Medium",1,1,"Low","Medium","Public","Negative",3,0,"College","Near","Female",66,0
22,72,"Low","High",0,7,88,"Medium",0,2,"Medium","Medium","Public","Positive",4,0,"High School","Near","Female",66,0
18,73,"Medium","Medium",1,8,75,"Medium",1,0,"High","Medium","Public","Neutral",1,1,"College","Near","Female",64,0
21,62,"High","Medium",1,5,84,"Medium",1,5,"Low","Medium","Public","Positive",4,0,"High School","Near","Female",67,0
20,87,"Medium","Medium",0,10,56,"Medium",1,2,"Medium","Medium","Public","Neutral",2,0,"College","Moderate","Female",67,0
14,83,"Low","Low",0,4,81,"Low",1,1,"Low","Medium","Public","Negative",4,1,"High School","Moderate","Male",61,1
20,74,"Medium","Medium",1,9,91,"Medium",1,1,"Low","Medium","Public","Neutral",5,0,"High School","Near","Male",66,0
13,88,"High","Medium",1,7,53,"Medium",1,2,"Medium","Medium","Private","Negative",4,0,"College","Moderate","Male",66,0
28,81,"Medium","Low",1,6,65,"Medium",1,1,"Low","Medium","Public","Positive",2,0,"High School","Moderate","Male",67,0
12,79,"High","Medium",0,5,56,"High",1,1,"Low","Low","Public","Positive",5,0,"High School","Near","Female",64,0
19,80,"High","Low",0,6,63,"Low",1,1,"Low","Medium","Public","Neutral",3,0,"High School","Near","Male",64,1
14,85,"Low","Medium",0,7,89,"Medium",1,2,"Medium","High","Public","Positive",2,0,"College","Moderate","Male",67,0
23,86,"Low","High",0,7,67,"Low",1,2,"Medium","High","Private","Neutral",3,1,"College","Near","Female",68,0
18,72,"Medium","Low",0,9,84,"Medium",1,2,"Medium","Medium","Public","Neutral",4,0,"High School","Near","Male",64,0
17,66,"Medium","Medium",1,7,89,"Medium",1,0,"Medium","Medium","Private","Negative",3,0,"College","Near","Male",63,0
25,66,"Medium","High",1,7,91,"Medium",1,2,"Low","High","Public","Neutral",3,0,"College","Near","Male",68,0
20,86,"Low","Low",0,8,94,"Low",1,2,"Low","Medium","Private","Negative",2,0,"High School","Far","Female",64,0
23,95,"Low","Medium",1,7,80,"High",1,2,"Low","Medium","Public","Neutral",4,0,"High School","Moderate","Female",70,0
14,76,"Low","Medium",0,7,64,"Medium",1,3,"Medium","Medium","Private","Positive",3,0,"College","Near","Male",64,1
12,67,"High","Medium",0,7,58,"Medium",1,0,"High","Medium","Public","Neutral",2,1,"High School","Far","Male",59,1
21,90,"High","Medium",1,8,75,"Medium",1,4,"Low","High","Public","Neutral",2,0,"High School","Moderate","Male",71,0
18,93,"Low","Medium",1,6,55,"Medium",1,3,"Low","Medium","Public","Negative",5,0,"High School","Moderate","Male",67,0
24,95,"Medium","Low",1,6,96,"High",1,3,"Low","Medium","Private","Neutral",3,0,"Postgraduate","Near","Female",73,0
20,84,"Low","Low",0,8,72,"Medium",1,3,"High","Medium","Public","Neutral",3,0,"High School","Near","Male",66,0
21,94,"High","High",0,5,94,"Medium",1,2,"Low","High","Private","Neutral",2,0,"College","Near","Male",73,0
10,61,"High","Medium",1,7,85,"High",1,1,"Medium","Medium","Public","Neutral",4,0,"High School","Near","Female",62,0
31,64,"Medium","High",0,6,93,"Medium",1,1,"Low","High","Public","Neutral",3,0,"High School","Near","Female",69,0
19,64,"Medium","High",0,8,94,"Medium",1,3,"Medium","High","Private","Neutral",3,1,"Postgraduate","Near","Female",66,0
24,89,"Medium","Low",1,9,53,"Medium",1,1,"Low","High","Private","Neutral",3,0,"High School","Near","Male",68,0
15,63,"Medium","Medium",1,6,86,"Low",1,4,"High","Medium","Public","Positive",5,0,"High School","Near","Male",65,1
22,80,"Medium","Medium",1,8,61,"High",1,1,"Low","Medium","Public","Positive",2,0,"College","Moderate","Male",67,0
12,79,"Medium","Medium",1,7,99,"Low",1,2,"Medium","Medium","Public","Negative",2,1,"High School","Near","Female",64,1
23,72,"High","High",1,6,89,"Medium",0,0,"Medium","High","Private","Negative",3,0,"High School","Moderate","Male",67,0
18,95,"Low","Low",1,7,50,"Low",1,3,"Medium","Medium","Private","Neutral",3,0,"High School","Moderate","Female",66,0
20,67,"High","Medium",0,9,96,"High",1,1,"High","High","Public","Positive",3,0,"High School","Near","Female",68,0
24,74,"Medium","Medium",1,7,65,"Low",1,3,"Medium","High","Public","Neutral",2,0,"College","Near","Male",68,0
13,91,"Medium","Low",1,9,71,"Low",1,1,"Low","Medium","Public","Positive",2,0,"College","Far","Male",64,1
16,61,"High","Medium",1,7,81,"Low",1,2,"Medium","Medium","Public","Neutral",1,0,"High School","Near","Female",63,1
23,87,"High","Medium",0,5,96,"Medium",1,2,"Medium","Medium","Public","Positive",3,0,"College","Moderate","Female",72,0
33,93,"High","Medium",0,7,96,"Medium",1,1,"Low","High","Public","Positive",1,0,"Postgraduate","Moderate","Female",75,0
19,97,"High","Medium",0,5,78,"Low",1,2,"Low","Medium","Public","Positive",3,0,"High School","Near","Male",71,0
24,95,"High","Medium",0,7,66,"Low",1,2,"High","High","Public","Negative",3,0,"High School","Near","Male",71,0
19,73,"Medium","Medium",1,6,64,"Low",1,4,"Medium","Medium","Public","Positive",5,1,"College","Near","Female",66,1
32,83,"High","Medium",1,10,68,"Medium",0,3,"Low","Medium","Private","Positive",4,0,"High School","Moderate","Female",71,0
10,63,"High","Medium",0,9,59,"Low",1,0,"Medium","High","Public","Positive",5,0,"Postgraduate","Moderate","Male",61,1
21,70,"Medium","Medium",1,7,83,"Medium",1,1,"Medium","Medium","Public","Neutral",3,0,"High School","Far","Male",65,0
10,64,"Medium","Low",0,9,76,"Low",1,1,"Low","Medium","Private","Positive",1,0,"High School","Near","Female",58,1
5,73,"High","Low",1,6,89,"High",1,1,"Medium","Medium","Public","Neutral",2,0,"High School","Near","Male",62,0
22,95,"High","Low",0,5,55,"Medium",1,2,"High","High","Public","Neutral",0,1,"College","Near","Female",69,0
21,74,"Medium","Low",1,8,70,"Medium",1,1,"Medium","Medium","Public","Neutral",3,0,"Postgraduate","Far","Male",65,0
18,82,"High","Medium",1,8,62,"High",1,3,"Low","Medium","Private","Neutral",4,0,"High School","Near","Female",69,0
19,77,"High","Medium",1,6,77,"High",1,1,"Low","High","Private","Neutral",3,0,"College","Near","Female",68,0
39,78,"Medium","Medium",0,6,73,"Medium",1,0,"Low","Medium","Public","Positive",2,0,"College","Far","Male",70,0
18,99,"High","Medium",1,8,72,"Medium",1,4,"Low","Medium","Public","Neutral",4,0,"High School","Near","Female",72,0
23,72,"Low","Medium",1,4,66,"Low",0,3,"Low","Medium","Private","Positive",4,0,"Postgraduate","Near","Female",66,1
16,85,"Low","High",1,8,86,"Low",1,2,"High","Medium","Private","Neutral",4,0,"High School","Near","Female",68,0
22,77,"Medium","Medium",1,7,74,"High",1,2,"Low","Low","Private","Negative",4,0,"College","Near","Male",67,0
19,62,"High","Low",1,8,60,"Medium",1,1,"Low","Medium","Public","Positive",2,0,"College","Far","Female",61,1
18,80,"Low","Low",1,8,77,"Medium",1,1,"Low","High","Public","Negative",2,0,"College","Near","Female",64,0
31,93,"High","Medium",0,6,80,"Medium",1,3,"Medium","Medium","Public","Neutral",2,0,"High School","Near","Male",74,0
27,64,"Medium","Medium",0,5,51,"High",1,1,"Low","High","Public","Negative",3,0,"High School","Near","Female",64,0
21,63,"High","Low",1,9,60,"Medium",1,2,"Medium","Medium","Public","Negative",2,0,"Postgraduate","Near","Male",64,0
6,66,"High","Medium",1,7,62,"Low",1,2,"Low","Medium","Public","Neutral",4,0,"Postgraduate","Near","Male",61,1
18,91,"High","High",1,7,62,"Medium",1,3,"Low","Medium","Private","Positive",3,0,"High School","Near","Male",71,0
36,89,"High","Low",1,8,62,"Low",1,2,"Low","High","Private","Negative",3,0,"College","Moderate","Male",72,0
19,83,"High","High",0,6,64,"Medium",1,0,"Medium","Medium","Private","Negative",5,0,"Postgraduate","Near","Female",68,0
27,79,"Low","High",1,8,63,"High",1,2,"Low","Medium","Public","Negative",5,0,"College","Moderate","Female",69,0
29,96,"Medium","High",0,8,94,"High",0,2,"Low","High","Public","Negative",4,0,"High School","Near","Male",74,0
21,91,"Medium","High",1,9,66,"Low",1,3,"Low","Medium","Public","Neutral",4,0,"College","Moderate","Female",70,0
15,92,"High","Low",1,9,67,"Low",1,1,"High","High","Public","Positive",2,0,"Postgraduate","Near","Male",69,0
5,93,"Low","Low",0,7,63,"Medium",1,2,"Medium","High","Public","Neutral",3,0,"Postgraduate","Near","Male",64,1
24,86,"Low","Low",1,8,98,"Medium",1,2,"High","Medium","Public","Positive",5,0,"Postgraduate","Far","Male",71,0
15,78,"High","Low",1,7,77,"Low",1,0,"High","Medium","Public","Neutral",3,0,"College","Near","Male",65,1
21,95,"High","Medium",1,7,81,"Medium",1,0,"Medium","Medium","Public","Neutral",3,0,"High School","Near","Male",71,0
13,97,"High","High",1,5,87,"Low",1,1,"Medium","High","Public","Neutral",2,0,"Postgraduate","Near","Female",71,0
18,61,"Low","Medium",1,7,67,"Medium",1,5,"High","High","Public","Positive",2,0,"Postgraduate","Near","Male",66,1
20,62,"Medium","Medium",0,4,98,"High",1,1,"High","Low","Public","Negative",4,0,"High School","Near","Male",64,0
22,98,"Medium","Medium",0,7,58,"Medium",1,0,"Medium","Medium","Private","Neutral",3,0,"High School","Near","Male",70,0
13,71,"Low","Low",0,9,73,"Low",1,1,"High","High","Private","Neutral",3,0,"High School","Moderate","Male",61,1
27,95,"Medium","Medium",1,8,57,"High",1,1,"Medium","Low","Private","Positive",3,0,"High School","Moderate","Female",71,0
16,76,"Medium","Medium",0,7,90,"Medium",1,0,"Low","Medium","Public","Neutral",3,0,"Postgraduate","Moderate","Male",65,0
10,65,"Low","High",0,7,55,"Medium",1,0,"Low","High","Public","Neutral",3,0,"High School","Near","Female",59,1
19,63,"Medium","Medium",1,6,78,"Low",1,3,"Medium","Medium","Public","Neutral",2,1,"College","Near","Male",63,1
20,66,"Medium","Medium",1,6,55,"Low",1,1,"High","High","Public","Negative",3,0,"Postgraduate","Moderate","Female",64,1
21,70,"Low","Low",0,8,73,"Low",1,0,"High","Medium","Public","Neutral",4,0,"College","Near","Male",63,1
28,80,"High","High",0,5,64,"Medium",1,1,"Low","Medium","Private","Neutral",2,0,"Postgraduate","Moderate","Female",70,0
19,88,"High","Medium",1,5,95,"Medium",1,1,"Medium","High","Public","Neutral",3,0,"High School","Near","Male",70,0
19,99,"High","High",1,8,53,"Medium",1,1,"Medium","Medium","Private","Neutral",4,0,"College","Near","Male",72,0
13,78,"Medium","High",0,7,82,"High",1,0,"Low","High","Public","Neutral",2,0,"College","Moderate","Female",65,0
25,81,"High","Medium",1,7,85,"High",1,3,"Medium","Medium","Public","Negative",1,0,"Postgraduate","Moderate","Female",71,0
21,81,"High","Medium",1,7,94,"Medium",1,3,"Medium","Medium","Public","Neutral",1,0,"Postgraduate","Moderate","Male",70,0
17,82,"Medium","Low",0,10,94,"Medium",1,1,"High","High","Private","Neutral",3,0,"High School","Moderate","Female",66,0
9,81,"Medium","Medium",1,7,99,"Medium",1,2,"Low","Medium","Public","Neutral",3,0,"High School","Moderate","Female",64,0
29,60,"Low","High",0,7,63,"Medium",1,0,"Low","Medium","Public","Negative",4,0,"Postgraduate","Near","Male",64,0
13,60,"High","Low",0,10,64,"Low",1,1,"Medium","Medium","Public","Neutral",4,0,"College","Far","Male",59,1
16,64,"Medium","High",1,7,70,"Medium",1,5,"Low","Low","Public","Positive",4,0,"High School","Moderate","Male",65,1
22,64,"High","Medium",1,10,77,"Medium",1,1,"Low","High","Public","Positive",3,0,"High School","Moderate","Male",66,0
13,88,"Medium","Medium",1,4,68,"High",1,1,"High","Medium","Public","Positive",2,0,"High School","Near","Female",67,0
11,68,"High","Medium",1,5,87,"Medium",1,1,"Low","Medium","Public","Positive",4,1,"High School","Far","Male",62,1
7,96,"High","Low",0,6,50,"Medium",1,1,"High","Medium","Private","Negative",3,0,"College","Near","Male",65,1
24,97,"High","Medium",1,8,51,"Medium",1,3,"Low","Medium","Public","Neutral",2,0,"Postgraduate","Near","Female",73,0
17,99,"Medium","Medium",0,10,86,"Low",1,1,"Medium","Medium","Private","Positive",2,0,"College","Near","Male",70,0
38,98,"Low","Medium",0,6,94,"Medium",1,2,"Low","Low","Public","Negative",4,0,"Postgraduate","Near","Female",75,0
14,71,"High","High",1,8,89,"Medium",1,0,"Medium","Medium","Public","Neutral",3,0,"Postgraduate","Near","Female",66,0
14,80,"High","Medium",0,10,56,"Low",1,1,"Low","Medium","Public","Positive",3,0,"Postgraduate","Moderate","Female",65,1
17,67,"Medium","Medium",0,9,97,"Medium",1,1,"Medium","Low","Public","Neutral",3,0,"Postgraduate","Moderate","Female",64,0
21,92,"High","Low",0,6,76,"Low",1,2,"Low","Medium","Public","Positive",5,0,"College","Near","Male",70,0
17,96,"Medium","High",1,8,87,"Medium",1,0,"Medium","Medium","Private","Positive",5,0,"High School","Moderate","Male",71,0
24,94,"Low","Medium",0,8,60,"Low",1,0,"Medium","Medium","Public","Neutral",3,0,"High School","Near","Male",68,0
14,77,"Medium","Medium",1,6,77,"Low",1,1,"Low","High","Private","Neutral",2,0,"College","Near","Male",64,1
12,90,"High","High",0,8,67,"Low",1,2,"Low","Low","Public","Neutral",3,0,"High School","Near","Female",67,1
9,64,"Medium","High",1,6,99,"Medium",1,6,"Low","High","Public","Positive",6,1,"High School","Moderate","Male",65,1
7,62,"High","Medium",1,7,74,"Medium",1,3,"Medium","Medium","Public","Neutral",3,0,"Postgraduate","Near","Female",62,1
17,90,"Low","High",1,5,88,"Low",1,1,"Medium","Medium","Public","Negative",1,0,"College","Near","Female",68,0
18,77,"High","Medium",1,4,80,"Medium",1,1,"Medium","Low","Private","Negative",2,0,"College","Near","Male",66,0
16,100,"High","High",1,7,55,"High",1,1,"Low","Medium","Public","Negative",2,1,"College","Moderate","Male",69,0
27,64,"Medium","Medium",1,7,77,"High",1,3,"High","Medium","Public","Neutral",4,0,"High School","Moderate","Male",68,0
27,94,"Medium","Low",0,5,77,"Medium",1,0,"Medium","High","Public","Positive",2,0,"College","Near","Female",71,0
18,79,"Medium","High",1,8,86,"Medium",1,3,"Low","Low","Public","Neutral",4,0,"College","Near","Female",68,0
9,93,"High","Low",1,7,66,"Medium",1,0,"Low","Low","Private","Neutral",2,0,"College","Moderate","Male",64,0
17,93,"Low","Medium",0,8,93,"Low",1,0,"Low","Medium","Public","Negative",3,0,"College","Moderate","Male",66,0
16,97,"Medium","Low",1,8,81,"High",1,0,"High","High","Private","Positive",2,0,"High School","Near","Male",70,0
16,72,"Low","Medium",0,9,52,"Medium",1,1,"Medium","High","Public","Negative",1,1,"College","Moderate","Female",60,1
16,98,"Medium","Medium",1,8,85,"Low",1,0,"Low","High","Public","Positive",2,0,"College","Far","Male",69,0
16,66,"Medium","Medium",1,7,95,"Low",1,1,"Medium","Medium","Public","Positive",4,0,"College","Near","Male",65,1
18,63,"High","High",1,7,84,"Medium",1,1,"Medium","High","Public","Neutral",2,0,"High School","Near","Female",66,0
16,77,"Medium","Low",0,10,69,"Medium",1,1,"Medium","Medium","Private","Neutral",3,0,"High School","Near","Female",64,0
21,93,"Medium","High",0,8,80,"Medium",1,0,"High","High","Public","Positive",1,0,"College","Moderate","Female",71,0
22,79,"High","Low",0,7,59,"Medium",1,0,"Medium","Medium","Public","Positive",3,0,"College","Near","Male",66,0
15,93,"Medium","Low",1,7,80,"Low",1,0,"Low","Medium","Public","Positive",3,0,"High School","Near","Female",66,0
28,89,"Medium","Medium",0,6,75,"Medium",1,1,"Low","Low","Private","Negative",3,0,"High School","Moderate","Male",68,0
14,68,"High","High",0,5,51,"High",1,1,"High","Medium","Public","Neutral",5,1,"High School","Moderate","Male",63,0
10,98,"Medium","Low",1,10,66,"Low",1,1,"Low","High","Public","Negative",2,0,"College","Near","Female",66,1
22,62,"Low","Medium",0,8,60,"Low",0,0,"Medium","High","Public","Positive",2,0,"College","Near","Male",61,1
15,96,"Medium","Low",0,5,70,"High",1,4,"Low","High","Private","Positive",3,0,"College","Near","Male",70,0
22,72,"Medium","High",1,7,62,"Low",1,5,"High","Medium","Private","Neutral",2,0,"College","Moderate","Female",68,1
6,80,"Medium","Medium",1,9,92,"Low",1,5,"Low","Medium","Public","Neutral",2,0,"Postgraduate","Moderate","Male",65,1
28,77,"High","Medium",0,6,85,"High",1,0,"Low","Medium","Public","Negative",1,0,"Postgraduate","Near","Female",69,0
24,67,"Medium","High",1,6,87,"Low",1,0,"Medium","Medium","Public","Positive",4,0,"College","Near","Male",67,0
11,74,"High","Medium",0,8,68,"Low",1,0,"Medium","Medium","Public","Positive",3,0,"High School","Moderate","Male",62,1
11,68,"Low","High",1,8,50,"Low",1,2,"Low","High","Private","Positive",4,0,"High School","Near","Female",61,1
30,68,"High","High",1,6,61,"High",1,1,"Medium","Medium","Public","Positive",3,0,"Postgraduate","Near","Female",70,0
16,67,"High","Medium",1,6,88,"Medium",1,0,"High","Low","Public","Neutral",3,0,"College","Near","Male",65,0
15,80,"High","Medium",0,8,80,"Medium",1,1,"Low","Medium","Public","Neutral",4,0,"High School","Moderate","Female",65,0
6,92,"Medium","Medium",1,5,77,"Medium",1,1,"Low","High","Public","Positive",4,0,"High School","Near","Male",66,0
18,83,"Medium","High",1,6,64,"Low",0,1,"Medium","High","Private","Negative",3,0,"High School","Near","Female",66,1
19,96,"Medium","Medium",1,7,54,"High",1,1,"Low","Medium","Public","Neutral",3,0,"College","Near","Male",69,0
24,85,"High","High",0,8,89,"Medium",1,1,"Low","Medium","Public","Neutral",3,0,"High School","Moderate","Female",70,0
12,88,"High","Medium",0,6,52,"Low",0,1,"Medium","High","Public","Negative",1,0,"High School","Near","Male",63,1
11,87,"Low","Medium",0,8,53,"High",1,1,"Medium","Medium","Public","Positive",3,0,"High School","Near","Female",64,0
23,78,"High","Low",0,9,65,"High",1,1,"Low","High","Public","Neutral",2,1,"College","Far","Female",65,0
26,88,"High","Medium",1,6,79,"Medium",1,1,"Low","High","Public","Neutral",4,0,"High School","Far","Male",71,0
11,63,"Medium","Medium",1,10,100,"High",1,0,"Medium","Medium","Public","Neutral",3,0,"High School","Far","Female",61,0
26,94,"Low","Low",1,9,55,"Low",1,2,"High","Medium","Public","Neutral",3,0,"High School","Near","Male",69,0
20,91,"High","Medium",0,7,74,"Medium",1,1,"Medium","Medium","Public","Neutral",4,0,"High School","Moderate","Male",69,0
27,70,"Medium","Medium",0,7,80,"Low",1,1,"Low","Medium","Public","Neutral",3,0,"High School","Near","Female",66,0
20,91,"High","Medium",0,6,91,"Medium",1,3,"High","High","Public","Neutral",2,0,"High School","Near","Male",72,0
5,61,"High","Medium",0,9,84,"High",1,1,"Medium","Medium","Public","Neutral",3,0,"College","Near","Male",60,1
19,69,"Low","Low",0,7,90,"Medium",1,0,"Low","Medium","Public","Neutral",1,0,"College","Near","Male",62,0
26,63,"Medium","Medium",1,5,76,"Medium",1,3,"Medium","High","Public","Neutral",5,1,"High School","Near","Female",66,0
15,91,"Medium","High",1,4,72,"Low",1,1,"High","High","Private","Neutral",2,0,"High School","Near","Male",69,0
18,90,"High","Medium",0,7,81,"Medium",1,2,"Medium","Low","Public","Negative",3,0,"Postgraduate","Moderate","Male",69,0
19,93,"Medium","High",0,7,95,"Low",1,3,"Medium","Medium","Private","Negative",3,0,"High School","Near","Female",71,0
3,60,"Medium","Low",1,6,78,"Low",1,1,"Low","Medium","Public","Positive",1,0,"Postgraduate","Near","Female",57,1
30,80,"High","High",0,5,80,"Medium",1,0,"Low","Medium","Private","Positive",4,0,"Postgraduate","Near","Female",72,0
15,88,"Low","Medium",1,4,67,"Medium",1,1,"Medium","High","Private","Positive",4,0,"High School","Far","Female",66,0
23,66,"Medium","Medium",1,6,80,"Medium",1,1,"Medium","Medium","Public","Positive",3,0,"College","Near","Female",66,0
19,86,"Medium","Medium",0,6,81,"Medium",1,3,"Medium","High","Public","Neutral",3,0,"College","Near","Male",70,0
28,63,"Medium","Medium",0,8,88,"Medium",1,2,"Low","High","Public","Positive",2,0,"High School","Near","Male",67,0
22,67,"Medium","Medium",1,7,79,"Medium",1,1,"Medium","Low","Private","Neutral",3,0,"College","Moderate","Female",65,0
19,79,"Medium","Medium",1,9,60,"Low",1,1,"Low","Medium","Public","Neutral",3,1,"High School","Near","Female",63,1
15,86,"High","Low",0,8,79,"Medium",1,3,"Low","Medium","Public","Positive",3,0,"College","Near","Female",68,0
25,66,"Low","Medium",1,8,65,"Medium",1,0,"Medium","Medium","Public","Positive",3,1,"High School","Near","Male",63,0
9,67,"Medium","High",1,8,54,"Medium",1,3,"Medium","High","Private","Positive",5,0,"College","Moderate","Male",63,1
24,68,"Medium","Medium",1,5,91,"High",1,1,"High","Medium","Public","Negative",4,0,"College","Near","Female",68,0
13,70,"Medium","Medium",1,6,53,"Medium",1,2,"Low","Medium","Public","Negative",0,1,"College","Moderate","Female",60,1
28,69,"Medium","Medium",0,10,82,"High",1,0,"Medium","Medium","Private","Neutral",2,0,"High School","Near","Female",67,0
21,76,"Low","Low",1,4,99,"High",1,0,"Low","Low","Public","Positive",3,0,"College","Far","Male",65,0
24,86,"High","Low",1,7,54,"Medium",1,0,"Low","High","Public","Neutral",2,0,"College","Near","Male",68,0
20,78,"Medium","Low",0,8,61,"Medium",1,0,"Medium","Medium","Public","Neutral",2,1,"High School","Moderate","Female",62,0
9,91,"Medium","Low",0,4,88,"Low",1,2,"Medium","Medium","Public","Neutral",4,1,"Postgraduate","Near","Female",65,1
15,89,"Medium","Medium",1,6,55,"High",1,1,"Low","Medium","Private","Positive",3,0,"High School","Near","Male",66,0
24,65,"Medium","Medium",1,10,92,"Low",1,3,"Medium","High","Public","Neutral",4,0,"High School","Near","Male",67,0
21,62,"Low","High",1,7,50,"Low",0,1,"High","Medium","Public","Negative",2,0,"High School","Moderate","Female",60,1
27,95,"Low","High",1,6,94,"High",1,2,"Medium","Medium","Public","Neutral",4,0,"Postgraduate","Far","Female",74,0
22,63,"Low","Low",1,7,53,"Medium",1,1,"High","Medium","Public","Neutral",4,0,"High School","Near","Male",62,1
14,66,"Low","Medium",1,6,96,"Low",1,0,"High","Medium","Public","Negative",3,0,"College","Moderate","Male",61,1
15,61,"Medium","Medium",0,10,93,"High",1,0,"Medium","High","Public","Neutral",4,0,"High School","Near","Male",63,0
21,85,"Medium","Low",0,6,77,"Medium",1,2,"Low","Medium","Public","Neutral",3,0,"College","Far","Male",66,0
6,83,"Medium","Medium",0,6,89,"Medium",1,1,"Low","Medium","Public","Positive",4,0,"Postgraduate","Near","Female",65,0
30,99,"Low","Medium",0,5,54,"Medium",1,0,"Medium","Medium","Private","Positive",3,0,"Postgraduate","Near","Male",72,0
23,95,"High","Medium",0,7,57,"Medium",1,1,"Low","Medium","Private","Neutral",2,0,"High School","Near","Female",70,0
27,76,"High","High",1,7,68,"Medium",1,1,"Medium","Medium","Public","Neutral",3,0,"Postgraduate","Moderate","Female",71,0
11,75,"High","High",1,9,77,"Medium",0,1,"High","High","Private","Neutral",2,1,"College","Moderate","Male",64,1
27,72,"Medium","High",0,5,93,"Low",1,1,"High","Medium","Public","Positive",2,0,"College","Near","Male",70,0
33,66,"Medium","Medium",0,8,77,"Medium",1,2,"Medium","Low","Public","Neutral",3,0,"High School","Near","Male",68,0
12,66,"Low","High",1,7,83,"Medium",0,1,"Medium","Medium","Public","Neutral",3,0,"High School","Near","Male",61,1
25,65,"High","Medium",1,4,84,"High",1,1,"High","Medium","Public","Positive",2,0,"High School","Near","Male",68,0
20,65,"Low","Medium",0,6,94,"Medium",1,1,"Low","High","Public","Positive",2,0,"Postgraduate","Near","Female",64,0
11,70,"Medium","High",1,6,89,"Low",1,2,"Medium","Medium","Public","Positive",4,0,"High School","Near","Female",64,1
23,72,"Medium","High",1,10,99,"Medium",1,2,"Medium","High","Private","Neutral",4,0,"Postgraduate","Near","Female",71,0
25,98,"Medium","High",1,8,51,"Medium",1,0,"Medium","Medium","Private","Positive",2,0,"College","Moderate","Female",72,0
16,83,"Medium","Medium",1,7,60,"Medium",1,0,"High","Medium","Public","Positive",1,0,"College","Moderate","Female",66,0
27,100,"Low","Medium",1,4,97,"Low",1,4,"Low","High","Public","Positive",3,0,"High School","Near","Female",74,0
10,75,"Medium","Medium",1,4,90,"Medium",1,3,"Medium","High","Public","Positive",3,1,"Postgraduate","Moderate","Male",65,0
11,78,"High","High",0,8,63,"Low",1,1,"Low","Medium","Public","Neutral",3,0,"High School","Near","Female",64,1
21,73,"High","Medium",1,8,99,"Medium",1,1,"Medium","High","Public","Positive",4,0,"College","Moderate","Male",69,0
20,67,"Medium","Medium",0,6,93,"Low",0,1,"Low","Medium","Public","Negative",3,1,"College","Near","Male",62,1
16,66,"Medium","Medium",1,7,53,"High",1,2,"Medium","Medium","Public","Negative",2,0,"Postgraduate","Moderate","Male",62,0
25,98,"Low","Low",1,7,91,"Medium",1,2,"Low","Low","Public","Positive",3,0,"Postgraduate","Near","Female",72,0
23,99,"Medium","High",0,7,89,"High",1,1,"Medium","Medium","Public","Neutral",3,0,"High School","Near","Female",73,0
25,62,"Medium","Low",0,6,61,"High",1,1,"Medium","Medium","Public","Positive",4,0,"Postgraduate","Moderate","Female",64,0
19,66,"Medium","Medium",0,8,83,"Medium",1,2,"Medium","High","Public","Neutral",3,0,"High School","Near","Female",65,0
24,77,"High","High",1,9,99,"Medium",1,1,"Low","Medium","Public","Positive",1,0,"High School","Near","Male",70,0
17,67,"Medium","Medium",1,6,84,"High",1,1,"High","High","Public","Neutral",3,0,"Postgraduate","Moderate","Female",66,0
32,75,"Low","High",0,5,91,"Low",1,1,"High","Medium","Public","Positive",2,0,"College","Moderate","Female",70,0
15,65,"Medium","High",1,6,55,"Low",1,2,"Medium","Medium","Private","Positive",3,0,"High School","Near","Female",63,1
33,78,"Low","Low",0,7,86,"Medium",1,1,"Low","High","Public","Positive",4,0,"High School","Near","Male",69,0
20,71,"High","Medium",1,8,60,"Low",1,0,"Medium","Medium","Public","Neutral",2,0,"High School","Near","Male",64,1
12,74,"Low","Medium",0,8,54,"Medium",1,2,"Medium","Medium","Private","Positive",5,0,"Postgraduate","Moderate","Female",63,1
28,64,"Medium","Medium",0,8,78,"Low",1,2,"Medium","Medium","Private","Negative",3,0,"Postgraduate","Near","Male",66,0
21,77,"Medium","Medium",1,8,88,"Low",1,2,"High","Medium","Private","Positive",1,0,"College","Moderate","Female",68,0
25,99,"Medium","Medium",1,7,77,"Medium",1,0,"High","High","Public","Neutral",3,0,"High School","Near","Male",97,0
27,73,"Low","Low",0,9,97,"Medium",1,2,"Medium","High","Public","Neutral",1,0,"High School","Near","Female",67,0
22,95,"Medium","Medium",0,7,85,"Medium",1,0,"Medium","Medium","Private","Positive",4,0,"College","Near","Male",71,0
16,94,"Low","Low",1,8,56,"Low",1,2,"Low","High","Public","Positive",2,0,"College","Near","Female",66,1
26,98,"Medium","Low",1,7,97,"Medium",1,2,"Low","Medium","Public","Neutral",2,1,"Postgraduate","Moderate","Male",72,0
20,92,"High","Medium",1,7,58,"Low",1,2,"Low","Low","Public","Neutral",4,0,"Postgraduate","Near","Female",70,0
24,86,"Medium","Medium",1,7,88,"Medium",1,1,"Low","Medium","Public","Neutral",3,0,"High School","Far","Male",69,0
7,94,"Medium","Low",1,9,57,"High",1,2,"Medium","Medium","Public","Negative",3,0,"Postgraduate","Near","Female",66,0
23,63,"High","High",0,7,100,"Low",1,2,"Medium","High","Private","Positive",3,0,"Postgraduate","Near","Female",69,0
16,79,"Medium","Medium",1,6,67,"Low",0,2,"Medium","High","Private","Positive",3,0,"College","Near","Male",65,1
30,100,"High","High",0,6,75,"Medium",1,0,"Low","Medium","Public","Neutral",4,0,"College","Moderate","Female",75,0
24,91,"Low","Medium",0,8,73,"Medium",1,2,"Low","High","Private","Positive",2,0,"Postgraduate","Moderate","Male",70,0
21,98,"High","Low",1,6,55,"Low",1,1,"Medium","Medium","Public","Positive",3,0,"High School","Near","Male",70,0
23,91,"Medium","High",1,7,75,"Low",1,2,"Low","High","Public","Negative",2,0,"High School","Far","Male",69,0
14,95,"High","Medium",0,7,57,"Medium",1,2,"Low","Low","Public","Neutral",2,0,"College","Near","Female",68,0
30,88,"Low","Medium",1,6,90,"High",1,4,"High","Medium","Private","Negative",2,0,"College","Moderate","Male",73,0
32,90,"Medium","Medium",1,5,98,"High",1,0,"Medium","High","Public","Neutral",3,0,"College","Moderate","Male",74,0
22,81,"Low","Low",0,5,90,"Medium",1,0,"High","Medium","Public","Positive",2,0,"College","Moderate","Female",66,0
30,97,"High","Medium",1,6,72,"High",1,1,"Low","High","Public","Positive",2,0,"High School","Far","Female",74,0
17,93,"Medium","Low",1,5,50,"Low",1,3,"High","Medium","Public","Positive",2,0,"High School","Moderate","Male",67,1
15,94,"High","Medium",1,8,52,"Low",1,1,"Medium","Medium","Private","Positive",2,0,"College","Far","Female",67,1
20,87,"Medium","High",0,10,75,"Low",1,3,"Medium","Medium","Private","Neutral",2,0,"College","Near","Female",70,0
23,72,"Low","High",1,6,84,"Medium",1,1,"High","High","Public","Neutral",2,0,"High School","Near","Male",67,0
18,61,"Medium","Low",1,6,91,"High",1,3,"Medium","High","Public","Positive",3,0,"College","Moderate","Female",80,0
23,97,"Medium","High",1,6,80,"Low",1,1,"Low","Low","Public","Negative",2,0,"College","Moderate","Male",70,0
22,83,"High","Medium",0,8,99,"Low",1,4,"High","High","Public","Negative",4,1,"High School","Near","Female",71,0
14,72,"Medium","Low",0,8,75,"High",1,4,"High","Medium","Private","Positive",2,1,"College","Near","Male",64,0
23,66,"High","High",1,7,80,"Medium",1,1,"Medium","Medium","Public","Positive",3,0,"College","Moderate","Female",68,0
25,93,"Medium","Medium",0,5,62,"Medium",1,0,"Low","Medium","Public","Neutral",3,0,"High School","Far","Male",68,0
21,93,"Medium","Medium",1,6,67,"Medium",0,1,"High","Medium","Public","Positive",3,0,"High School","Near","Female",69,0
27,93,"High","Low",1,7,84,"Low",1,1,"Medium","Medium","Private","Neutral",2,0,"Postgraduate","Near","Male",72,0
13,86,"Medium","Medium",0,7,80,"Medium",1,0,"Low","Medium","Private","Negative",5,0,"College","Near","Male",65,0
23,75,"Low","Low",1,7,68,"Medium",1,1,"High","Low","Private","Neutral",4,1,"High School","Near","Male",64,0
13,72,"Medium","High",0,8,56,"Low",1,1,"Low","High","Public","Positive",4,0,"Postgraduate","Moderate","Female",64,1
13,60,"Low","Medium",0,5,67,"High",1,1,"Low","Medium","Public","Positive",4,1,"High School","Far","Male",58,1
16,93,"High","Medium",1,7,52,"Low",1,2,"Medium","High","Public","Neutral",3,0,"High School","Near","Male",69,0
14,63,"High","Low",0,7,79,"Medium",1,1,"Low","Medium","Public","Neutral",3,0,"High School","Near","Male",61,1
17,85,"High","High",1,6,66,"Medium",1,0,"Medium","High","Public","Neutral",2,0,"College","Moderate","Female",68,0
19,80,"High","Medium",1,6,69,"Low",1,1,"Low","Low","Private","Neutral",4,1,"College","Near","Male",66,1
25,81,"Medium","Medium",0,8,79,"Low",1,1,"Medium","Medium","Public","Neutral",4,0,"College","Near","Female",68,0
18,97,"Low","High",0,5,79,"Low",1,2,"Low","High","Public","Positive",3,0,"College","Moderate","Male",70,0
10,61,"High","Low",1,10,79,"Medium",1,4,"High","High","Public","Positive",2,1,"College","Moderate","Male",62,1
27,91,"Medium","Medium",0,8,75,"Low",1,2,"Medium","High","Private","Neutral",3,0,"High School","Near","Male",71,0
15,62,"Medium","Medium",0,7,74,"High",1,0,"Low","High","Public","Negative",3,0,"Postgraduate","Moderate","Female",61,0
20,62,"High","Medium",1,7,91,"Low",1,1,"Medium","Low","Public","Negative",3,0,"College","Near","Male",64,1
23,77,"Medium","Low",0,8,73,"Medium",1,1,"Low","Low","Public","Positive",2,0,"College","Near","Male",65,0
21,63,"Low","Medium",1,6,77,"Low",1,3,"Medium","High","Public","Negative",1,0,"High School","Near","Male",63,1
27,92,"High","Medium",1,6,99,"Low",1,4,"Low","Low","Private","Positive",3,0,"High School","Near","Female",74,0
23,81,"Medium","High",0,9,59,"Low",1,2,"Medium","High","Public","Neutral",2,0,"College","Near","Male",68,0
15,61,"High","Medium",1,6,86,"High",1,2,"High","High","Public","Neutral",3,0,"High School","Near","Female",65,0
33,62,"Medium","Medium",0,7,74,"Low",1,2,"Medium","Medium","Public","Neutral",2,0,"College","Moderate","Male",66,0
21,85,"Medium","High",1,6,92,"Medium",1,1,"Medium","High","Public","Neutral",2,1,"High School","Moderate","Male",69,0
19,92,"Low","Medium",1,7,70,"Low",1,2,"High","Medium","Private","Positive",2,0,"College","Near","Male",69,0
26,78,"High","Medium",0,8,65,"Medium",1,3,"Medium","Medium","Public","Positive",3,0,"College","Near","Female",70,0
21,82,"Medium","Medium",1,10,60,"High",1,3,"High","High","Public","Positive",4,0,"High School","Near","Female",70,0
22,92,"Medium","Medium",1,6,94,"Medium",1,1,"Medium","Medium","Public","Positive",3,0,"High School","Near","Male",71,0
35,84,"Medium","Medium",0,5,86,"Medium",1,1,"Medium","Medium","Public","Neutral",3,0,"High School","Near","Female",72,0
18,69,"Medium","Low",0,7,54,"Medium",1,1,"Low","High","Public","Neutral",4,0,"High School","Moderate","Male",61,1
18,85,"Medium","High",1,6,86,"High",0,1,"Medium","Medium","Private","Neutral",3,0,"High School","Near","Female",68,0
21,85,"Medium","Low",1,7,52,"Medium",1,3,"Low","Medium","Private","Neutral",3,0,"High School","Near","Male",66,0
26,89,"Medium","Medium",1,8,59,"Low",1,1,"Low","High","Public","Neutral",4,0,"High School","Near","Male",70,0
11,85,"Medium","Low",0,10,80,"Low",0,0,"Low","High","Public","Positive",3,0,"College","Near","Female",63,1
8,99,"Medium","High",1,6,73,"Medium",1,1,"Medium","Medium","Public","Positive",3,0,"High School","Far","Female",68,0
16,68,"Low","Medium",1,4,92,"Medium",0,1,"Medium","Medium","Public","Negative",4,0,"College","Near","Male",62,0
10,98,"Medium","High",0,7,80,"Low",1,3,"Medium","Medium","Private","Neutral",3,0,"College","Near","Male",69,0
17,82,"Medium","Medium",1,8,98,"Medium",1,3,"Medium","High","Public","Positive",4,0,"High School","Moderate","Male",69,0
23,87,"Medium","Low",1,6,93,"Medium",1,1,"High","High","Private","Positive",4,0,"Postgraduate","Near","Female",72,0
15,64,"High","Medium",1,7,67,"Medium",1,2,"Low","High","Public","Positive",3,0,"High School","Near","Male",64,1
11,75,"Low","Medium",0,7,92,"Medium",0,2,"Low","High","Public","Positive",4,0,"College","Moderate","Female",63,0
20,91,"Medium","Medium",1,7,93,"High",1,1,"Low","Medium","Public","Negative",3,0,"Postgraduate","Moderate","Male",70,0
25,88,"Low","Medium",1,8,98,"Low",0,1,"Low","Low","Private","Neutral",4,0,"Postgraduate","Near","Male",69,0
10,62,"High","High",0,7,51,"Medium",1,1,"Medium","High","Private","Positive",2,0,"High School","Near","Male",61,1
25,82,"High","High",0,8,94,"Low",1,2,"Low","Medium","Public","Neutral",3,0,"High School","Moderate","Male",70,0
25,64,"Medium","Medium",1,4,53,"Low",1,1,"Medium","Medium","Public","Neutral",2,0,"College","Near","Male",64,1
26,100,"High","High",1,6,76,"High",1,0,"Medium","High","Public","Negative",4,0,"Postgraduate","Near","Male",76,0
27,96,"Medium","Medium",1,6,71,"Medium",1,2,"Medium","Medium","Public","Neutral",2,0,"College","Near","Female",73,0
33,61,"Low","Low",1,5,96,"Medium",1,2,"Medium","Medium","Public","Negative",3,0,"High School","Near","Male",67,0
18,94,"Medium","Medium",1,7,70,"Medium",0,2,"Medium","High","Public","Negative",3,0,"College","Near","Female",69,0
21,97,"Medium","Medium",1,6,80,"Low",1,2,"Medium","Medium","Private","Positive",4,0,"College","Near","Male",72,0
18,74,"Medium","Medium",0,6,85,"Medium",1,4,"Medium","Medium","Private","Negative",3,0,"College","Moderate","Female",66,0
20,89,"Medium","Medium",1,8,51,"Medium",1,3,"Medium","High","Public","Positive",3,0,"Postgraduate","Near","Female",70,0
29,78,"Medium","High",1,7,80,"Medium",1,2,"Medium","Medium","Public","Positive",4,0,"Postgraduate","Near","Female",73,0
12,86,"High","Medium",1,5,76,"Low",0,2,"High","Medium","Public","Positive",3,0,"Postgraduate","Near","Female",68,1
15,74,"Medium","High",0,6,80,"Medium",1,2,"High","Medium","Public","Negative",3,0,"Postgraduate","Moderate","Male",66,0
28,73,"Low","Medium",1,8,54,"Medium",1,4,"Medium","Medium","Private","Neutral",1,0,"High School","Near","Female",67,0
26,77,"Medium","Low",0,7,53,"High",0,3,"Medium","High","Private","Positive",3,0,"High School","Near","Female",67,0
18,66,"Medium","High",1,9,59,"Medium",0,0,"Low","Medium","Private","Positive",3,0,"High School","Near","Male",62,1
25,93,"Low","Medium",0,8,93,"Medium",1,2,"Medium","Medium","Public","Positive",3,0,"College","Near","Male",72,0
22,74,"Low","High",1,6,68,"Medium",1,0,"Medium","Low","Public","Positive",4,0,"High School","Far","Male",65,0
29,76,"Medium","Low",1,9,72,"Medium",1,1,"High","Medium","Public","Positive",3,0,"High School","Near","Male",69,0
20,96,"Medium","High",0,9,70,"Medium",1,2,"Low","Low","Public","Positive",2,1,"High School","Near","Male",69,0
26,80,"High","Medium",1,4,86,"Medium",0,0,"Low","Medium","Public","Positive",4,0,"College","Moderate","Male",69,0
36,82,"Low","Low",1,7,63,"Medium",1,0,"Medium","Medium","Private","Positive",3,0,"High School","Near","Male",69,0
24,98,"Low","Medium",1,6,53,"Medium",1,1,"Medium","Low","Public","Neutral",2,0,"High School","Near","Female",69,0
20,95,"Medium","High",1,7,69,"Low",1,0,"Medium","High","Public","Neutral",3,0,"High School","Near","Male",70,0
24,67,"High","Low",0,6,86,"Medium",1,6,"Low","Medium","Private","Positive",3,1,"Postgraduate","Moderate","Female",67,0
18,79,"Medium","High",1,6,96,"Medium",1,3,"Medium","Low","Public","Positive",3,1,"Postgraduate","Near","Male",69,0
34,99,"Medium","Medium",1,8,53,"Medium",1,0,"Medium","High","Public","Neutral",5,0,"College","Near","Male",75,0
21,75,"Low","Medium",1,5,91,"Medium",1,2,"Low","Low","Public","Neutral",3,0,"High School","Near","Male",66,0
18,75,"Medium","Low",1,7,53,"Medium",1,0,"High","High","Public","Neutral",2,0,"High School","Near","Male",63,0
15,68,"Medium","Medium",1,5,67,"Medium",1,3,"Medium","High","Private","Negative",4,0,"Postgraduate","Moderate","Male",64,1
27,65,"Medium","Medium",1,9,51,"Medium",1,2,"High","Medium","Private","Positive",2,0,"Postgraduate","Moderate","Female",66,0
25,90,"Medium","Medium",1,7,96,"Medium",1,1,"Medium","Medium","Public","Positive",4,0,"College","Moderate","Male",72,0
17,91,"Medium","High",0,8,85,"High",1,3,"Medium","High","Public","Neutral",4,0,"College","Moderate","Female",71,0
23,99,"Low","Medium",1,7,68,"Medium",1,0,"High","High","Private","Positive",2,0,"High School","Far","Male",70,0
11,91,"High","Medium",0,7,69,"Medium",1,2,"Low","Medium","Private","Positive",2,0,"College","Near","Male",67,0
21,70,"Medium","Low",0,7,82,"High",1,0,"High","High","Public","Positive",3,0,"High School","Near","Female",65,0
23,62,"High","High",1,9,54,"Low",1,3,"Low","Medium","Private","Neutral",4,0,"High School","Near","Male",65,1
30,99,"Medium","Medium",1,6,57,"Medium",1,0,"Low","Medium","Public","Neutral",4,0,"Postgraduate","Near","Male",73,0
15,74,"Medium","Medium",1,4,92,"Low",1,1,"Medium","Medium","Private","Positive",3,0,"Postgraduate","Near","Male",66,1
12,72,"Low","Medium",1,6,60,"High",1,0,"Low","Medium","Public","Neutral",4,0,"Postgraduate","Near","Male",62,0
15,96,"Medium","High",0,5,86,"Medium",1,2,"High","Medium","Private","Positive",2,0,"High School","Near","Male",71,0
12,83,"Medium","High",0,8,61,"Medium",1,3,"High","Medium","Public","Neutral",5,1,"High School","Near","Male",66,0
28,69,"High","High",1,7,54,"Low",0,1,"Low","Medium","Public","Neutral",2,0,"College","Far","Male",65,1
29,96,"Medium","High",1,8,95,"Medium",1,0,"High","Medium","Private","Positive",2,0,"High School","Near","Female",75,0
22,100,"High","Medium",0,7,95,"Medium",1,2,"Low","Medium","Public","Positive",4,0,"College","Near","Male",74,0
27,63,"Medium","Low",1,7,80,"High",1,1,"Medium","High","Private","Neutral",3,0,"High School","Moderate","Male",65,0
21,94,"Medium","Medium",0,7,73,"Low",1,2,"Low","Medium","Private","Positive",3,0,"Postgraduate","Near","Female",71,0
19,76,"High","Low",1,9,78,"Low",1,1,"Low","Medium","Public","Negative",1,0,"Postgraduate","Near","Female",65,1
18,81,"Medium","Low",1,7,70,"High",1,0,"Low","Medium","Private","Neutral",2,0,"College","Near","Male",65,0
18,97,"Medium","Low",0,9,88,"Medium",1,0,"Low","Medium","Public","Neutral",4,0,"High School","Moderate","Female",67,0
11,99,"Medium","Low",1,9,88,"Medium",1,2,"Low","Medium","Public","Neutral",2,0,"High School","Moderate","Male",67,0
22,70,"Medium","Medium",0,7,91,"Medium",1,2,"Medium","Medium","Public","Positive",1,0,"High School","Near","Male",66,0
20,69,"High","Medium",1,7,76,"High",1,1,"Medium","Medium","Public","Positive",3,0,"High School","Near","Female",67,0
24,63,"Medium","Medium",0,6,90,"Medium",0,2,"Low","Medium","Private","Neutral",5,0,"Postgraduate","Near","Female",66,0
21,82,"Low","High",0,9,58,"Medium",1,0,"Medium","Medium","Public","Negative",2,0,"High School","Near","Male",65,0
19,61,"High","Medium",1,6,52,"Low",0,1,"Low","Medium","Public","Neutral",3,0,"High School","Far","Female",59,1
15,76,"High","High",1,6,82,"Medium",1,4,"Low","High","Private","Positive",4,0,"High School","Moderate","Female",69,0
20,63,"Medium","Medium",0,7,55,"High",1,2,"Low","High","Public","Negative",3,0,"High School","Near","Male",63,0
24,76,"Low","Medium",0,5,78,"High",1,1,"Medium","Medium","Private","Neutral",4,1,"High School","Moderate","Male",65,0
13,62,"Medium","Low",0,6,86,"High",1,2,"Low","Medium","Public","Neutral",4,0,"High School","Near","Male",61,0
21,93,"Low","Medium",0,9,70,"Medium",1,0,"Medium","High","Public","Neutral",1,0,"Postgraduate","Far","Female",68,0
21,68,"Medium","High",1,8,52,"Medium",1,3,"Low","Medium","Public","Neutral",2,0,"College","Moderate","Male",65,0
16,73,"Low","Low",0,6,94,"Medium",0,1,"Low","Medium","Private","Negative",2,0,"College","Near","Female",61,0
16,95,"Medium","High",1,8,52,"Medium",1,0,"Low","Medium","Private","Positive",3,0,"Postgraduate","Moderate","Male",69,0
21,90,"Low","Medium",1,10,95,"High",1,2,"High","High","Private","Neutral",4,0,"College","Near","Male",72,0
13,69,"Medium","Low",1,7,53,"High",0,2,"Medium","Medium","Private","Negative",3,1,"High School","Near","Female",59,1
22,63,"Medium","Medium",0,9,87,"Low",1,0,"High","High","Public","Negative",2,0,"College","Moderate","Female",63,1
15,89,"Medium","Medium",1,8,96,"High",1,3,"Low","High","Public","Negative",3,0,"High School","Near","Male",69,0
26,76,"Low","Low",0,7,95,"High",1,1,"Low","High","Public","Neutral",1,0,"Postgraduate","Near","Male",67,0
34,91,"Low","Medium",0,7,95,"Medium",0,1,"Medium","Medium","Public","Negative",3,1,"College","Moderate","Male",70,0
15,78,"Medium","High",0,8,94,"High",1,0,"Low","Medium","Private","Positive",4,0,"Postgraduate","Moderate","Male",67,0
23,74,"Medium","Medium",1,6,76,"Medium",0,1,"Low","Medium","Public","Positive",2,0,"College","Near","Male",66,0
16,78,"Medium","Medium",1,4,78,"Medium",1,5,"High","Medium","Public","Positive",3,0,"High School","Near","Female",68,0
26,90,"Low","High",1,6,81,"Medium",1,1,"Low","Medium","Private","Neutral",3,0,"Postgraduate","Near","Male",71,0
12,96,"High","Medium",0,4,95,"Medium",1,3,"Medium","Medium","Private","Neutral",0,1,"High School","Near","Male",69,0
23,62,"High","Medium",1,6,92,"Low",1,0,"High","Medium","Public","Neutral",2,0,"High School","Moderate","Male",65,1
15,81,"Medium","Medium",0,4,89,"High",1,0,"Low","Medium","Private","Negative",3,0,"Postgraduate","Near","Female",66,0
19,61,"Medium","High",1,8,84,"High",1,2,"Medium","High","Public","Positive",4,0,"High School","Near","Male",66,0
14,79,"High","Medium",0,5,81,"High",1,3,"High","Medium","Public","Negative",3,0,"High School","Near","Female",67,0
25,95,"High","Medium",1,8,96,"Low",1,1,"Medium","Medium","Public","Neutral",4,0,"Postgraduate","Near","Male",74,0
15,74,"High","High",0,8,60,"Low",1,3,"Low","Medium","Public","Positive",5,0,"High School","Moderate","Male",66,1
23,97,"Medium","High",1,8,60,"Medium",1,1,"Medium","High","Public","Neutral",3,0,"College","Near","Male",72,0
18,85,"High","Low",1,4,99,"High",1,0,"Low","Medium","Private","Neutral",4,0,"College","Near","Male",69,0
19,97,"Low","High",0,9,78,"Medium",1,0,"Medium","Medium","Private","Negative",4,0,"High School","Moderate","Female",68,0
21,90,"Medium","High",1,8,74,"Medium",1,4,"Low","Medium","Private","Neutral",3,0,"High School","Near","Male",71,0
15,64,"Medium","Medium",0,8,93,"Medium",1,0,"Low","Medium","Public","Negative",2,0,"High School","Near","Female",61,1
21,69,"Medium","Medium",1,10,92,"Low",1,2,"Low","Medium","Private","Neutral",3,0,"High School","Near","Male",65,1
29,76,"Medium","High",1,8,59,"Medium",1,4,"Low","High","Public","Neutral",2,0,"Postgraduate","Near","Male",71,0
15,67,"Low","Medium",1,5,59,"Low",1,0,"Low","Medium","Private","Neutral",3,0,"High School","Near","Male",59,1
27,80,"High","Medium",0,8,90,"Low",1,1,"Medium","High","Public","Neutral",3,0,"Postgraduate","Near","Female",71,0
29,79,"Medium","High",0,5,89,"Medium",1,0,"High","High","Public","Neutral",3,0,"Postgraduate","Near","Female",72,0
15,98,"High","High",1,7,61,"Medium",1,1,"Low","High","Private","Positive",3,0,"College","Moderate","Female",71,0
11,77,"Low","Low",1,6,92,"Low",1,0,"Low","Medium","Public","Neutral",5,0,"High School","Near","Male",61,1
22,91,"Medium","Medium",0,7,74,"Medium",1,1,"Medium","Medium","Private","Negative",2,1,"College","Moderate","Female",67,0
17,98,"Medium","Medium",0,5,73,"Low",1,0,"Low","High","Public","Negative",2,0,"College","Moderate","Male",67,0
31,95,"Medium","Medium",0,5,99,"Medium",1,1,"Medium","Medium","Private","Neutral",4,0,"High School","Near","Female",74,0
20,68,"High","High",0,6,76,"Low",1,2,"Medium","Medium","Public","Neutral",3,0,"High School","Near","Female",66,1
15,80,"Medium","Medium",1,7,57,"Low",1,1,"Low","Medium","Private","Negative",4,0,"High School","Near","Male",63,1
13,74,"Medium","Medium",0,6,64,"Low",1,4,"High","High","Private","Neutral",3,1,"High School","Near","Male",63,1
27,76,"High","High",0,9,67,"Medium",1,1,"Low","Medium","Public","Positive",4,0,"High School","Far","Female",68,0
17,74,"Medium","Low",1,8,98,"Low",1,1,"High","High","Public","Neutral",3,0,"High School","Near","Female",65,1
20,93,"Medium","Low",0,8,63,"Medium",1,0,"Low","High","Public","Negative",3,0,"High School","Moderate","Male",66,0
26,78,"Medium","Medium",0,6,72,"Medium",1,1,"Low","Medium","Private","Neutral",3,0,"High School","Moderate","Female",67,0
17,81,"Medium","Medium",0,5,87,"High",1,0,"Low","High","Private","Neutral",2,0,"College","Near","Female",67,0
20,99,"Medium","Low",1,7,64,"High",1,0,"Medium","Medium","Public","Positive",4,0,"High School","Near","Male",70,0
20,62,"Low","Medium",1,10,85,"High",1,5,"Low","Medium","Private","Neutral",4,0,"High School","Near","Male",65,0
24,80,"Medium","Medium",1,7,60,"Medium",1,1,"High","High","Public","Positive",3,0,"High School","Moderate","Female",68,0
24,91,"Medium","High",1,9,62,"Low",1,3,"Low","Medium","Public","Negative",4,0,"College","Moderate","Male",70,0
19,66,"High","Low",0,9,99,"Medium",1,1,"Medium","Medium","Public","Positive",3,0,"College","Near","Male",66,0
20,84,"High","Medium",1,8,68,"Medium",1,0,"Low","Medium","Private","Positive",4,0,"Postgraduate","Near","Male",69,0
18,70,"Medium","Medium",0,7,86,"Medium",1,1,"High","Medium","Public","Positive",2,0,"High School","Near","Female",65,0
11,95,"Medium","Medium",1,6,92,"Medium",0,2,"Medium","Low","Public","Neutral",3,0,"Postgraduate","Moderate","Female",68,0
22,73,"Low","Medium",1,7,67,"Medium",1,3,"High","Medium","Private","Positive",2,0,"High School","Far","Male",65,0
31,73,"Medium","High",1,6,68,"High",1,1,"Medium","Medium","Public","Positive",3,0,"High School","Near","Female",70,0
15,84,"Low","Low",1,7,89,"High",1,1,"Low","High","Public","Neutral",3,0,"High School","Near","Female",65,0
15,67,"High","Medium",1,5,80,"High",1,3,"Medium","High","Public","Neutral",4,0,"College","Near","Male",67,0
15,71,"High","Low",0,6,68,"Low",0,5,"Low","Medium","Public","Positive",4,0,"College","Near","Female",64,1
24,77,"Medium","Medium",0,8,87,"High",1,2,"Low","Medium","Public","Positive",1,1,"Postgraduate","Moderate","Female",68,0
23,74,"Medium","High",1,6,93,"Medium",1,4,"High","Medium","Private","Neutral",3,0,"High School","Near","Female",70,0
19,81,"Low","High",1,6,62,"Medium",0,1,"Medium","Low","Public","Negative",3,0,"High School","Moderate","Female",64,0
14,84,"High","Medium",0,6,51,"Low",1,4,"High","Medium","Public","Neutral",3,0,"High School","Near","Male",67,1
21,83,"High","High",0,7,64,"Medium",1,2,"Medium","Low","Private","Neutral",2,0,"High School","Near","Male",68,0
11,86,"Medium","Medium",1,4,84,"Medium",1,5,"Low","High","Public","Neutral",4,1,"High School","Near","Male",67,0
21,72,"Medium","Low",1,6,96,"Low",1,4,"High","Medium","Public","Positive",2,1,"College","Moderate","Female",66,0
25,65,"Medium","High",1,8,93,"Low",0,2,"Medium","Medium","Public","Negative",3,0,"College","Moderate","Female",66,0
12,90,"Medium","Low",1,7,61,"Medium",1,2,"Low","High","Private","Positive",2,0,"High School","Near","Male",66,0
11,94,"Low","Low",1,8,94,"Medium",1,2,"Low","Medium","Public","Positive",2,0,"College","Near","Male",67,0
29,70,"Medium","Medium",1,4,91,"Low",1,2,"Low","Medium","Public","Positive",3,0,"College","Near","Male",69,0
16,76,"Low","Medium",0,6,87,"Medium",1,3,"Low","Medium","Private","Neutral",4,0,"College","Near","Female",65,0
27,80,"Low","Low",1,7,84,"Low",1,4,"Low","Medium","Public","Positive",3,0,"College","Moderate","Male",68,0
19,81,"Low","High",0,8,90,"Medium",1,2,"Low","Medium","Private","Neutral",3,0,"High School","Near","Female",67,0
19,86,"Medium","Medium",1,9,93,"Low",1,1,"Low","High","Public","Positive",3,0,"College","Near","Male",69,0
23,62,"Medium","Medium",0,8,91,"High",0,3,"High","Low","Public","Neutral",3,0,"High School","Moderate","Male",64,0
15,89,"Medium","Medium",0,6,56,"Low",1,2,"Medium","Medium","Public","Positive",4,0,"College","Near","Male",67,1
21,62,"High","Medium",0,6,86,"Medium",1,2,"Medium","High","Private","Positive",4,0,"High School","Near","Female",67,0
18,79,"Medium","High",0,9,92,"Low",1,1,"Low","Medium","Private","Neutral",3,0,"College","Near","Male",67,0
12,93,"Medium","High",0,6,59,"Medium",1,2,"Low","Medium","Private","Positive",3,0,"High School","Moderate","Female",67,0
22,78,"Medium","High",1,5,61,"Low",1,2,"Low","Medium","Public","Neutral",4,0,"College","Near","Male",68,0
18,66,"Medium","Medium",1,7,89,"High",1,4,"Low","Medium","Public","Positive",3,1,"High School","Near","Male",65,0
19,99,"Low","High",0,9,67,"Low",1,3,"High","Medium","Public","Neutral",1,0,"College","Moderate","Male",70,0
13,96,"Medium","Medium",0,6,70,"Medium",1,1,"Low","High","Public","Neutral",3,0,"College","Near","Female",68,0
30,91,"High","Low",1,6,69,"Medium",1,2,"Medium","High","Public","Negative",4,0,"High School","Moderate","Female",72,0
25,76,"Medium","High",0,6,61,"Medium",1,1,"Medium","Medium","Public","Neutral",3,0,"Postgraduate","Far","Male",67,0
26,67,"High","Low",1,8,97,"Medium",1,2,"Medium","Medium","Public","Neutral",0,0,"High School","Moderate","Female",66,0
18,98,"Low","Low",1,7,90,"Low",1,0,"High","High","Private","Positive",1,0,"High School","Moderate","Male",68,0
10,81,"Medium","High",0,8,63,"Medium",1,1,"Low","Low","Public","Neutral",2,0,"High School","Near","Male",64,1
32,94,"Medium","High",1,9,55,"High",1,4,"Medium","Medium","Private","Positive",2,1,"High School","Near","Male",75,0
20,74,"High","Low",1,5,69,"High",1,1,"Medium","Medium","Public","Positive",4,0,"College","Moderate","Female",66,0
16,73,"High","High",1,6,71,"Medium",1,0,"Low","Medium","Public","Positive",4,0,"Postgraduate","Near","Male",67,0
23,99,"High","High",0,6,50,"Medium",0,1,"High","Medium","Private","Neutral",5,1,"High School","Near","Male",71,0
27,81,"Low","High",0,7,94,"Low",1,0,"Low","Medium","Public","Neutral",4,0,"College","Moderate","Male",68,0
20,66,"Medium","Medium",1,8,93,"Medium",1,2,"Low","High","Public","Neutral",3,0,"High School","Near","Male",65,0
28,69,"Low","High",1,6,93,"Low",1,0,"High","Low","Public","Negative",3,0,"College","Near","Male",67,0
26,79,"Low","High",1,6,90,"Low",0,0,"High","Medium","Private","Negative",2,1,"College","Moderate","Male",66,0
14,62,"Low","Medium",0,8,87,"Medium",1,1,"Medium","Medium","Public","Positive",1,0,"High School","Moderate","Male",60,1
16,79,"Medium","Medium",0,8,82,"Low",1,2,"Low","Medium","Private","Neutral",3,1,"Postgraduate","Moderate","Female",64,1
26,77,"Medium","Medium",1,7,98,"Low",1,0,"High","Medium","Public","Neutral",1,0,"Postgraduate","Near","Male",69,0
4,91,"Medium","Medium",0,4,86,"Low",1,3,"Low","Medium","Private","Neutral",4,1,"College","Moderate","Male",64,1
19,74,"Medium","High",0,9,82,"High",1,2,"Low","Medium","Private","Neutral",3,0,"High School","Moderate","Male",66,0
11,99,"High","Medium",1,7,89,"High",1,3,"Low","Medium","Public","Positive",3,0,"College","Near","Male",72,0
17,67,"Low","Low",1,7,62,"Medium",1,0,"Low","Medium","Public","Positive",4,0,"High School","Moderate","Female",60,1
18,84,"Low","High",1,6,98,"Low",1,3,"Medium","Medium","Public","Positive",3,0,"High School","Near","Male",69,0
18,64,"Medium","Medium",1,6,51,"Medium",1,2,"Low","Medium","Public","Positive",1,0,"High School","Near","Female",62,1
17,89,"Medium","Medium",1,6,82,"Medium",1,3,"Medium","Medium","Private","Positive",3,0,"College","Near","Female",70,0
13,100,"Low","Low",1,4,54,"Low",1,3,"Low","Low","Public","Positive",2,0,"High School","Near","Female",65,1
34,93,"High","Medium",1,6,93,"High",1,2,"Low","High","Public","Neutral",4,0,"High School","Near","Male",77,0
31,82,"Medium","High",1,5,98,"Medium",1,0,"Low","Low","Public","Neutral",3,0,"High School","Near","Male",71,0
13,79,"Medium","High",0,7,70,"High",1,4,"Low","Medium","Public","Positive",3,1,"High School","Near","Female",66,0
29,93,"Medium","Medium",0,5,93,"Medium",1,2,"Low","Medium","Public","Positive",3,0,"Postgraduate","Near","Female",74,0
18,97,"Medium","High",0,8,67,"Medium",1,1,"Medium","High","Public","Neutral",3,0,"High School","Near","Male",70,0
21,100,"Medium","Medium",0,5,58,"Medium",1,2,"Medium","Medium","Private","Neutral",2,0,"High School","Moderate","Male",69,0
20,76,"Medium","Medium",0,9,64,"Low",1,2,"Low","Medium","Public","Negative",2,0,"College","Moderate","Male",64,1
16,100,"Medium","Medium",1,8,65,"High",1,1,"High","Medium","Public","Positive",2,1,"College","Moderate","Female",69,0
26,66,"High","High",1,5,82,"Medium",1,1,"Low","Medium","Public","Neutral",3,0,"High School","Near","Female",68,0
21,70,"Medium","Low",1,7,90,"Medium",0,1,"Low","Medium","Public","Neutral",4,0,"High School","Moderate","Male",63,0
17,64,"Medium","Medium",1,6,60,"Medium",1,1,"Medium","Medium","Private","Positive",2,1,"High School","Near","Male",61,1
12,71,"Medium","Medium",0,8,54,"Medium",1,0,"Low","Low","Public","Positive",5,0,"College","Near","Male",61,1
15,91,"Medium","Low",1,10,61,"Medium",1,0,"Low","High","Public","Neutral",4,0,"High School","Moderate","Male",65,0
10,94,"Medium","High",0,9,65,"Medium",1,3,"Low","Low","Private","Negative",2,0,"High School","Moderate","Female",65,0
20,91,"High","Medium",1,6,64,"High",1,0,"High","Medium","Private","Positive",3,1,"High School","Moderate","Female",69,0
13,85,"High","High",1,7,61,"High",1,3,"Medium","High","Public","Positive",2,0,"High School","Moderate","Female",69,0
18,81,"Low","Medium",0,9,73,"Medium",1,1,"High","Medium","Public","Negative",2,0,"High School","Near","Male",65,0
28,88,"Low","High",1,8,93,"Medium",1,3,"Low","Medium","Public","Negative",1,0,"Postgraduate","Moderate","Female",72,0
27,76,"High","High",1,9,55,"Medium",1,3,"Low","Medium","Private","Neutral",0,0,"High School","Moderate","Female",69,0
20,94,"High","Medium",1,8,93,"Low",1,1,"Medium","Medium","Public","Neutral",3,0,"College","Moderate","Female",71,0
19,87,"Medium","Medium",1,7,75,"Medium",1,2,"Low","Low","Public","Negative",3,0,"High School","Moderate","Female",67,0
31,88,"Medium","High",0,7,83,"Medium",1,0,"Low","Medium","Private","Neutral",2,0,"High School","Near","Male",72,0
23,81,"High","High",0,5,91,"Low",1,0,"High","High","Public","Positive",3,1,"High School","Near","Female",70,0
18,95,"Low","Medium",1,6,65,"High",1,1,"Low","High","Public","Negative",3,0,"High School","Near","Female",68,0
11,70,"Medium","Medium",0,6,98,"Medium",1,3,"High","Medium","Private","Neutral",4,0,"Postgraduate","Near","Female",66,0
22,75,"Medium","High",0,6,54,"Low",1,4,"Low","High","Public","Positive",4,0,"High School","Near","Male",68,1
25,91,"High","Low",1,7,76,"Low",1,1,"Low","High","Private","Positive",3,0,"College","Near","Female",71,0
16,80,"Low","Medium",1,7,63,"High",1,2,"Low","Medium","Private","Neutral",3,0,"High School","Far","Male",63,0
22,96,"Medium","High",0,7,70,"Medium",0,2,"Medium","Medium","Private","Negative",4,0,"College","Moderate","Male",70,0
18,74,"Medium","High",0,8,72,"High",1,1,"Low","High","Public","Negative",2,0,"College","Moderate","Male",65,0
19,75,"High","High",1,6,96,"Medium",1,2,"Medium","Medium","Public","Positive",4,0,"High School","Near","Female",70,0
5,96,"Medium","Low",1,8,72,"Low",1,3,"Medium","Medium","Public","Negative",5,0,"High School","Near","Male",65,1
19,79,"High","High",1,9,85,"Medium",1,0,"Medium","Medium","Public","Positive",2,0,"High School","Moderate","Male",68,0
26,81,"High","Medium",1,8,98,"Low",1,1,"Medium","Low","Private","Neutral",2,1,"High School","Near","Female",69,0
16,73,"Medium","Medium",1,6,75,"High",1,3,"Medium","Medium","Public","Positive",3,0,"High School","Moderate","Female",66,0
20,71,"Low","Medium",0,8,70,"Medium",1,0,"Medium","High","Private","Neutral",3,0,"High School","Far","Female",62,0
15,86,"Medium","High",0,8,99,"High",1,2,"Medium","Medium","Public","Neutral",5,0,"High School","Near","Male",70,0
22,65,"High","Low",0,8,91,"Medium",1,2,"High","Medium","Public","Negative",2,0,"College","Moderate","Female",65,0
19,95,"Low","High",1,9,97,"Low",1,0,"Medium","Medium","Public","Neutral",2,0,"Postgraduate","Near","Male",71,0
14,91,"Medium","High",1,8,70,"Medium",1,2,"Low","Medium","Private","Neutral",0,0,"Postgraduate","Moderate","Male",68,0
28,68,"Low","Low",1,9,85,"Medium",1,0,"Medium","Medium","Public","Negative",3,0,"Postgraduate","Near","Male",65,0
26,88,"Low","High",1,7,62,"High",0,1,"High","High","Private","Positive",2,0,"High School","Near","Female",70,0
16,84,"Medium","High",1,6,93,"Medium",1,0,"High","Medium","Public","Positive",3,0,"High School","Moderate","Male",69,0
23,67,"Medium","Low",1,9,97,"Medium",1,1,"Medium","Medium","Private","Positive",3,0,"College","Moderate","Male",66,0
23,71,"Medium","Medium",1,6,63,"Low",1,1,"Low","High","Public","Positive",5,0,"High School","Moderate","Male",66,1
24,76,"High","Medium",0,10,55,"Low",1,2,"Low","Medium","Public","Positive",4,0,"High School","Near","Male",67,1
10,88,"Low","Medium",0,9,60,"Medium",1,1,"Low","Medium","Public","Positive",3,0,"High School","Moderate","Female",63,1
26,86,"Low","High",1,7,82,"Medium",1,2,"Low","Medium","Private","Positive",3,0,"High School","Moderate","Female",70,0
17,81,"High","Medium",0,9,64,"Medium",1,0,"High","Medium","Public","Positive",3,1,"High School","Far","Male",65,0
18,91,"Medium","High",0,8,82,"Medium",1,3,"Medium","Medium","Private","Positive",2,0,"High School","Moderate","Male",70,0
36,90,"Medium","High",1,5,68,"Low",1,1,"Low","High","Public","Positive",2,0,"High School","Moderate","Male",74,0
22,85,"High","Medium",1,6,96,"Medium",1,0,"Low","Medium","Public","Neutral",3,0,"High School","Moderate","Female",69,0
18,91,"High","Medium",0,7,73,"Low",1,0,"Low","Medium","Public","Negative",4,0,"College","Near","Male",68,0
7,73,"Medium","Medium",1,7,75,"Medium",1,1,"High","High","Private","Positive",3,0,"College","Near","Male",64,1
28,95,"High","Medium",0,9,67,"Low",1,2,"Medium","Medium","Public","Neutral",3,0,"High School","Near","Male",73,0
12,85,"Medium","Medium",1,7,54,"Medium",1,4,"Low","High","Public","Positive",3,0,"College","Moderate","Male",66,0
14,93,"Medium","Low",1,5,75,"Low",1,0,"Medium","High","Public","Negative",3,0,"High School","Moderate","Male",65,1
18,82,"High","Low",1,6,89,"High",1,0,"Medium","Medium","Private","Positive",1,1,"College","Moderate","Male",66,0
28,69,"Medium","Low",0,8,98,"Medium",1,0,"Medium","Medium","Public","Positive",5,0,"High School","Near","Male",67,0
25,82,"Medium","High",0,4,54,"Medium",1,0,"Medium","Medium","Public","Neutral",3,0,"High School","Near","Male",67,0
19,75,"Medium","Medium",1,5,90,"High",1,0,"Medium","Medium","Private","Negative",3,0,"Postgraduate","Near","Female",66,0
22,88,"Medium","Low",1,6,63,"Low",1,3,"Low","Medium","Public","Positive",3,0,"Postgraduate","Near","Male",69,0
16,79,"Medium","Medium",1,8,91,"Medium",1,4,"High","Medium","Private","Positive",1,0,"Postgraduate","Near","Male",69,0
21,93,"Medium","Low",0,7,67,"High",1,2,"Low","Medium","Public","Neutral",3,0,"College","Far","Female",68,0
20,87,"Low","Low",0,8,56,"Medium",0,1,"High","Medium","Public","Negative",1,0,"College","Near","Female",64,0
26,87,"Medium","Medium",1,7,81,"Medium",1,1,"High","Medium","Public","Negative",2,0,"High School","Near","Male",70,0
26,69,"Medium","Medium",0,7,95,"Medium",1,1,"Low","Medium","Public","Negative",4,0,"Postgraduate","Near","Female",67,0
23,99,"Low","Low",0,6,59,"Medium",1,1,"Medium","Medium","Public","Positive",3,0,"High School","Far","Male",68,0
18,94,"Medium","Medium",1,8,51,"Medium",1,0,"High","Medium","Public","Positive",3,1,"College","Moderate","Female",67,0
24,92,"High","Medium",1,5,94,"Low",1,1,"Medium","Medium","Public","Neutral",2,0,"Postgraduate","Near","Female",73,0
19,73,"Medium","Medium",1,7,85,"Medium",1,1,"Medium","Medium","Public","Neutral",3,0,"High School","Far","Male",65,0
14,81,"Medium","High",0,9,90,"Medium",1,3,"High","High","Public","Neutral",3,0,"Postgraduate","Near","Male",69,0
18,65,"Medium","Medium",1,6,53,"Medium",1,1,"Medium","Medium","Private","Positive",3,1,"Postgraduate","Near","Male",63,1
21,82,"Medium","Medium",0,5,95,"Medium",1,3,"Low","Low","Public","Positive",4,0,"High School","Near","Female",68,0
25,66,"Medium","High",0,4,71,"High",1,0,"Medium","Medium","Public","Negative",3,1,"High School","Near","Female",64,0
19,82,"Low","High",0,8,95,"Medium",1,2,"Low","High","Public","Neutral",4,1,"Postgraduate","Moderate","Female",68,0
13,86,"Medium","High",1,8,53,"Medium",1,2,"Low","High","Public","Positive",4,0,"High School","Far","Male",66,0
20,76,"Medium","Medium",0,6,94,"Low",1,2,"Low","High","Public","Neutral",3,1,"High School","Moderate","Male",65,0
21,80,"Medium","Medium",1,5,84,"Low",1,4,"Low","Medium","Private","Neutral",2,0,"Postgraduate","Near","Female",69,0
21,95,"Low","Medium",0,7,78,"High",1,2,"Low","High","Public","Neutral",2,1,"High School","Near","Male",69,0
26,64,"Low","High",1,9,53,"Medium",0,2,"Low","High","Public","Negative",4,0,"College","Near","Male",64,0
26,92,"High","High",0,5,84,"High",1,0,"Medium","High","Public","Neutral",2,0,"Postgraduate","Near","Male",74,0
16,67,"High","Medium",0,9,80,"Medium",1,1,"Low","High","Public","Neutral",3,0,"High School","Near","Female",64,0
16,61,"Medium","Low",0,4,86,"Medium",1,3,"Medium","High","Public","Positive",4,0,"High School","Near","Female",63,1
14,67,"High","Medium",1,5,86,"Medium",0,0,"High","Medium","Public","Positive",4,0,"College","Moderate","Female",64,0
24,91,"Medium","Medium",1,7,72,"Medium",1,3,"Medium","High","Public","Neutral",3,0,"High School","Moderate","Male",71,0
29,76,"Low","High",1,8,60,"Medium",1,2,"Medium","Medium","Public","Negative",3,0,"High School","Near","Female",68,0
18,95,"Medium","Medium",1,9,96,"Low",1,4,"Medium","Medium","Public","Negative",4,0,"College","Near","Female",72,0
19,81,"Medium","Low",1,8,96,"High",1,1,"Low","Medium","Private","Negative",4,0,"Postgraduate","Near","Male",67,0
29,61,"Medium","High",0,9,61,"Medium",1,0,"Low","Medium","Private","Negative",3,0,"High School","Near","Male",64,0
23,89,"Medium","Low",0,7,82,"Medium",1,2,"High","High","Public","Positive",1,0,"College","Near","Male",70,0
23,64,"High","Medium",1,6,60,"Low",1,2,"Medium","Medium","Public","Negative",3,0,"College","Near","Female",65,1
13,92,"High","Medium",0,9,93,"High",1,2,"High","Medium","Public","Negative",2,0,"College","Moderate","Male",69,0
24,67,"High","Medium",0,9,55,"High",1,2,"Low","Low","Public","Positive",2,0,"College","Moderate","Male",65,0
14,74,"High","Medium",0,8,100,"Medium",1,1,"Low","Medium","Public","Neutral",3,0,"College","Near","Male",66,0
13,90,"High","Medium",0,8,81,"Medium",1,0,"Medium","Medium","Public","Positive",3,0,"High School","Moderate","Female",67,0
18,98,"Medium","Low",0,9,51,"Medium",1,1,"High","Medium","Public","Neutral",4,0,"College","Near","Male",68,0
16,75,"Medium","Medium",1,8,94,"Medium",1,0,"Medium","Medium","Private","Positive",3,0,"High School","Moderate","Male",65,0
19,93,"Medium","Medium",0,7,84,"High",0,0,"Medium","Low","Public","Neutral",2,0,"College","Near","Male",68,0
11,68,"Medium","High",1,8,85,"High",0,2,"Medium","Medium","Public","Negative",2,0,"College","Near","Male",63,0
26,92,"Medium","Medium",0,8,64,"Medium",1,1,"Medium","Medium","Private","Positive",5,0,"High School","Near","Male",71,0
27,86,"High","Medium",0,8,67,"Medium",1,1,"Low","Medium","Public","Positive",4,0,"College","Near","Male",71,0
8,68,"High","Medium",1,7,96,"Medium",1,2,"Low","High","Public","Positive",3,0,"Postgraduate","Near","Female",65,1
26,72,"Medium","Low",0,8,82,"Medium",1,2,"Medium","Low","Public","Negative",2,0,"Postgraduate","Far","Female",65,0
15,65,"Medium","Low",1,8,51,"Medium",1,1,"High","Medium","Public","Positive",3,0,"High School","Moderate","Female",61,1
25,75,"High","High",1,7,66,"Low",1,0,"Low","High","Public","Negative",4,0,"High School","Near","Male",68,0
20,68,"Low","Medium",1,6,80,"Low",1,4,"Low","Medium","Private","Neutral",4,0,"College","Near","Female",65,1
20,86,"Low","Medium",0,9,57,"Medium",1,0,"Medium","High","Public","Positive",4,0,"High School","Moderate","Male",66,0
19,100,"High","Low",1,5,55,"Low",1,2,"Low","Medium","Public","Positive",4,0,"High School","Moderate","Male",69,0
27,60,"High","High",0,6,53,"Low",1,3,"Low","Low","Private","Positive",2,0,"High School","Moderate","Female",65,1
13,82,"Medium","High",0,7,82,"Medium",1,1,"Low","Low","Public","Positive",3,0,"High School","Near","Female",65,0
24,83,"High","Medium",0,4,66,"High",1,2,"Medium","High","Private","Positive",4,1,"Postgraduate","Moderate","Male",70,0
27,97,"Medium","Medium",0,9,69,"Medium",1,1,"Low","Medium","Private","Neutral",2,0,"High School","Moderate","Female",70,0
24,80,"Medium","Medium",1,7,53,"Medium",1,2,"Low","Medium","Public","Positive",4,1,"High School","Near","Female",67,0
34,82,"Medium","High",1,9,87,"High",1,3,"Low","Medium","Public","Positive",4,0,"High School","Near","Female",75,0
17,79,"Low","Low",1,10,88,"Low",1,3,"Medium","High","Private","Neutral",3,0,"High School","Moderate","Female",65,1
26,71,"Medium","Medium",1,7,91,"Medium",0,2,"Low","Medium","Private","Neutral",3,0,"High School","Moderate","Female",66,0
19,62,"High","Medium",1,9,83,"High",1,2,"Medium","Medium","Public","Positive",3,0,"College","Near","Male",67,0
27,76,"Low","Medium",1,5,89,"Low",1,0,"Low","Medium","Private","Positive",4,0,"Postgraduate","Far","Male",67,0
20,62,"Low","Medium",0,8,79,"High",1,2,"Low","Medium","Public","Positive",1,0,"High School","Near","Female",62,0
18,82,"Medium","Medium",1,6,75,"Medium",1,0,"Low","Medium","Private","Negative",4,0,"College","Near","Male",66,0
28,72,"Low","High",0,8,63,"Low",1,1,"Low","High","Public","Neutral",2,0,"High School","Near","Male",66,0
17,81,"High","Low",1,8,53,"High",1,0,"Medium","Medium","Public","Neutral",2,0,"High School","Far","Male",64,0
12,65,"Low","Medium",0,7,65,"Medium",1,2,"Medium","Medium","Public","Neutral",2,0,"High School","Near","Male",60,1
17,97,"Medium","Medium",1,8,84,"Medium",0,3,"Low","Low","Private","Neutral",3,0,"Postgraduate","Near","Female",70,0
24,96,"Medium","Medium",0,8,96,"Medium",1,2,"Low","Low","Public","Positive",3,0,"College","Near","Female",72,0
28,68,"High","Medium",1,7,63,"Medium",1,0,"Low","High","Public","Negative",2,0,"College","Near","Male",67,0
21,74,"Medium","High",1,10,83,"Low",1,1,"High","Medium","Public","Neutral",3,0,"High School","Moderate","Female",67,0
28,85,"Medium","Medium",1,7,74,"Medium",1,1,"Medium","High","Public","Positive",3,0,"Postgraduate","Near","Female",72,0
12,64,"High","High",1,9,81,"Medium",0,1,"High","High","Public","Neutral",3,0,"High School","Moderate","Male",63,1
17,74,"Low","Medium",0,9,50,"Medium",1,0,"Low","High","Public","Negative",2,0,"High School","Far","Female",60,1
18,70,"Medium","Medium",1,4,56,"Medium",1,1,"High","High","Public","Neutral",4,0,"High School","Near","Male",65,0
19,97,"High","Medium",1,9,61,"High",1,2,"Medium","High","Public","Neutral",1,0,"Postgraduate","Moderate","Male",72,0
21,94,"Medium","High",0,9,95,"Low",1,0,"Medium","High","Private","Negative",3,0,"High School","Near","Male",70,0
24,83,"High","Medium",1,7,52,"High",1,1,"Medium","High","Public","Positive",4,0,"College","Near","Female",71,0
17,81,"Low","Medium",1,8,78,"Low",1,1,"Low","High","Private","Positive",4,0,"College","Moderate","Male",66,1
21,97,"Low","Medium",1,8,96,"High",1,2,"Low","High","Public","Positive",4,0,"College","Moderate","Female",72,0
20,97,"Low","Medium",1,9,83,"High",1,3,"Medium","High","Public","Positive",3,0,"Postgraduate","Near","Female",73,0
14,99,"High","Medium",1,6,74,"Medium",1,2,"Medium","Medium","Public","Neutral",3,0,"College","Near","Male",71,0
19,65,"High","Low",0,9,69,"Medium",1,4,"Low","High","Public","Neutral",2,0,"College","Far","Male",64,0
19,66,"Medium","High",1,5,81,"Medium",1,1,"High","Medium","Private","Positive",3,0,"College","Moderate","Male",66,0
19,87,"Medium","Medium",0,4,74,"High",1,1,"High","Medium","Public","Positive",3,0,"College","Near","Male",69,0
20,82,"Low","Medium",0,8,85,"Low",1,1,"Medium","High","Private","Neutral",3,1,"Postgraduate","Near","Female",66,0
20,61,"Medium","High",0,9,81,"Medium",1,0,"High","High","Public","Neutral",2,1,"High School","Near","Male",63,0
17,62,"Medium","Medium",1,7,78,"Medium",1,0,"Medium","High","Public","Negative",3,0,"High School","Near","Male",62,1
28,96,"High","Low",1,4,98,"High",1,1,"High","High","Public","Positive",3,0,"High School","Near","Male",98,0
13,95,"High","High",1,5,92,"Low",1,1,"Medium","Medium","Private","Positive",2,0,"College","Near","Female",71,0
16,74,"High","Medium",0,8,80,"Medium",1,0,"Low","Medium","Public","Positive",4,0,"Postgraduate","Near","Female",66,0
37,96,"Medium","Medium",0,7,77,"Medium",1,2,"Medium","Medium","Public","Positive",3,0,"High School","Moderate","Female",75,0
14,84,"High","Medium",1,9,86,"High",1,1,"Low","Medium","Private","Positive",4,0,"High School","Near","Female",68,0
12,92,"High","Medium",0,7,90,"Medium",1,2,"Medium","High","Public","Negative",5,0,"High School","Near","Male",69,0
24,77,"Medium","Low",1,6,65,"High",1,2,"Medium","High","Private","Positive",3,0,"High School","Near","Male",68,0
8,65,"Medium","Medium",0,7,83,"Low",1,3,"Medium","Medium","Public","Negative",4,0,"High School","Near","Female",60,1
19,77,"Medium","Low",0,9,57,"Low",1,4,"Medium","Medium","Public","Neutral",3,1,"High School","Near","Female",64,1
33,78,"Medium","Medium",0,9,72,"Medium",1,4,"Medium","Medium","Public","Positive",3,0,"High School","Moderate","Male",71,0
11,82,"High","High",0,7,97,"Low",1,2,"High","Medium","Public","Positive",3,0,"College","Near","Male",69,0
8,64,"Medium","Medium",1,7,66,"Medium",1,1,"Low","Medium","Private","Positive",3,0,"College","Near","Male",60,1
11,100,"High","High",1,8,58,"High",1,1,"Low","Medium","Private","Positive",3,0,"College","Near","Female",70,0
25,70,"Low","Medium",1,6,57,"Medium",1,4,"Medium","Medium","Private","Neutral",3,0,"High School","Near","Male",66,0
27,68,"High","Medium",0,8,70,"High",1,0,"Medium","Medium","Private","Positive",3,0,"Postgraduate","Near","Male",68,0
17,81,"High","Low",0,7,61,"Medium",1,2,"High","Medium","Public","Positive",2,0,"College","Near","Female",67,0
24,81,"Medium","Medium",1,7,71,"High",1,1,"Medium","High","Public","Neutral",3,0,"College","Near","Male",70,0
28,78,"High","Medium",1,7,86,"Low",1,0,"Low","High","Public","Neutral",2,0,"College","Moderate","Male",69,0
31,91,"Medium","High",1,7,94,"High",1,2,"High","High","Public","Negative",3,0,"High School","Far","Male",75,0
19,81,"Medium","Low",1,10,56,"Low",1,1,"Medium","High","Public","Positive",3,0,"High School","Near","Male",65,1
6,84,"Medium","Medium",1,6,88,"Medium",1,1,"Low","Medium","Private","Positive",5,0,"Postgraduate","Moderate","Male",65,0
15,89,"Medium","Low",0,6,55,"Medium",1,1,"Medium","Medium","Public","Positive",4,0,"Postgraduate","Moderate","Male",66,0
17,61,"High","Medium",1,9,69,"High",1,1,"Medium","High","Public","Positive",3,0,"High School","Far","Male",64,0
18,83,"Low","Medium",0,8,100,"Medium",1,1,"Low","High","Private","Negative",2,0,"High School","Near","Female",66,0
19,95,"Medium","High",1,8,53,"Medium",1,3,"Low","Medium","Public","Positive",1,0,"High School","Moderate","Female",70,0
27,61,"High","Low",0,5,51,"High",1,1,"Low","Medium","Private","Positive",1,0,"College","Far","Male",63,0
28,76,"Low","Low",0,7,67,"High",1,1,"High","Low","Public","Negative",4,0,"College","Near","Male",66,0
19,97,"Low","Medium",1,8,98,"Low",1,1,"Medium","Medium","Public","Positive",3,0,"College","Near","Female",71,0
27,74,"Medium","High",0,6,51,"High",1,2,"Medium","Medium","Private","Positive",4,0,"High School","Far","Male",68,0
22,78,"Medium","Medium",1,8,61,"Medium",1,2,"High","Medium","Public","Positive",5,0,"High School","Moderate","Male",68,0
20,99,"Low","Medium",0,7,80,"High",1,0,"Medium","High","Public","Negative",3,0,"Postgraduate","Near","Male",71,0
25,68,"Low","Medium",0,6,62,"Low",1,1,"Low","High","Private","Negative",4,0,"College","Moderate","Female",63,1
20,63,"Low","Low",0,9,53,"Low",1,1,"Medium","Medium","Public","Positive",4,0,"High School","Near","Male",60,1
32,94,"Medium","High",1,9,53,"Medium",1,1,"Medium","Medium","Public","Neutral",3,0,"High School","Near","Female",73,0
11,95,"Medium","Medium",1,7,78,"Low",1,4,"Medium","Medium","Private","Negative",4,0,"High School","Near","Female",68,0
17,79,"High","High",1,8,78,"Medium",1,2,"High","Medium","Public","Positive",5,0,"High School","Near","Female",70,0
19,81,"Medium","Medium",1,9,85,"Medium",1,1,"Low","Medium","Public","Neutral",1,0,"High School","Moderate","Male",66,0
23,93,"High","Medium",0,6,57,"Medium",1,1,"High","Medium","Public","Positive",2,0,"Postgraduate","Near","Female",72,0
28,90,"High","Low",1,8,75,"Medium",1,1,"Low","High","Public","Neutral",3,1,"High School","Moderate","Male",70,0
20,71,"High","High",1,6,80,"Medium",1,2,"High","Low","Public","Positive",3,0,"High School","Near","Male",68,0
11,61,"Medium","Medium",1,5,61,"Medium",1,3,"Medium","High","Public","Neutral",0,1,"Postgraduate","Near","Male",60,1
25,79,"High","Medium",0,6,77,"Low",0,2,"Low","High","Public","Neutral",3,0,"High School","Near","Male",68,0
25,94,"High","High",0,5,85,"High",1,1,"Medium","Medium","Public","Neutral",2,0,"College","Near","Female",74,0
8,96,"Medium","Medium",1,8,100,"High",1,1,"High","Medium","Public","Negative",4,0,"High School","Moderate","Male",68,0
20,98,"Low","Medium",1,6,80,"Low",1,4,"Medium","Medium","Public","Positive",4,0,"College","Near","Male",72,0
10,95,"Medium","High",1,5,93,"High",1,0,"Low","High","Public","Positive",3,0,"High School","Moderate","Male",69,0
16,83,"Low","Medium",1,8,92,"Low",1,2,"High","High","Public","Positive",4,0,"Postgraduate","Near","Female",98,0
15,78,"Medium","High",0,8,97,"Medium",1,1,"Medium","Medium","Public","Neutral",4,0,"Postgraduate","Near","Male",68,0
25,91,"Medium","Low",0,7,86,"Medium",1,0,"Medium","Medium","Public","Neutral",5,0,"High School","Near","Female",70,0
21,90,"Medium","Medium",0,8,61,"Medium",1,1,"High","Medium","Public","Positive",4,0,"Postgraduate","Moderate","Female",69,0
12,82,"High","Low",0,6,65,"Low",1,3,"Medium","Medium","Private","Negative",3,0,"High School","Near","Female",64,1
25,63,"Medium","Low",0,6,89,"High",1,1,"Medium","High","Private","Neutral",4,0,"High School","Moderate","Male",65,0
11,97,"Medium","Medium",0,8,76,"High",1,2,"Medium","High","Public","Positive",2,0,"High School","Moderate","Female",69,0
22,78,"Medium","Low",0,9,63,"High",1,2,"Medium","High","Public","Neutral",4,0,"High School","Near","Male",67,0
15,75,"Medium","High",0,6,83,"Low",1,1,"High","Medium","Private","Negative",2,0,"High School","Near","Female",65,1
18,85,"Medium","High",1,6,95,"High",1,2,"Low","Low","Private","Positive",4,0,"College","Near","Female",70,0
23,87,"High","Low",0,8,68,"Medium",1,0,"High","High","Private","Neutral",3,0,"College","Far","Male",68,0
23,68,"Medium","Medium",1,8,80,"Medium",1,1,"Medium","Low","Public","Neutral",1,0,"High School","Near","Female",65,0
28,93,"Medium","Medium",0,7,79,"High",1,0,"Medium","Medium","Public","Positive",4,0,"Postgraduate","Near","Male",74,0
20,72,"Medium","Medium",1,9,56,"Medium",1,4,"High","Medium","Public","Negative",2,0,"High School","Near","Male",65,0
22,67,"High","High",1,10,55,"Medium",1,1,"Low","Medium","Public","Positive",2,0,"High School","Moderate","Male",65,0
17,76,"High","Medium",1,8,94,"Medium",1,3,"Medium","Medium","Public","Neutral",4,0,"High School","Moderate","Female",68,0
21,89,"Medium","Medium",0,6,97,"Medium",0,1,"Low","Medium","Private","Negative",3,0,"Postgraduate","Far","Female",68,0
23,99,"Medium","Medium",0,8,95,"High",1,5,"Medium","Medium","Public","Neutral",4,0,"High School","Moderate","Female",74,0
19,92,"High","Medium",0,6,70,"High",1,2,"Medium","Medium","Private","Negative",3,0,"High School","Near","Female",71,0
9,98,"High","Medium",1,9,64,"Medium",1,1,"Low","Medium","Private","Negative",3,0,"High School","Near","Male",67,0
22,66,"Medium","Medium",1,6,97,"Low",1,0,"High","Low","Public","Neutral",3,0,"High School","Moderate","Female",64,1
22,63,"Low","Low",1,7,94,"Medium",1,0,"Medium","Medium","Public","Negative",3,1,"High School","Far","Male",61,0
16,82,"Medium","Medium",0,6,91,"Medium",1,0,"Low","Medium","Public","Positive",3,0,"High School","Near","Female",66,0
12,72,"Medium","Medium",0,7,67,"Low",1,0,"Low","Medium","Public","Positive",2,0,"High School","Near","Female",61,1
29,93,"Medium","High",0,7,82,"Medium",1,5,"Low","Medium","Public","Negative",3,0,"High School","Moderate","Male",73,0
23,87,"Low","Medium",0,8,88,"High",1,2,"Medium","High","Public","Neutral",3,0,"High School","Near","Male",70,0
19,99,"Low","Medium",0,7,79,"Medium",1,2,"Low","Medium","Private","Neutral",2,0,"Postgraduate","Near","Male",70,0
13,70,"Medium","Low",1,7,80,"High",1,1,"High","Medium","Public","Positive",4,0,"College","Far","Female",63,0
15,79,"High","Medium",1,6,88,"Medium",1,3,"High","Medium","Public","Neutral",3,0,"Postgraduate","Moderate","Male",69,0
28,80,"High","High",0,7,88,"Medium",1,2,"High","Medium","Public","Negative",2,0,"High School","Near","Male",72,0
21,70,"Medium","High",1,5,62,"Medium",1,2,"Low","High","Public","Neutral",2,0,"High School","Near","Female",66,0
17,84,"High","High",0,9,70,"Medium",1,1,"High","Medium","Public","Negative",4,0,"High School","Near","Male",68,0
23,78,"Medium","High",0,7,89,"Medium",1,1,"Medium","Low","Public","Neutral",3,0,"High School","Far","Male",67,0
15,78,"Medium","High",1,9,63,"Medium",0,2,"Medium","Medium","Private","Positive",3,0,"Postgraduate","Far","Female",65,0
29,75,"Low","Medium",1,7,96,"Low",1,2,"Low","Medium","Public","Positive",3,0,"High School","Moderate","Male",68,0
28,61,"High","Medium",1,4,92,"Low",1,1,"Medium","High","Private","Neutral",4,0,"College","Near","Female",68,0
17,81,"High","Medium",0,6,95,"High",1,2,"Medium","Medium","Private","Positive",3,0,"High School","Near","Male",69,0
16,73,"High","High",1,7,65,"Low",1,1,"Medium","Medium","Private","Positive",4,0,"College","Moderate","Male",66,1
4,60,"Medium","Medium",1,7,55,"Medium",1,2,"Low","Medium","Private","Neutral",2,0,"Postgraduate","Near","Male",58,1
11,72,"High","Low",0,8,55,"High",1,0,"Medium","Low","Public","Neutral",3,1,"College","Near","Male",60,0
12,71,"High","High",1,7,78,"High",1,3,"Low","Medium","Public","Positive",4,0,"College","Moderate","Female",67,0
21,76,"Medium","Medium",1,6,65,"Low",1,2,"Low","High","Public","Negative",2,0,"High School","Near","Female",65,1
18,65,"High","Medium",1,6,63,"High",1,1,"Low","Medium","Public","Negative",2,0,"High School","Far","Male",62,0
12,80,"Medium","High",1,6,61,"Medium",1,0,"High","High","Private","Neutral",2,0,"High School","Near","Male",65,1
18,88,"High","High",0,8,78,"Medium",1,0,"Medium","Medium","Public","Neutral",2,0,"College","Moderate","Male",69,0
23,85,"Low","High",0,8,77,"Medium",1,0,"High","Medium","Public","Positive",4,0,"College","Near","Male",70,0
23,92,"Low","High",1,6,71,"High",1,2,"Low","Medium","Public","Positive",2,0,"High School","Moderate","Male",70,0
9,78,"High","Medium",0,9,57,"Low",1,1,"Low","High","Public","Positive",5,0,"High School","Moderate","Female",63,1
19,81,"Low","Medium",1,8,96,"High",1,0,"Medium","High","Public","Neutral",4,0,"Postgraduate","Near","Male",69,0
12,92,"Low","Medium",0,6,71,"Low",1,0,"Medium","High","Private","Negative",4,0,"High School","Near","Male",64,1
25,77,"Medium","High",0,7,56,"Medium",1,1,"Low","Medium","Public","Positive",3,0,"Postgraduate","Near","Male",69,0
25,88,"High","Medium",1,8,52,"Low",1,1,"Medium","Medium","Public","Positive",2,0,"High School","Near","Male",70,0
15,77,"Medium","Medium",1,5,58,"Medium",1,1,"Low","Medium","Public","Positive",3,0,"College","Moderate","Female",64,0
15,77,"High","Medium",1,5,65,"Low",0,2,"Low","Medium","Public","Positive",4,1,"Postgraduate","Near","Male",65,1
17,90,"High","Medium",0,8,82,"Medium",1,0,"Medium","High","Public","Neutral",4,0,"College","Near","Male",70,0
6,67,"Medium","Low",1,6,99,"Low",1,0,"Medium","Medium","Private","Neutral",2,0,"College","Near","Male",60,1
22,74,"Medium","High",1,9,64,"High",1,3,"Medium","Medium","Public","Neutral",3,0,"High School","Near","Female",68,0
18,69,"Low","Low",1,10,89,"Low",1,2,"Low","High","Public","Neutral",1,1,"High School","Moderate","Male",61,1
26,74,"Medium","Low",1,8,96,"Medium",1,2,"Medium","High","Private","Neutral",3,0,"High School","Near","Female",68,0
13,69,"Medium","Low",0,8,70,"Medium",1,1,"High","High","Private","Neutral",3,0,"High School","Moderate","Male",61,1
16,83,"Low","Medium",0,5,63,"Low",1,2,"High","Medium","Private","Positive",3,1,"High School","Moderate","Female",64,1
11,92,"Medium","Medium",0,5,75,"Medium",1,2,"Medium","Medium","Public","Negative",3,0,"High School","Near","Female",66,0
14,91,"Medium","Medium",1,7,95,"Medium",1,2,"High","High","Public","Positive",2,0,"High School","Moderate","Male",70,0
13,75,"High","High",1,5,51,"Medium",1,3,"Medium","Medium","Private","Negative",3,0,"High School","Near","Female",65,1
26,100,"Medium","High",1,7,74,"High",1,1,"Medium","Medium","Public","Neutral",2,0,"High School","Near","Female",74,0
16,84,"High","High",0,6,88,"Low",1,1,"Medium","Medium","Private","Negative",1,1,"High School","Near","Male",66,0
21,76,"Low","Medium",1,7,80,"High",1,3,"Low","Medium","Public","Negative",2,1,"College","Near","Male",65,0
18,93,"Low","High",0,7,75,"High",1,1,"High","Medium","Private","Positive",1,0,"College","Moderate","Female",69,0
12,89,"Medium","High",1,8,78,"Low",1,4,"Low","Medium","Public","Neutral",5,0,"Postgraduate","Near","Female",69,0
19,90,"Low","High",0,7,81,"Medium",1,2,"Medium","Medium","Private","Positive",2,0,"High School","Near","Female",69,0
24,68,"High","Low",0,6,84,"Medium",1,1,"Low","High","Public","Positive",4,0,"High School","Near","Female",66,0
13,79,"Medium","Low",0,5,68,"Medium",0,2,"High","Medium","Private","Positive",3,0,"High School","Near","Female",63,0
25,94,"Medium","Low",1,7,76,"Medium",1,1,"Low","High","Private","Neutral",2,1,"High School","Moderate","Female",69,0
15,80,"Medium","High",1,4,64,"Medium",1,1,"Medium","Medium","Public","Neutral",1,0,"High School","Near","Male",65,0
17,87,"Medium","Medium",0,9,99,"Medium",1,1,"Medium","Low","Private","Neutral",3,0,"High School","Moderate","Male",67,0
23,84,"Medium","Medium",0,8,59,"Low",1,1,"Low","High","Public","Positive",4,1,"Postgraduate","Far","Female",66,0
16,94,"Low","Medium",1,8,58,"Medium",1,2,"Low","Medium","Public","Positive",3,1,"College","Near","Male",67,0
20,71,"Low","High",1,6,63,"High",1,1,"Low","Medium","Public","Positive",2,0,"College","Moderate","Male",65,0
18,83,"Medium","High",0,8,96,"Low",1,0,"Medium","High","Public","Positive",4,1,"Postgraduate","Near","Female",69,0
21,65,"Low","High",0,6,83,"Medium",1,3,"Low","High","Public","Neutral",5,0,"High School","Near","Male",65,0
6,88,"High","High",1,7,73,"Medium",1,3,"Low","Medium","Private","Neutral",3,0,"College","Near","Male",67,0
9,89,"Medium","Medium",1,6,96,"Medium",1,0,"High","Low","Public","Negative",4,0,"High School","Near","Male",66,0
24,62,"Low","Medium",0,7,95,"Medium",1,1,"High","Low","Public","Positive",3,0,"College","Far","Female",64,0
26,87,"Medium","High",0,5,70,"Low",1,1,"Low","Medium","Private","Positive",2,0,"High School","Near","Female",70,0
15,77,"Medium","High",1,7,78,"Medium",1,0,"Low","High","Public","Neutral",3,0,"High School","Moderate","Male",65,0
19,65,"Low","Medium",1,5,95,"Medium",1,2,"Medium","High","Private","Neutral",4,0,"College","Near","Male",65,0
22,77,"Low","Low",0,10,66,"Medium",1,2,"Low","Medium","Public","Positive",3,0,"College","Moderate","Male",64,0
24,68,"Medium","Low",1,7,70,"Low",1,1,"Low","Low","Public","Neutral",3,0,"College","Near","Male",64,1
8,77,"Medium","Low",1,7,90,"Low",1,1,"Medium","Medium","Public","Neutral",0,0,"High School","Moderate","Male",61,1
15,75,"High","Medium",0,8,85,"Medium",1,1,"Low","High","Public","Neutral",3,0,"High School","Near","Male",65,0
18,90,"High","Medium",1,5,52,"Low",1,5,"Medium","Medium","Private","Positive",3,1,"High School","Moderate","Male",68,0
24,91,"Low","High",1,6,56,"Medium",1,1,"Low","High","Public","Positive",2,0,"College","Moderate","Male",70,0
35,84,"Low","Medium",1,8,92,"High",1,6,"Low","High","Public","Negative",4,0,"High School","Moderate","Male",74,0
19,61,"Medium","Medium",0,7,51,"Low",1,1,"Low","High","Public","Neutral",1,0,"High School","Near","Female",60,1
12,97,"High","Low",1,6,96,"Medium",1,2,"Low","High","Public","Positive",2,0,"Postgraduate","Near","Female",71,0
22,87,"High","High",1,8,64,"Medium",0,2,"Medium","High","Public","Negative",3,0,"High School","Moderate","Female",70,0
28,61,"Low","Medium",1,7,80,"Low",1,2,"Medium","Medium","Public","Positive",4,0,"Postgraduate","Near","Female",67,0
21,93,"Medium","Medium",1,8,78,"Medium",0,0,"Low","Medium","Private","Neutral",3,0,"High School","Near","Male",68,0
15,68,"High","Medium",0,8,70,"Medium",1,3,"Medium","High","Public","Negative",3,0,"High School","Near","Female",64,1
26,83,"High","Low",0,6,52,"Medium",1,0,"Low","High","Public","Negative",3,0,"High School","Near","Male",67,0
24,79,"Low","Low",0,7,60,"Low",1,0,"Low","High","Public","Neutral",3,0,"Postgraduate","Near","Female",65,0
14,77,"Medium","Medium",1,4,81,"Low",1,3,"Medium","Medium","Private","Neutral",3,0,"College","Near","Female",66,1
22,96,"Medium","Medium",1,6,72,"Low",1,1,"High","Medium","Public","Positive",4,0,"College","Near","Female",72,0
26,77,"Low","Medium",1,7,71,"High",1,3,"High","Medium","Public","Neutral",3,0,"High School","Near","Female",69,0
27,63,"Medium","Medium",1,8,55,"Low",1,1,"Medium","Medium","Private","Neutral",3,0,"Postgraduate","Near","Female",65,1
20,98,"Low","High",1,8,67,"Medium",1,0,"High","Medium","Public","Positive",3,0,"High School","Near","Female",71,0
18,97,"High","High",1,6,76,"Medium",1,0,"Medium","High","Public","Neutral",5,0,"High School","Moderate","Male",72,0
27,87,"High","Medium",0,6,54,"Medium",1,0,"Medium","Medium","Private","Positive",2,0,"High School","Near","Female",70,0
13,79,"High","Medium",0,9,53,"Medium",0,1,"Medium","Medium","Private","Positive",2,0,"College","Moderate","Male",63,1
23,64,"Medium","Medium",0,7,75,"Medium",1,2,"Medium","High","Public","Positive",2,0,"High School","Near","Female",66,0
12,92,"Low","Low",1,7,78,"High",1,3,"Medium","High","Public","Negative",2,0,"College","Near","Male",67,0
26,63,"Medium","High",0,8,63,"Low",1,1,"High","High","Public","Neutral",3,0,"Postgraduate","Near","Male",67,1
18,63,"Medium","Medium",1,7,66,"Low",1,2,"Medium","Medium","Private","Negative",2,0,"College","Near","Female",62,1
28,81,"Medium","High",1,7,90,"High",1,3,"Medium","Medium","Private","Negative",3,0,"High School","Moderate","Male",72,0
23,66,"Medium","High",1,7,93,"High",1,1,"High","High","Public","Positive",1,0,"High School","Near","Female",69,0
13,60,"Medium","Medium",1,6,66,"Medium",1,1,"Medium","High","Public","Positive",5,1,"College","Moderate","Male",61,1
29,77,"Medium","Low",1,7,68,"High",1,1,"Medium","Medium","Public","Positive",3,0,"High School","Far","Female",67,0
29,65,"Low","Medium",1,4,92,"Medium",0,0,"Medium","Medium","Private","Positive",4,0,"High School","Near","Female",66,0
25,66,"Medium","Medium",1,6,99,"Medium",1,2,"Medium","Medium","Public","Positive",3,0,"College","Near","Female",68,0
15,63,"Medium","High",0,8,66,"High",1,1,"Low","Medium","Private","Negative",4,0,"College","Near","Male",62,0
18,68,"High","Low",1,8,89,"Medium",1,0,"Medium","Low","Public","Negative",3,0,"College","Far","Male",63,0
21,89,"Medium","Medium",1,9,74,"High",1,3,"Low","Medium","Private","Positive",4,0,"High School","Moderate","Female",70,0
16,92,"Low","High",1,8,63,"Medium",1,2,"Low","Medium","Public","Neutral",4,0,"College","Moderate","Male",68,0
30,78,"Medium","High",1,8,84,"Medium",1,1,"High","Low","Private","Negative",1,0,"College","Near","Male",71,0
21,80,"High","Low",0,7,73,"Medium",1,0,"Medium","Low","Private","Neutral",2,0,"High School","Moderate","Female",65,0
4,61,"Low","High",1,6,63,"Medium",1,4,"Medium","Medium","Public","Neutral",3,0,"High School","Moderate","Male",59,1
22,63,"High","Low",1,8,55,"Medium",1,2,"Medium","Medium","Private","Neutral",4,0,"High School","Near","Male",64,0
18,70,"Medium","High",0,7,93,"Medium",1,0,"Medium","High","Public","Positive",3,0,"College","Near","Male",67,0
20,82,"Medium","Medium",0,6,94,"Medium",1,3,"Low","Medium","Private","Positive",2,0,"High School","Near","Male",68,0
18,90,"High","High",1,6,54,"Low",1,1,"Medium","High","Public","Negative",3,0,"High School","Near","Female",95,0
25,84,"Medium","Medium",1,7,83,"High",1,1,"Low","Medium","Public","Positive",3,0,"High School","Moderate","Male",70,0
27,76,"Medium","Medium",0,9,58,"Medium",1,1,"Medium","Medium","Public","Positive",3,0,"College","Near","Female",68,0
22,65,"Low","Medium",0,7,82,"Medium",1,2,"Medium","High","Public","Positive",4,1,"College","Near","Male",65,0
18,91,"Low","Medium",0,7,95,"Medium",1,2,"Low","High","Public","Positive",2,0,"Postgraduate","Near","Male",70,0
20,75,"Medium","Medium",0,8,63,"Medium",1,4,"Medium","Low","Public","Neutral",3,0,"Postgraduate","Near","Male",67,0
20,89,"Medium","High",0,8,67,"Medium",1,2,"Low","High","Public","Neutral",2,1,"College","Near","Male",69,0
15,81,"Medium","High",1,7,90,"High",1,1,"Low","Medium","Private","Positive",2,0,"Postgraduate","Far","Female",68,0
23,90,"High","High",0,7,87,"High",1,1,"Low","Medium","Public","Neutral",2,0,"High School","Near","Female",72,0
23,96,"Medium","High",0,6,70,"Medium",1,1,"Medium","Medium","Public","Neutral",2,0,"High School","Near","Male",71,0
29,97,"Medium","High",1,9,92,"Medium",1,2,"Low","Medium","Public","Positive",4,0,"High School","Moderate","Female",75,0
28,81,"Medium","High",0,6,96,"Medium",1,0,"Medium","Medium","Public","Neutral",2,0,"High School","Near","Male",70,0
16,80,"Medium","Medium",0,9,73,"Medium",1,2,"Medium","Medium","Private","Negative",4,0,"College","Near","Male",66,0
25,71,"Medium","High",1,7,52,"High",1,3,"Low","Medium","Private","Neutral",3,0,"High School","Near","Male",67,0
14,97,"Medium","Medium",1,7,75,"High",1,1,"Medium","Medium","Public","Positive",4,0,"College","Near","Female",70,0
24,78,"High","High",1,8,87,"Medium",1,2,"Medium","Medium","Public","Neutral",3,0,"High School","Near","Male",71,0
17,65,"Medium","Medium",0,6,61,"Medium",1,5,"Low","Medium","Public","Positive",4,0,"High School","Near","Female",64,1
14,77,"Medium","Medium",0,8,55,"High",1,2,"High","High","Private","Neutral",4,0,"High School","Near","Male",65,0
22,65,"Medium","Medium",1,7,64,"High",1,1,"Medium","High","Private","Negative",2,0,"High School","Moderate","Male",64,0
4,80,"Low","Medium",1,8,51,"Medium",1,4,"Medium","High","Public","Negative",5,0,"High School","Near","Male",62,1
9,82,"High","Low",1,6,86,"Medium",1,2,"Low","High","Private","Negative",2,0,"College","Far","Female",64,0
19,74,"Medium","High",1,6,57,"High",1,1,"Medium","Medium","Private","Positive",2,0,"High School","Near","Female",66,0
20,63,"Medium","Medium",1,4,86,"Low",1,0,"High","Medium","Public","Neutral",3,0,"College","Near","Male",64,1
18,98,"High","Medium",1,6,62,"Low",1,3,"Medium","High","Public","Positive",3,0,"High School","Far","Female",71,0
11,91,"High","Low",1,6,100,"Low",1,4,"Low","Medium","Public","Negative",2,0,"Postgraduate","Near","Male",68,0
15,94,"Medium","Medium",1,6,77,"Low",1,3,"High","High","Private","Neutral",4,0,"College","Near","Female",70,0
22,75,"High","Medium",0,7,52,"High",1,0,"Low","Medium","Private","Neutral",3,0,"College","Near","Female",66,0
23,90,"Medium","Medium",0,7,89,"Low",1,2,"High","Medium","Public","Positive",4,0,"College","Moderate","Female",71,0
20,79,"Medium","Medium",1,8,71,"Medium",1,1,"Medium","High","Public","Neutral",3,0,"College","Near","Female",68,0
27,68,"Low","Low",1,8,80,"High",1,3,"Medium","Medium","Public","Positive",4,1,"High School","Near","Male",66,0
22,65,"Low","Medium",0,8,98,"High",1,4,"Medium","Medium","Private","Neutral",3,0,"High School","Near","Female",66,0
16,74,"Low","High",0,8,76,"Medium",1,5,"Low","Medium","Public","Negative",3,0,"College","Moderate","Male",65,0
18,66,"Medium","Medium",1,7,90,"Medium",1,0,"Medium","Medium","Public","Negative",4,0,"Postgraduate","Near","Male",64,0
12,100,"Low","Medium",1,7,65,"Medium",1,1,"Low","Medium","Private","Positive",2,0,"High School","Near","Male",67,0
19,62,"Medium","Medium",1,8,86,"Low",1,1,"High","Medium","Public","Positive",3,0,"College","Near","Male",65,1
27,78,"Medium","Medium",1,8,55,"Low",1,3,"High","Medium","Public","Neutral",2,0,"Postgraduate","Moderate","Male",69,0
24,78,"High","Medium",1,5,95,"Low",1,1,"Low","Medium","Private","Positive",2,0,"College","Near","Male",69,0
28,72,"Low","Medium",1,7,60,"Medium",1,4,"High","Medium","Public","Neutral",3,0,"Postgraduate","Near","Male",69,0
18,83,"Medium","High",0,4,65,"Low",1,3,"Low","Medium","Public","Positive",4,0,"College","Moderate","Male",68,1
28,66,"Medium","Low",1,4,98,"Medium",1,0,"Medium","High","Public","Positive",3,0,"High School","Near","Female",67,0
19,91,"Medium","Low",0,6,58,"High",1,2,"Low","High","Public","Positive",3,0,"College","Moderate","Male",68,0
29,73,"Low","Low",1,7,63,"Medium",1,1,"Low","Medium","Public","Negative",4,0,"Postgraduate","Far","Female",65,0
20,84,"High","Medium",1,6,79,"Medium",1,3,"Medium","Medium","Public","Negative",3,0,"College","Moderate","Male",69,0
24,89,"Medium","Low",0,4,99,"High",1,1,"High","High","Private","Positive",3,0,"Postgraduate","Near","Male",73,0
29,96,"High","Medium",0,8,85,"Low",1,3,"High","Medium","Public","Neutral",3,0,"Postgraduate","Near","Male",76,0
19,93,"Medium","High",1,6,56,"Medium",1,0,"Low","High","Private","Negative",3,0,"College","Near","Male",69,0
21,84,"High","Low",1,8,87,"Low",1,2,"High","Medium","Public","Positive",1,0,"Postgraduate","Far","Female",69,0
28,76,"Medium","Medium",1,6,71,"Medium",1,3,"Low","Medium","Private","Positive",2,0,"High School","Far","Female",68,0
19,80,"High","High",1,6,100,"Medium",1,1,"Medium","Medium","Public","Positive",3,0,"High School","Near","Male",70,0
12,91,"Medium","Low",1,8,81,"Low",1,0,"Low","Low","Public","Positive",4,0,"High School","Moderate","Male",64,1
33,95,"Low","Low",1,6,77,"Low",1,2,"High","High","Private","Positive",3,0,"High School","Moderate","Female",73,0
17,64,"Medium","Medium",1,7,78,"High",1,1,"Medium","Medium","Public","Positive",3,0,"High School","Near","Male",64,0
21,75,"Medium","Low",1,7,82,"Medium",1,1,"Medium","Medium","Public","Negative",4,0,"High School","Near","Male",65,0
27,91,"Low","High",0,5,87,"Medium",0,0,"Medium","Medium","Public","Negative",3,0,"High School","Near","Female",69,0
16,77,"Medium","Low",1,8,54,"Medium",0,0,"Medium","Medium","Public","Negative",3,0,"Postgraduate","Near","Male",62,1
14,73,"High","Medium",1,6,57,"High",1,2,"Medium","Medium","Public","Neutral",4,0,"High School","Moderate","Female",64,0
22,76,"Low","High",0,5,65,"Low",1,0,"Medium","High","Public","Neutral",3,0,"High School","Far","Female",64,1
9,84,"Medium","Medium",0,6,74,"Medium",1,5,"High","Medium","Public","Neutral",2,0,"High School","Near","Male",67,0
18,100,"Medium","Low",1,8,66,"High",0,3,"Low","Medium","Public","Negative",3,0,"College","Near","Male",69,0
21,80,"Medium","Low",1,5,61,"Medium",1,2,"High","Medium","Public","Positive",3,0,"High School","Near","Male",67,0
18,68,"Low","High",0,8,96,"Medium",1,1,"High","Medium","Public","Neutral",3,0,"High School","Moderate","Male",65,0
11,67,"Medium","High",0,8,52,"High",1,3,"High","High","Public","Negative",3,0,"College","Moderate","Female",63,0
30,62,"Low","Low",1,7,97,"Medium",1,0,"High","Medium","Private","Neutral",5,0,"College","Near","Female",66,0
21,82,"Medium","High",0,7,95,"High",1,1,"High","Medium","Public","Negative",3,0,"High School","Near","Male",70,0
29,82,"Medium","High",0,7,84,"Low",1,1,"Low","Medium","Private","Positive",2,0,"High School","Near","Male",70,0
18,68,"High","High",1,8,52,"High",1,0,"High","High","Public","Positive",3,0,"College","Near","Male",67,0
15,88,"Low","Medium",1,6,61,"Medium",1,0,"High","Medium","Public","Neutral",4,1,"Postgraduate","Far","Male",65,0
22,90,"Low","High",0,5,99,"Medium",1,1,"Low","Low","Private","Positive",2,0,"College","Near","Female",70,0
19,70,"Medium","Medium",1,7,95,"High",0,0,"Medium","High","Private","Positive",3,0,"College","Near","Female",66,0
13,74,"Medium","High",1,8,98,"High",1,1,"High","High","Public","Negative",2,0,"High School","Near","Male",66,0
29,100,"Medium","Low",1,8,100,"Low",1,0,"Low","Medium","Private","Neutral",5,1,"High School","Near","Male",72,0
16,75,"High","Low",1,10,53,"High",1,0,"Low","Low","Public","Positive",4,0,"College","Near","Female",64,0
9,90,"High","High",1,7,79,"Low",1,4,"High","High","Public","Positive",4,0,"High School","Near","Male",70,1
28,78,"Medium","High",0,7,92,"Low",1,1,"Medium","High","Public","Positive",3,0,"Postgraduate","Moderate","Female",71,0
17,92,"Medium","Medium",0,7,66,"Low",1,2,"Low","Medium","Public","Negative",3,0,"High School","Near","Male",66,0
16,91,"High","Medium",1,6,72,"High",1,0,"High","High","Public","Negative",2,0,"Postgraduate","Near","Female",70,0
9,87,"Low","Medium",1,6,64,"Medium",1,1,"High","Medium","Public","Neutral",2,0,"High School","Near","Female",64,1
30,94,"Medium","Low",0,5,52,"Low",0,3,"High","Medium","Private","Neutral",2,0,"Postgraduate","Moderate","Female",70,0
12,98,"Medium","Low",1,4,54,"Medium",1,2,"Medium","High","Private","Neutral",3,0,"High School","Near","Female",67,0
20,83,"Medium","Low",0,6,51,"Low",1,2,"Medium","Medium","Public","Neutral",4,0,"High School","Moderate","Female",65,1
25,69,"High","Medium",0,7,76,"Medium",1,1,"High","Medium","Public","Positive",2,0,"High School","Near","Female",68,0
23,76,"High","Medium",0,8,81,"Medium",1,3,"Low","High","Public","Positive",2,0,"High School","Near","Female",69,0
20,90,"Medium","Low",1,6,65,"Low",1,3,"Low","Medium","Public","Negative",2,0,"Postgraduate","Near","Female",68,0
10,86,"High","High",1,6,91,"High",1,2,"Low","Medium","Private","Positive",3,0,"High School","Far","Female",68,0
15,67,"Medium","Low",1,9,94,"Medium",1,0,"Medium","Medium","Public","Positive",4,0,"Postgraduate","Near","Male",64,0
