student_id,Hours_Studied_6m,Attendance_6m,Parental_Involvement_6m,Access_to_Resources_6m,Extracurricular_Activities_6m,Sleep_Hours_6m,Previous_Scores_6m,Motivation_Level_6m,Internet_Access_6m,Tutoring_Sessions_6m,Family_Income_6m,Teacher_Quality_6m,School_Type_6m,Peer_Influence_6m,Physical_Activity_6m,Learning_Disabilities_6m,Parental_Education_Level_6m,Distance_from_Home_6m,Gender_6m,Exam_Score_6m,dropout_6m,intervention_type,intervention_hours,intervention_attendance,actual_dropout_6m
0,19,64,Low,Medium,0,8,59,Low,1,2,Medium,Medium,Public,Negative,4,0,College,Moderate,Female,61,1,,0,0.0,
1,10,78,Medium,High,1,8,74,Medium,1,1,Low,Medium,Private,Neutral,4,0,Postgraduate,Near,Male,65,1,,0,0.0,
2,14,60,Medium,Low,1,10,65,Low,1,0,High,Medium,Private,Positive,3,0,College,Near,Male,60,1,,0,0.0,
3,12,75,Medium,High,1,7,58,Medium,1,3,Medium,Medium,Private,Positive,4,0,College,Near,Male,66,1,,0,0.0,
4,17,65,Low,High,1,5,75,Medium,1,2,Low,Medium,Public,Positive,3,0,High School,Near,Female,63,1,,0,0.0,
5,18,66,High,High,0,4,51,Low,1,2,Low,Medium,Private,Neutral,2,0,College,Near,Male,64,1,,0,0.0,
6,14,60,High,Medium,0,5,50,Medium,1,2,Medium,Medium,Public,Neutral,3,0,College,Near,Female,61,1,,0,0.0,
7,13,72,Low,Medium,0,6,93,Low,1,1,Low,Medium,Public,Negative,3,0,High School,Near,Male,61,1,,0,0.0,
8,21,65,Medium,Low,1,7,91,Low,1,2,Medium,High,Public,Positive,3,0,High School,Far,Female,64,1,,0,0.0,
9,8,99,Medium,Medium,0,9,54,Low,1,2,Low,Medium,Public,Neutral,5,0,Postgraduate,Near,Female,67,1,,0,0.0,
10,12,72,Low,Medium,1,8,84,Medium,1,1,Low,Medium,Public,Positive,5,0,High School,Near,Female,63,1,,0,0.0,
11,21,65,Low,Medium,1,6,98,Low,1,1,Medium,High,Public,Negative,4,0,High School,Near,Male,64,1,,0,0.0,
12,24,68,High,Medium,0,8,56,Low,1,3,High,High,Public,Neutral,1,0,College,Near,Male,67,1,,0,0.0,
13,21,84,Medium,Medium,1,6,52,Low,1,1,Medium,High,Public,Neutral,2,1,College,Far,Female,65,1,,0,0.0,
14,9,77,Medium,Medium,0,5,57,Medium,1,2,Medium,High,Public,Neutral,3,0,High School,Near,Male,63,1,,0,0.0,
15,22,71,Low,Medium,1,7,65,Low,1,1,Medium,Low,Public,Positive,4,0,College,Moderate,Male,64,1,,0,0.0,
16,26,67,Medium,High,1,7,51,Low,1,2,High,High,Private,Neutral,4,1,Postgraduate,Far,Female,66,1,,0,0.0,
17,15,83,Medium,High,0,5,89,Low,0,1,Medium,High,Public,Neutral,2,1,High School,Near,Female,65,1,,0,0.0,
18,19,65,Medium,Medium,1,10,66,Low,1,0,Low,Medium,Public,Positive,3,0,High School,Moderate,Male,62,1,,0,0.0,
19,8,61,Medium,Medium,1,7,54,Medium,1,1,High,Medium,Public,Positive,3,0,College,Near,Male,60,1,,0,0.0,
20,22,64,Low,Medium,0,7,98,Low,0,1,Medium,Medium,Public,Negative,3,0,High School,Near,Male,62,1,,0,0.0,
21,17,65,Medium,High,1,8,66,Medium,1,1,High,High,Public,Neutral,4,1,Postgraduate,Moderate,Female,65,1,,0,0.0,
22,8,77,High,Medium,1,6,87,Medium,1,0,Low,Medium,Public,Neutral,2,0,High School,Moderate,Male,63,1,,0,0.0,
23,12,88,Low,Medium,0,6,72,Low,1,2,Medium,Medium,Public,Positive,2,0,College,Far,Male,64,1,,0,0.0,
24,11,78,Medium,High,1,8,51,Medium,1,2,Low,Medium,Public,Neutral,3,0,Postgraduate,Near,Male,64,1,,0,0.0,
25,29,61,Medium,High,1,7,52,Low,1,3,Low,Medium,Private,Positive,3,0,College,Near,Female,67,1,,0,0.0,
26,15,78,High,High,0,9,75,Low,1,1,Low,Medium,Public,Negative,1,0,High School,Near,Male,65,1,,0,0.0,
27,10,82,Medium,Low,0,8,70,Medium,1,3,Low,High,Public,Positive,1,1,Postgraduate,Near,Female,64,1,,0,0.0,
28,13,65,Low,High,0,6,99,Medium,1,0,Low,Medium,Private,Negative,4,0,High School,Near,Male,61,1,,0,0.0,
29,23,75,Low,High,0,6,71,Low,1,0,Medium,Medium,Public,Neutral,2,0,College,Near,Male,65,1,,0,0.0,
30,13,76,Medium,High,0,5,99,Low,1,2,Medium,Medium,Private,Positive,4,0,High School,Near,Female,66,1,,0,0.0,
31,15,77,Medium,Medium,1,8,94,Low,1,0,High,High,Public,Positive,3,0,College,Moderate,Male,66,1,,0,0.0,
32,15,76,High,High,0,8,53,Medium,1,1,Low,Medium,Public,Neutral,4,0,College,Near,Male,65,1,,0,0.0,
33,14,71,Medium,Medium,1,8,85,Low,1,2,Medium,High,Public,Neutral,4,0,High School,Near,Male,64,1,,0,0.0,
34,23,71,Low,Low,1,9,75,Low,1,1,Low,Medium,Public,Negative,2,0,College,Near,Male,63,1,,0,0.0,
35,15,74,Low,High,1,4,68,Low,1,3,Low,Medium,Public,Positive,3,0,High School,Near,Female,64,1,,0,0.0,
36,11,62,Medium,High,1,5,82,Medium,1,3,High,Medium,Private,Neutral,4,0,College,Moderate,Male,64,1,,0,0.0,
37,13,69,Medium,Low,1,9,96,Low,1,0,High,Medium,Private,Neutral,4,0,High School,Far,Female,61,1,,0,0.0,
38,24,66,Medium,Low,0,9,82,Low,1,1,Medium,Medium,Public,Neutral,2,1,High School,Near,Female,62,1,,0,0.0,
39,17,86,High,Low,0,5,55,Low,0,2,High,Medium,Private,Neutral,4,0,College,Near,Male,66,1,,0,0.0,
40,10,64,Medium,High,0,7,64,High,1,0,Medium,Medium,Public,Positive,4,1,High School,Moderate,Female,60,1,,0,0.0,
41,14,64,Medium,Medium,1,6,85,Medium,1,0,Medium,Medium,Public,Neutral,3,0,High School,Near,Male,62,1,,0,0.0,
42,16,61,Medium,Medium,0,9,86,Low,1,2,Low,High,Public,Positive,2,0,High School,Near,Male,62,1,,0,0.0,
43,21,67,Medium,Medium,0,7,96,Low,1,3,Low,Medium,Public,Neutral,2,0,High School,Far,Female,64,1,,0,0.0,
44,8,71,High,Low,0,8,75,Medium,1,0,Medium,High,Public,Positive,3,0,High School,Near,Male,61,1,,0,0.0,
45,13,72,High,High,0,7,66,Medium,1,0,Low,High,Public,Neutral,4,0,Postgraduate,Near,Male,65,1,,0,0.0,
46,12,93,Medium,Medium,1,9,74,Low,1,1,Medium,Medium,Public,Neutral,3,0,Postgraduate,Moderate,Male,67,1,,0,0.0,
47,26,71,High,Medium,1,6,51,Low,0,1,High,Medium,Private,Positive,3,0,Postgraduate,Moderate,Male,67,1,,0,0.0,
48,16,64,High,Low,1,5,65,Medium,1,3,Medium,High,Private,Positive,4,0,Postgraduate,Moderate,Female,65,1,,0,0.0,
49,25,69,Medium,Medium,1,7,70,Low,0,1,High,High,Public,Positive,4,0,High School,Far,Female,65,1,,0,0.0,
50,14,68,High,Medium,0,6,65,Medium,1,1,High,Medium,Public,Neutral,3,1,College,Near,Male,63,1,,0,0.0,
51,1,69,High,Medium,1,6,97,Medium,1,1,Low,Medium,Public,Positive,3,0,High School,Near,Female,61,1,,0,0.0,
52,11,68,Medium,Medium,0,6,80,Medium,1,2,Medium,Medium,Public,Positive,3,0,College,Moderate,Female,63,1,,0,0.0,
53,17,66,Low,High,0,6,61,Medium,1,1,High,Medium,Public,Positive,6,0,Postgraduate,Near,Male,65,1,,0,0.0,
54,20,70,Medium,Medium,1,7,84,Low,0,2,Medium,High,Private,Neutral,4,0,College,Far,Male,65,1,,0,0.0,
55,24,65,Medium,Low,0,7,64,Low,1,1,High,Medium,Public,Neutral,1,0,Postgraduate,Near,Male,64,1,,0,0.0,
56,13,69,Medium,Low,1,5,68,Low,1,0,High,Medium,Public,Positive,1,1,High School,Moderate,Female,59,1,,0,0.0,
57,8,73,Medium,Medium,0,7,60,Medium,0,0,High,Medium,Private,Neutral,3,0,High School,Near,Female,60,1,,0,0.0,
58,19,66,Medium,High,0,7,59,Medium,1,1,High,Medium,Public,Negative,3,0,High School,Far,Male,62,1,,0,0.0,
59,22,73,Low,Medium,1,9,72,Low,1,3,Medium,Medium,Public,Positive,3,0,High School,Near,Female,66,1,,0,0.0,
60,16,83,Medium,High,1,7,56,Low,1,4,High,Medium,Public,Positive,3,0,High School,Near,Female,68,1,,0,0.0,
61,20,81,Medium,Medium,1,5,60,Low,1,3,Medium,Medium,Public,Positive,4,1,High School,Near,Male,66,1,,0,0.0,
62,18,80,Medium,Medium,0,8,55,Low,1,2,Low,Low,Public,Neutral,3,0,High School,Moderate,Male,63,1,,0,0.0,
63,20,69,Medium,High,0,6,63,Low,1,0,Low,Medium,Public,Negative,3,0,Postgraduate,Near,Male,64,1,,0,0.0,
64,16,76,Low,High,1,8,56,Medium,0,1,Low,Medium,Public,Positive,1,0,High School,Near,Male,62,1,,0,0.0,
65,15,76,Medium,Medium,1,6,84,Low,1,0,Medium,High,Public,Neutral,3,0,College,Near,Female,65,1,,0,0.0,
66,18,69,High,High,0,7,62,Low,1,3,Medium,Medium,Public,Positive,3,0,High School,Moderate,Male,65,1,,0,0.0,
67,17,71,High,Medium,1,9,83,Low,1,2,Medium,Medium,Public,Neutral,5,0,High School,Near,Male,66,1,,0,0.0,
68,15,67,Medium,Medium,0,4,74,Medium,1,0,Low,Medium,Public,Negative,3,0,College,Moderate,Male,61,1,,0,0.0,
69,11,76,Medium,Medium,1,7,71,Medium,0,1,Medium,Low,Public,Neutral,2,0,College,Near,Male,62,1,,0,0.0,
70,12,63,Medium,High,1,5,69,Low,1,0,Medium,High,Public,Negative,2,0,College,Moderate,Female,60,1,,0,0.0,
71,16,64,Low,Medium,1,9,58,Low,1,1,Medium,Medium,Public,Positive,3,0,College,Moderate,Female,61,1,,0,0.0,
72,19,62,Medium,Medium,0,5,90,Low,1,2,Low,High,Public,Positive,3,0,College,Moderate,Male,64,1,,0,0.0,
73,19,70,Medium,Medium,0,7,63,Low,0,3,Low,Low,Public,Neutral,5,0,High School,Near,Male,63,1,,0,0.0,
74,22,67,Low,Medium,0,7,86,Low,1,1,Low,Medium,Public,Positive,3,0,High School,Moderate,Female,63,1,,0,0.0,
75,21,68,Medium,Low,0,8,100,Low,1,0,Medium,Medium,Public,Positive,4,0,High School,Far,Male,63,1,,0,0.0,
76,15,67,High,Medium,1,8,89,Low,1,0,High,High,Public,Neutral,4,0,High School,Moderate,Female,64,1,,0,0.0,
77,15,70,High,Medium,0,9,57,Medium,1,1,Medium,Medium,Private,Negative,3,0,High School,Near,Female,63,1,,0,0.0,
78,16,71,Medium,Medium,0,8,51,Medium,1,0,Low,Medium,Public,Negative,2,0,Postgraduate,Far,Female,61,1,,0,0.0,
79,7,82,High,High,1,8,56,Medium,1,0,Low,Medium,Private,Negative,2,0,High School,Far,Male,62,1,,0,0.0,
80,15,66,Low,High,0,6,80,Medium,0,1,Low,Medium,Private,Neutral,1,0,College,Near,Male,61,1,,0,0.0,
81,17,79,Medium,Low,1,6,75,Low,1,1,Medium,High,Public,Neutral,4,0,High School,Near,Male,65,1,,0,0.0,
82,16,62,Medium,Medium,1,7,79,Low,1,2,Medium,Medium,Public,Neutral,3,0,High School,Near,Male,63,1,,0,0.0,
83,14,65,High,Medium,0,5,59,Low,1,1,High,Medium,Public,Positive,4,0,Postgraduate,Far,Male,63,1,,0,0.0,
84,21,65,High,High,0,7,88,Low,1,2,Low,Medium,Private,Neutral,1,0,High School,Near,Male,65,1,,0,0.0,
85,27,62,Medium,High,1,5,63,Low,1,4,High,Medium,Public,Negative,4,0,High School,Near,Female,67,1,,0,0.0,
86,20,65,Medium,Low,0,6,74,Low,1,0,Medium,Medium,Private,Positive,3,0,College,Moderate,Male,62,1,,0,0.0,
87,9,74,Medium,High,0,7,66,Low,1,1,High,High,Private,Neutral,3,0,High School,Far,Female,62,1,,0,0.0,
88,13,63,High,Medium,1,5,65,Medium,1,2,High,Medium,Private,Neutral,2,0,High School,Far,Male,62,1,,0,0.0,
89,12,73,High,Medium,0,5,60,Medium,1,1,Low,Medium,Public,Negative,4,0,High School,Moderate,Male,62,1,,0,0.0,
90,10,76,Low,Medium,1,8,76,Medium,1,2,High,High,Private,Positive,3,1,Postgraduate,Moderate,Male,64,1,,0,0.0,
91,22,74,Medium,Low,1,6,56,Low,1,4,Medium,High,Public,Negative,3,0,Postgraduate,Moderate,Male,66,1,,0,0.0,
92,8,89,Medium,High,1,7,81,Low,1,4,Low,Medium,Public,Neutral,3,0,College,Near,Male,67,1,,0,0.0,
93,14,62,High,High,1,8,65,Low,1,3,Low,Medium,Public,Negative,2,0,High School,Far,Male,61,1,,0,0.0,
94,14,70,High,Medium,1,9,54,Medium,0,3,Medium,Medium,Public,Positive,1,0,College,Near,Male,64,1,,0,0.0,
95,13,62,Low,High,0,7,99,Medium,1,4,Medium,Low,Public,Positive,1,0,Postgraduate,Moderate,Female,63,1,,0,0.0,
96,14,65,Low,Medium,1,7,81,Medium,1,1,Low,Medium,Public,Positive,3,0,High School,Moderate,Female,61,1,,0,0.0,
97,21,60,Medium,High,1,8,93,Low,1,0,Low,Medium,Public,Positive,2,0,High School,Far,Female,63,1,,0,0.0,
98,11,65,Medium,High,0,7,78,Medium,1,2,Low,Medium,Public,Neutral,3,0,Postgraduate,Near,Female,63,1,,0,0.0,
99,15,73,Medium,Low,1,7,51,Medium,1,2,Low,High,Private,Negative,3,0,High School,Moderate,Male,61,1,,0,0.0,
100,15,72,High,High,0,8,50,Medium,1,2,Medium,Medium,Public,Neutral,4,0,High School,Near,Female,65,1,,0,0.0,
101,16,60,Low,Medium,1,8,66,Low,1,1,High,High,Private,Neutral,2,1,High School,Moderate,Female,59,1,,0,0.0,
102,17,66,High,High,0,5,64,Low,1,0,Medium,High,Private,Neutral,2,0,College,Near,Male,64,1,,0,0.0,
103,16,73,High,Medium,1,8,52,Medium,1,2,Medium,High,Public,Positive,4,0,College,Near,Female,66,1,,0,0.0,
104,20,63,Low,Low,1,8,73,Low,1,0,High,Medium,Public,Neutral,3,0,College,Near,Female,61,1,,0,0.0,
105,22,75,Medium,Medium,0,6,56,Low,1,3,Medium,Medium,Private,Positive,3,0,High School,Far,Male,65,1,,0,0.0,
106,10,89,Low,Low,1,8,69,Low,1,3,Low,Medium,Public,Negative,4,0,College,Moderate,Male,63,1,,0,0.0,
107,15,63,Medium,Low,0,8,55,Low,1,0,Medium,Low,Public,Neutral,3,0,College,Near,Female,59,1,,0,0.0,
108,10,62,Medium,Low,0,7,68,High,1,3,Medium,Medium,Public,Neutral,3,0,Postgraduate,Near,Male,61,1,,0,0.0,
109,15,84,Medium,High,0,6,55,Low,1,1,Medium,Medium,Private,Negative,2,0,High School,Near,Male,64,1,,0,0.0,
110,18,67,Low,Low,1,9,68,Low,1,2,Low,High,Private,Negative,2,0,Postgraduate,Near,Male,61,1,,0,0.0,
111,26,65,Low,Medium,0,7,53,Low,1,3,High,Medium,Public,Positive,2,0,High School,Near,Female,64,1,,0,0.0,
112,16,73,High,Low,1,8,58,Medium,1,1,Medium,Medium,Public,Neutral,4,0,High School,Near,Female,64,1,,0,0.0,
113,19,76,High,High,1,8,66,Low,1,0,Low,High,Private,Negative,4,1,High School,Near,Male,65,1,,0,0.0,
114,17,83,High,Medium,0,7,70,Low,1,3,Low,Medium,Private,Neutral,5,0,Postgraduate,Near,Female,68,1,,0,0.0,
115,19,60,Medium,High,0,10,51,Medium,1,0,Medium,Medium,Public,Positive,3,1,College,Near,Female,62,1,,0,0.0,
116,27,63,Medium,High,0,6,51,Low,1,0,Low,Medium,Public,Positive,2,0,Postgraduate,Moderate,Male,64,1,,0,0.0,
117,22,65,Medium,Medium,1,7,95,Low,1,3,Low,Medium,Public,Positive,2,0,High School,Moderate,Female,65,1,,0,0.0,
118,15,73,Medium,High,0,7,96,Low,1,1,Low,Medium,Public,Negative,2,0,College,Near,Male,64,1,,0,0.0,
119,17,86,High,Medium,1,7,59,Low,1,3,Low,Medium,Public,Positive,3,0,Postgraduate,Moderate,Male,68,1,,0,0.0,
120,25,70,Low,Medium,1,8,61,Low,0,3,Low,Medium,Public,Positive,4,0,College,Moderate,Female,64,1,,0,0.0,
121,22,72,High,Medium,1,9,64,Low,1,1,Medium,Medium,Public,Negative,2,0,College,Near,Female,66,1,,0,0.0,
122,9,64,Medium,Medium,0,5,73,Medium,1,1,Medium,Medium,Public,Positive,4,0,College,Near,Male,61,1,,0,0.0,
123,20,81,Medium,Low,1,6,53,Low,1,0,Medium,Low,Public,Neutral,4,0,High School,Far,Female,63,1,,0,0.0,
124,13,77,Medium,Medium,1,10,62,Medium,1,1,High,Medium,Private,Neutral,4,0,College,Moderate,Male,65,1,,0,0.0,
125,21,74,Medium,Low,1,7,52,Low,1,1,High,Medium,Public,Negative,4,0,High School,Far,Male,62,1,,0,0.0,
126,21,72,High,Medium,0,7,60,Low,1,0,Low,Medium,Private,Neutral,4,0,Postgraduate,Near,Male,65,1,,0,0.0,
127,15,71,Medium,High,0,8,50,Low,1,1,Medium,Medium,Public,Neutral,2,1,Postgraduate,Near,Female,62,1,,0,0.0,
128,14,64,High,High,1,6,90,Low,1,0,Low,High,Private,Negative,2,0,High School,Near,Female,63,1,,0,0.0,
129,19,79,High,Medium,1,10,59,Low,1,1,Medium,Medium,Public,Neutral,3,1,College,Moderate,Male,65,1,,0,0.0,
130,17,72,Medium,High,1,7,74,Low,1,2,High,Medium,Public,Positive,4,0,Postgraduate,Far,Male,67,1,,0,0.0,
131,14,81,Medium,Medium,1,7,73,Low,0,1,High,Medium,Private,Positive,3,1,High School,Moderate,Male,63,1,,0,0.0,
132,12,77,Medium,Medium,1,8,57,Medium,1,2,Low,High,Public,Negative,2,0,College,Moderate,Male,63,1,,0,0.0,
133,18,75,Medium,Medium,1,6,88,Low,1,2,Medium,High,Public,Negative,1,1,Postgraduate,Near,Female,66,1,,0,0.0,
134,11,93,Medium,Medium,1,6,72,Low,1,2,Low,Medium,Public,Negative,3,0,College,Moderate,Male,66,1,,0,0.0,
135,4,64,Medium,High,1,7,65,Medium,1,1,Medium,High,Public,Negative,4,0,High School,Far,Male,59,1,,0,0.0,
136,24,68,Medium,Medium,1,10,73,Low,1,1,Medium,Medium,Public,Neutral,4,1,High School,Moderate,Female,64,1,,0,0.0,
137,13,70,Medium,Medium,0,8,56,Medium,1,2,Medium,High,Public,Neutral,0,0,High School,Near,Male,62,1,,0,0.0,
138,20,61,Medium,Low,1,7,70,Low,1,1,Medium,Medium,Private,Positive,4,0,High School,Moderate,Female,62,1,,0,0.0,
139,19,81,High,High,0,8,61,Low,1,3,Medium,Medium,Private,Negative,5,0,Postgraduate,Near,Male,69,1,,0,0.0,
140,4,69,Medium,Low,0,9,93,Low,0,2,Medium,High,Private,Negative,3,0,High School,Moderate,Female,58,1,,0,0.0,
141,15,79,High,Medium,0,8,62,Low,1,1,Low,Low,Public,Positive,3,0,College,Near,Male,65,1,,0,0.0,
142,13,70,Medium,Medium,0,5,59,Medium,1,0,Medium,High,Private,Positive,2,0,Postgraduate,Near,Female,63,1,,0,0.0,
143,17,77,Medium,Medium,1,6,54,Low,1,3,Low,Medium,Public,Neutral,4,0,High School,Moderate,Male,64,1,,0,0.0,
144,14,73,Medium,Low,1,5,96,Low,1,1,Low,Medium,Public,Negative,3,0,High School,Moderate,Female,62,1,,0,0.0,
145,17,77,Low,Medium,0,9,67,Low,1,0,Low,High,Public,Neutral,5,1,High School,Near,Female,62,1,,0,0.0,
146,12,72,Medium,Medium,0,8,67,Low,1,4,Medium,Medium,Public,Neutral,4,0,High School,Near,Male,63,1,,0,0.0,
147,18,69,Low,Medium,0,8,59,Low,0,1,Low,Medium,Public,Positive,4,0,High School,Near,Female,60,1,,0,0.0,
148,10,81,Medium,Low,1,7,85,Low,1,1,Low,Medium,Public,Neutral,2,0,College,Near,Male,63,1,,0,0.0,
149,9,70,Medium,Medium,0,9,78,Low,1,1,Medium,Low,Public,Neutral,2,0,High School,Near,Female,60,1,,0,0.0,
150,12,90,Medium,High,0,6,61,Low,1,2,Medium,High,Public,Neutral,3,0,College,Near,Male,67,1,,0,0.0,
151,16,82,High,High,1,6,75,Low,1,3,Medium,Medium,Public,Neutral,3,0,College,Moderate,Female,68,1,,0,0.0,
152,14,76,High,Medium,1,8,59,Low,1,3,Medium,Medium,Private,Neutral,5,0,High School,Moderate,Male,65,1,,0,0.0,
153,12,68,High,High,1,7,75,Medium,1,1,Medium,Low,Private,Positive,4,0,High School,Near,Male,64,1,,0,0.0,
154,14,89,Medium,Low,1,5,67,Low,0,3,Low,Low,Private,Neutral,3,0,High School,Far,Female,63,1,,0,0.0,
155,16,65,Low,High,0,9,96,Low,1,2,Low,Medium,Public,Negative,2,0,High School,Near,Male,62,1,,0,0.0,
156,21,71,High,Medium,1,8,57,Low,0,2,High,Medium,Public,Positive,1,0,Postgraduate,Near,Female,66,1,,0,0.0,
157,22,61,Low,Low,1,6,82,Low,1,4,Medium,Medium,Public,Positive,4,0,High School,Moderate,Female,64,1,,0,0.0,
158,24,63,High,Medium,0,8,59,Low,1,1,Low,Medium,Public,Neutral,3,1,High School,Near,Male,62,1,,0,0.0,
159,10,60,Medium,Medium,0,9,85,Medium,1,0,Medium,High,Public,Positive,4,0,Postgraduate,Near,Male,62,1,,0,0.0,
160,22,65,Low,Medium,0,7,97,Low,1,2,Medium,High,Private,Neutral,4,0,High School,Moderate,Female,64,1,,0,0.0,
161,17,61,Low,Low,1,6,58,Medium,1,1,Medium,High,Public,Neutral,4,0,High School,Near,Male,60,1,,0,0.0,
162,18,64,Medium,Low,1,10,68,Low,1,1,Low,Medium,Public,Positive,5,0,High School,Near,Male,62,1,,0,0.0,
163,21,79,High,Medium,0,4,64,Low,1,0,Low,High,Public,Negative,4,0,College,Moderate,Male,66,1,,0,0.0,
164,11,63,High,Medium,1,9,56,High,1,2,Medium,Medium,Public,Neutral,3,0,High School,Near,Female,62,1,,0,0.0,
165,12,64,Medium,Low,0,5,67,Medium,1,3,Low,Medium,Private,Positive,2,1,High School,Near,Male,59,1,,0,0.0,
166,14,81,High,Medium,0,6,61,Low,1,0,Low,Medium,Public,Positive,4,0,High School,Moderate,Male,64,1,,0,0.0,
167,20,79,Medium,Low,1,6,74,Low,1,2,Low,Medium,Public,Positive,2,0,High School,Far,Male,64,1,,0,0.0,
168,24,65,Medium,Medium,0,7,55,Low,1,1,Low,High,Private,Positive,3,1,High School,Near,Female,63,1,,0,0.0,
169,11,85,Medium,Low,1,4,92,Low,1,0,Medium,High,Public,Neutral,1,0,College,Near,Male,64,1,,0,0.0,
170,18,73,Low,Medium,1,8,88,Low,1,3,Low,Medium,Public,Positive,4,0,College,Moderate,Male,65,1,,0,0.0,
171,22,67,High,Medium,0,6,71,Low,1,2,Medium,Medium,Public,Positive,2,0,College,Moderate,Male,65,1,,0,0.0,
172,19,78,Medium,Medium,1,9,74,Low,1,2,Low,Medium,Public,Positive,5,0,High School,Moderate,Female,66,1,,0,0.0,
173,12,87,Medium,Medium,1,7,53,Low,1,2,Medium,Medium,Private,Neutral,1,0,College,Near,Male,65,1,,0,0.0,
174,20,66,Medium,Medium,1,7,94,Low,1,0,Medium,Low,Public,Neutral,4,0,High School,Moderate,Female,63,1,,0,0.0,
175,18,82,Low,Medium,0,9,73,Low,1,2,Low,Medium,Public,Positive,4,0,College,Near,Female,66,1,,0,0.0,
176,18,82,Low,Medium,1,6,67,Low,1,1,High,Low,Private,Positive,3,0,Postgraduate,Moderate,Male,66,1,,0,0.0,
177,18,71,Low,Low,1,7,61,Low,1,2,Low,Medium,Public,Negative,4,0,College,Near,Male,61,1,,0,0.0,
178,11,64,High,Medium,1,5,78,Low,1,2,Low,High,Private,Neutral,4,0,College,Moderate,Male,62,1,,0,0.0,
179,22,75,Medium,High,1,6,63,Low,1,1,Low,Medium,Public,Positive,2,0,College,Near,Male,67,1,,0,0.0,
180,17,68,Medium,Medium,1,10,57,Medium,1,1,High,Medium,Private,Positive,1,1,High School,Moderate,Female,62,1,,0,0.0,
181,11,85,Medium,Medium,0,7,79,Low,1,2,High,Low,Public,Positive,3,0,High School,Near,Male,65,1,,0,0.0,
182,7,77,High,Medium,0,9,76,Medium,1,2,Medium,High,Public,Negative,3,0,College,Moderate,Male,63,1,,0,0.0,
183,21,74,Medium,High,0,6,66,Low,1,1,Medium,High,Private,Negative,4,0,High School,Near,Male,66,1,,0,0.0,
184,14,68,Medium,Medium,1,6,52,Medium,1,2,Low,Medium,Public,Positive,2,0,College,Near,Male,62,1,,0,0.0,
185,20,72,Medium,High,1,7,56,Low,1,0,Low,Medium,Public,Negative,6,1,College,Moderate,Male,63,1,,0,0.0,
186,20,62,Medium,Medium,1,9,95,Low,1,0,Medium,Medium,Private,Neutral,3,1,High School,Near,Male,62,1,,0,0.0,
187,19,63,Medium,High,1,7,56,Medium,1,2,Low,Medium,Private,Positive,3,0,High School,Near,Female,64,1,,0,0.0,
188,17,71,Low,Medium,1,6,62,Medium,1,2,Low,Medium,Public,Neutral,3,1,College,Near,Male,62,1,,0,0.0,
189,9,80,Medium,High,0,7,91,Low,1,1,Medium,Medium,Public,Neutral,3,0,College,Near,Female,65,1,,0,0.0,
190,17,81,Medium,Low,1,5,53,Low,1,0,Medium,Medium,Public,Neutral,1,0,College,Near,Male,63,1,,0,0.0,
191,5,92,Medium,Medium,1,9,52,Medium,1,2,High,Medium,Private,Neutral,4,1,College,Moderate,Female,64,1,,0,0.0,
192,10,92,Low,High,1,6,51,Low,1,1,Medium,Medium,Private,Neutral,3,0,High School,Near,Female,65,1,,0,0.0,
193,14,62,High,Medium,0,4,100,Low,1,1,Low,Medium,Public,Neutral,3,0,High School,Near,Male,62,1,,0,0.0,
194,13,70,High,Medium,0,10,78,Medium,1,1,Low,Medium,Public,Negative,2,0,High School,Far,Female,61,1,,0,0.0,
195,21,60,High,Medium,1,9,62,Medium,1,2,Low,Medium,Public,Positive,3,0,High School,Near,Male,64,1,,0,0.0,
196,8,72,Low,Medium,1,5,72,Medium,1,3,High,Low,Private,Positive,4,0,High School,Near,Female,62,1,,0,0.0,
197,17,78,Low,Medium,1,9,76,Low,1,4,Medium,Medium,Public,Positive,2,0,College,Near,Male,66,1,,0,0.0,
198,20,69,High,Medium,0,7,63,Low,1,2,Low,Medium,Private,Negative,2,0,High School,Moderate,Female,64,1,,0,0.0,
199,22,60,Medium,Medium,0,6,92,Low,1,2,Low,High,Public,Negative,2,0,High School,Near,Male,63,1,,0,0.0,
200,25,60,Medium,Low,1,5,73,Low,1,1,Medium,Medium,Public,Negative,2,0,High School,Near,Male,62,1,,0,0.0,
201,16,72,Medium,Medium,1,6,66,Low,1,0,Low,Medium,Private,Positive,4,0,College,Near,Male,63,1,,0,0.0,
202,18,68,High,High,0,6,82,Low,1,0,Medium,High,Public,Positive,3,0,High School,Near,Male,66,1,,0,0.0,
203,23,63,Medium,Low,1,6,87,Low,1,1,Medium,Medium,Public,Neutral,2,0,Postgraduate,Near,Male,64,1,,0,0.0,
204,21,71,Medium,Medium,1,10,55,Low,1,1,Medium,Medium,Public,Negative,4,0,High School,Moderate,Female,63,1,,0,0.0,
205,14,81,Medium,High,1,6,64,Low,0,2,High,High,Public,Neutral,2,0,High School,Far,Female,64,1,,0,0.0,
206,10,82,High,Medium,0,7,82,Low,1,2,Low,High,Private,Neutral,4,0,High School,Near,Male,65,1,,0,0.0,
207,13,71,Medium,High,0,7,86,Low,1,2,Low,Medium,Public,Positive,3,0,Postgraduate,Near,Male,65,1,,0,0.0,
208,17,68,Low,High,0,8,53,Medium,1,0,Low,Medium,Public,Neutral,2,0,College,Near,Male,61,1,,0,0.0,
209,20,72,High,Low,0,8,60,Low,1,0,Low,Medium,Public,Neutral,5,0,High School,Near,Male,63,1,,0,0.0,
210,11,69,Medium,Medium,0,5,93,Medium,1,0,Medium,High,Public,Negative,4,0,College,Near,Male,63,1,,0,0.0,
211,3,85,Low,High,0,8,73,Low,1,2,Low,Medium,Private,Neutral,3,0,High School,Near,Male,62,1,,0,0.0,
212,10,68,Low,Medium,0,6,96,Low,1,1,High,Medium,Public,Neutral,3,0,College,Moderate,Male,61,1,,0,0.0,
213,11,97,Medium,Medium,1,7,68,Low,1,0,Low,Medium,Private,Negative,2,0,High School,Moderate,Female,64,1,,0,0.0,
214,18,79,Medium,Medium,1,5,77,Low,1,1,Low,High,Public,Neutral,3,0,High School,Near,Male,65,1,,0,0.0,
215,20,72,Medium,High,0,7,84,Low,1,2,Medium,High,Public,Negative,2,0,High School,Moderate,Female,65,1,,0,0.0,
216,8,67,High,Medium,1,8,58,Low,1,2,Medium,Medium,Public,Positive,1,0,Postgraduate,Moderate,Female,61,1,,0,0.0,
217,25,64,Medium,Low,1,6,82,Low,1,2,Low,Medium,Public,Negative,3,0,High School,Moderate,Female,63,1,,0,0.0,
218,3,62,Medium,Low,0,6,67,Medium,1,1,Low,Medium,Public,Negative,3,0,High School,Near,Male,55,1,,0,0.0,
219,21,75,Medium,Medium,1,7,70,Low,1,3,Medium,Medium,Public,Positive,4,1,Postgraduate,Near,Male,67,1,,0,0.0,
220,21,72,Medium,High,0,7,78,Low,0,0,High,Medium,Public,Neutral,1,1,High School,Near,Female,63,1,,0,0.0,
221,13,88,High,Low,1,9,61,Low,1,4,Medium,Medium,Private,Negative,3,0,High School,Near,Female,66,1,,0,0.0,
222,13,68,Low,Medium,1,6,79,Medium,1,1,High,Medium,Private,Negative,3,0,College,Near,Male,62,1,,0,0.0,
223,20,81,High,High,1,7,56,Low,0,1,Medium,Medium,Private,Positive,3,0,High School,Near,Male,67,1,,0,0.0,
224,19,63,Low,High,1,7,58,Medium,1,2,Low,High,Private,Neutral,3,0,Postgraduate,Near,Female,64,1,,0,0.0,
225,13,64,Medium,Low,1,6,77,Medium,1,0,Low,High,Public,Neutral,4,0,High School,Near,Male,60,1,,0,0.0,
226,18,63,High,High,0,9,55,Medium,1,2,High,High,Private,Positive,2,0,Postgraduate,Near,Female,66,1,,0,0.0,
227,20,78,Medium,Medium,0,5,73,Low,1,1,Low,Medium,Public,Negative,3,0,College,Near,Female,65,1,,0,0.0,
228,14,67,Medium,High,0,7,82,Low,1,1,Medium,Medium,Public,Neutral,3,0,High School,Far,Female,62,1,,0,0.0,
229,12,79,Low,High,0,6,55,Medium,1,1,Low,High,Private,Neutral,4,0,College,Far,Female,62,1,,0,0.0,
230,26,64,Low,High,0,6,62,Low,1,1,Low,Medium,Private,Positive,5,0,High School,Moderate,Male,64,1,,0,0.0,
231,16,66,Medium,Low,0,6,63,Low,1,2,Medium,High,Public,Neutral,3,0,College,Moderate,Male,61,1,,0,0.0,
232,5,65,Medium,High,1,7,98,Low,1,1,Low,Low,Private,Positive,3,0,High School,Far,Male,59,1,,0,0.0,
233,10,85,Medium,Medium,1,6,64,Low,1,1,Medium,Medium,Public,Negative,3,0,College,Near,Male,64,1,,0,0.0,
234,10,85,High,Medium,1,8,64,Low,1,2,High,Medium,Public,Neutral,3,0,Postgraduate,Near,Female,67,1,,0,0.0,
235,14,75,Medium,Low,1,8,62,Low,1,0,High,Medium,Public,Negative,2,0,High School,Moderate,Female,61,1,,0,0.0,
236,14,89,Low,High,0,6,59,Low,1,2,Low,High,Public,Neutral,5,0,Postgraduate,Moderate,Male,66,1,,0,0.0,
237,21,74,Medium,High,1,6,61,Low,0,0,Low,Medium,Private,Positive,4,0,High School,Near,Male,65,1,,0,0.0,
238,17,65,Low,Low,1,5,55,Medium,1,2,Low,Medium,Public,Positive,3,0,High School,Near,Female,61,1,,0,0.0,
239,16,80,High,High,1,9,62,Low,1,0,High,Medium,Public,Neutral,4,0,Postgraduate,Near,Female,68,1,,0,0.0,
240,16,74,Low,Medium,1,9,86,Low,1,1,Low,Medium,Private,Neutral,2,0,High School,Near,Female,63,1,,0,0.0,
241,12,70,Medium,High,0,5,53,Medium,1,2,Low,Medium,Private,Positive,3,0,College,Near,Male,63,1,,0,0.0,
242,13,61,High,Low,0,7,68,Low,0,1,Medium,Medium,Public,Neutral,2,0,High School,Near,Male,58,1,,0,0.0,
243,25,62,Medium,Medium,0,10,84,Low,1,2,Low,Medium,Public,Positive,3,0,College,Near,Female,65,1,,0,0.0,
244,15,68,Low,Medium,1,6,94,Low,1,0,Medium,High,Public,Neutral,5,0,Postgraduate,Near,Female,64,1,,0,0.0,
245,13,88,High,Medium,0,4,66,Low,1,1,Low,High,Public,Positive,4,0,High School,Near,Female,67,1,,0,0.0,
246,12,63,Medium,High,0,5,63,Low,1,4,Low,Medium,Private,Positive,2,0,High School,Moderate,Male,61,1,,0,0.0,
247,19,88,Medium,High,1,8,57,Low,0,1,Medium,Low,Private,Negative,4,0,College,Near,Male,66,1,,0,0.0,
248,17,64,Medium,Medium,0,9,50,Medium,1,2,Low,High,Public,Positive,4,0,High School,Moderate,Female,62,1,,0,0.0,
249,13,68,Low,Low,1,8,66,Medium,1,0,Medium,Low,Public,Neutral,4,1,College,Near,Male,59,1,,0,0.0,
250,15,61,Medium,High,1,6,54,Medium,1,0,High,High,Private,Neutral,2,0,Postgraduate,Near,Male,63,1,,0,0.0,
251,14,69,Medium,High,1,6,93,Low,0,2,Low,Medium,Private,Neutral,0,0,High School,Near,Male,63,1,,0,0.0,
252,7,73,High,Medium,1,6,75,Medium,1,3,Low,Medium,Public,Neutral,3,0,College,Near,Female,64,1,,0,0.0,
253,20,74,Medium,Medium,1,7,59,Low,1,5,High,Medium,Public,Positive,4,0,High School,Near,Female,68,1,,0,0.0,
254,14,60,Medium,Low,1,7,89,Low,1,2,Medium,Medium,Public,Neutral,3,0,High School,Moderate,Male,60,1,,0,0.0,
255,18,78,High,Medium,1,7,71,Low,1,3,Medium,Medium,Public,Neutral,4,0,High School,Moderate,Male,67,1,,0,0.0,
256,16,74,High,High,1,6,68,Low,1,2,Medium,Medium,Public,Neutral,4,0,College,Near,Male,67,1,,0,0.0,
257,20,68,Medium,Medium,1,7,80,Low,1,0,Low,Medium,Private,Neutral,4,0,High School,Near,Female,63,1,,0,0.0,
258,18,67,High,Medium,0,6,51,Medium,1,0,Medium,High,Public,Positive,2,0,College,Near,Female,64,1,,0,0.0,
259,21,66,Medium,Medium,0,9,62,Low,0,3,Medium,Medium,Private,Positive,2,0,High School,Near,Male,63,1,,0,0.0,
260,19,86,Medium,Low,0,6,54,Low,1,1,High,High,Private,Positive,5,0,Postgraduate,Near,Male,68,1,,0,0.0,
261,13,60,Medium,Medium,1,7,66,Medium,1,2,Low,Medium,Public,Positive,3,0,Postgraduate,Near,Male,62,1,,0,0.0,
262,9,61,High,Medium,1,6,77,Low,0,1,High,Medium,Private,Neutral,2,0,High School,Near,Male,82,1,,0,0.0,
263,17,71,Low,High,1,6,78,Low,1,0,Medium,Medium,Public,Positive,4,0,College,Near,Female,64,1,,0,0.0,
264,4,88,Medium,High,0,6,87,Low,1,1,Medium,High,Public,Neutral,4,0,College,Near,Male,66,1,,0,0.0,
265,22,72,Low,Medium,0,6,70,Low,1,1,High,Medium,Public,Neutral,3,0,Postgraduate,Far,Male,64,1,,0,0.0,
266,20,74,High,High,0,7,69,Low,1,2,High,High,Private,Neutral,2,0,College,Near,Male,68,1,,0,0.0,
267,17,68,Medium,High,1,5,66,Medium,1,1,High,Medium,Public,Negative,4,0,High School,Near,Male,64,1,,0,0.0,
268,17,74,Medium,Medium,0,9,56,Medium,1,1,Medium,High,Private,Negative,3,0,High School,Moderate,Male,63,1,,0,0.0,
269,12,64,Medium,Medium,0,9,51,Low,0,2,Low,Medium,Public,Neutral,4,0,College,Near,Male,59,1,,0,0.0,
270,14,68,Medium,High,0,7,76,Medium,1,2,High,Medium,Public,Positive,3,0,High School,Near,Male,65,1,,0,0.0,
271,16,61,Medium,Low,1,6,81,Medium,1,0,Medium,Medium,Public,Negative,2,0,College,Near,Male,60,1,,0,0.0,
272,14,70,Medium,Medium,1,9,88,Low,1,0,High,Medium,Private,Positive,4,0,College,Moderate,Female,64,1,,0,0.0,
273,24,71,Medium,High,1,7,55,Low,1,2,High,Medium,Public,Positive,3,0,College,Far,Male,67,1,,0,0.0,
274,23,65,Medium,High,1,7,58,Low,1,1,Low,Medium,Public,Neutral,3,1,College,Moderate,Female,63,1,,0,0.0,
275,18,70,Medium,Medium,1,8,51,Medium,1,1,Low,Medium,Private,Negative,3,0,College,Moderate,Male,62,1,,0,0.0,
276,15,91,Medium,Medium,0,6,72,Low,1,0,Medium,Medium,Public,Neutral,2,0,High School,Moderate,Female,65,1,,0,0.0,
277,19,75,Medium,Medium,0,7,65,Low,1,0,Low,Low,Private,Neutral,4,0,High School,Near,Female,63,1,,0,0.0,
278,18,74,Low,Medium,1,7,67,Low,1,0,Low,Medium,Public,Positive,3,0,High School,Near,Male,63,1,,0,0.0,
279,16,61,High,High,0,8,64,Medium,1,1,Low,High,Public,Positive,3,0,High School,Far,Male,62,1,,0,0.0,
280,9,76,Medium,Medium,0,7,79,Medium,1,1,Medium,Medium,Public,Negative,3,0,College,Near,Male,63,1,,0,0.0,
281,22,75,High,High,1,9,66,Low,1,0,Low,Medium,Private,Neutral,2,0,Postgraduate,Near,Male,67,1,,0,0.0,
282,19,62,High,Medium,1,6,79,Low,1,7,Medium,Medium,Public,Neutral,2,0,High School,Near,Female,66,1,,0,0.0,
283,15,83,Medium,Medium,1,7,57,Low,1,0,Medium,Medium,Private,Positive,3,0,Postgraduate,Near,Male,65,1,,0,0.0,
284,13,73,Medium,Medium,1,7,51,Medium,1,1,Low,Medium,Public,Positive,4,0,Postgraduate,Near,Male,63,1,,0,0.0,
285,19,77,High,Medium,1,6,54,Low,1,3,High,Medium,Private,Negative,2,0,College,Moderate,Male,66,1,,0,0.0,
286,17,67,High,Medium,1,10,51,Medium,1,3,Low,Medium,Public,Positive,5,0,High School,Near,Male,65,1,,0,0.0,
287,18,81,Medium,Low,1,10,55,Low,1,3,Low,Medium,Public,Negative,2,0,High School,Near,Male,64,1,,0,0.0,
288,18,68,Medium,High,1,8,83,Low,1,1,Low,Medium,Public,Positive,2,0,College,Near,Male,65,1,,0,0.0,
289,21,84,Medium,Low,0,9,53,Low,1,2,Medium,High,Public,Negative,3,0,High School,Moderate,Female,65,1,,0,0.0,
290,11,62,Medium,High,1,4,68,Medium,1,2,High,Medium,Public,Negative,3,0,High School,Moderate,Male,61,1,,0,0.0,
291,17,77,Medium,Medium,0,7,54,Low,1,1,Low,High,Public,Positive,2,0,College,Near,Male,64,1,,0,0.0,
292,17,75,High,Medium,1,8,81,Low,1,3,High,Medium,Public,Neutral,3,1,Postgraduate,Near,Male,67,1,,0,0.0,
293,17,64,Low,High,0,7,69,Medium,1,1,Medium,Medium,Public,Negative,3,0,High School,Near,Female,62,1,,0,0.0,
294,16,66,Low,Medium,1,9,52,Medium,1,1,Medium,Low,Public,Negative,3,1,High School,Near,Male,59,1,,0,0.0,
295,19,76,High,High,0,4,72,Low,1,2,High,Medium,Public,Neutral,2,0,College,Moderate,Female,68,1,,0,0.0,
296,14,67,Medium,Medium,0,10,53,Medium,1,2,High,Medium,Public,Neutral,3,0,College,Near,Male,62,1,,0,0.0,
297,19,64,Low,Medium,0,8,62,Medium,1,0,High,Medium,Public,Positive,4,1,College,Near,Male,61,1,,0,0.0,
298,17,61,Medium,High,1,7,58,Low,1,2,Low,Medium,Public,Positive,3,1,High School,Near,Female,61,1,,0,0.0,
299,10,64,Medium,High,0,8,96,Medium,1,1,Medium,Medium,Public,Neutral,3,0,High School,Moderate,Male,62,1,,0,0.0,
300,13,93,Medium,Medium,1,5,52,Low,1,2,Medium,Medium,Public,Positive,3,0,College,Near,Female,67,1,,0,0.0,
301,3,96,High,High,1,9,59,Medium,1,2,Low,Medium,Public,Negative,3,0,College,Moderate,Female,66,1,,0,0.0,
302,17,60,High,Medium,1,9,86,Medium,1,0,Low,High,Public,Positive,2,0,High School,Near,Male,63,1,,0,0.0,
303,16,72,Medium,High,0,6,58,Low,1,1,Medium,Medium,Public,Negative,2,0,High School,Far,Male,62,1,,0,0.0,
304,23,64,High,Medium,1,5,80,Low,1,3,Medium,High,Public,Negative,2,1,College,Moderate,Female,65,1,,0,0.0,
305,15,71,High,High,1,6,69,Low,1,2,Low,High,Private,Negative,4,0,College,Near,Female,65,1,,0,0.0,
306,5,75,Medium,Low,1,10,84,Medium,1,0,High,Medium,Private,Neutral,4,0,Postgraduate,Moderate,Female,62,1,,0,0.0,
307,17,69,Medium,Medium,1,7,70,Low,1,0,Low,High,Public,Neutral,3,1,College,Moderate,Male,61,1,,0,0.0,
308,12,83,Low,Medium,1,7,86,Low,1,1,High,Medium,Public,Negative,4,0,College,Near,Female,65,1,,0,0.0,
309,15,65,High,Medium,0,5,93,Low,1,2,Low,Medium,Public,Neutral,4,1,High School,Near,Female,63,1,,0,0.0,
310,21,63,Medium,Medium,0,10,70,Low,1,1,High,High,Private,Positive,2,0,College,Near,Female,64,1,,0,0.0,
311,2,84,Low,High,0,8,54,Low,1,3,Low,Low,Public,Positive,4,0,High School,Near,Male,62,1,,0,0.0,
312,23,72,Medium,Medium,1,6,69,Low,1,2,High,Medium,Public,Positive,4,0,High School,Near,Male,67,1,,0,0.0,
313,20,61,Low,Low,1,6,63,Medium,1,1,Medium,High,Public,Positive,4,0,College,Far,Male,61,1,,0,0.0,
314,19,78,Medium,Low,1,5,56,Low,1,3,High,Medium,Public,Neutral,4,0,College,Moderate,Female,65,1,,0,0.0,
315,17,65,Medium,Medium,0,5,62,Medium,1,2,Medium,Medium,Public,Positive,4,0,High School,Near,Female,63,1,,0,0.0,
316,11,73,Medium,High,1,9,79,Medium,1,1,Low,High,Public,Neutral,2,0,High School,Near,Male,64,1,,0,0.0,
317,26,60,Low,High,1,6,54,Low,1,1,Low,Medium,Private,Positive,1,0,Postgraduate,Moderate,Male,63,1,,0,0.0,
318,20,60,Medium,Medium,1,4,80,Low,1,2,High,Medium,Private,Positive,3,1,College,Moderate,Male,63,1,,0,0.0,
319,23,74,Medium,Low,1,8,66,Low,1,0,High,Medium,Public,Negative,4,0,Postgraduate,Near,Female,65,1,,0,0.0,
320,18,85,Low,Medium,0,7,56,Low,1,0,Low,Medium,Private,Positive,4,0,High School,Moderate,Male,64,1,,0,0.0,
321,28,60,Medium,High,1,7,53,Low,1,3,Low,Medium,Private,Neutral,3,0,High School,Near,Female,65,1,,0,0.0,
322,19,78,Medium,Medium,0,7,55,Low,1,0,Medium,Medium,Public,Positive,3,0,College,Near,Male,65,1,,0,0.0,
323,16,76,Medium,Medium,1,7,95,Low,1,2,Medium,Medium,Public,Negative,3,0,High School,Near,Female,66,1,,0,0.0,
324,14,78,High,High,1,8,80,Low,1,1,Medium,Medium,Public,Neutral,1,0,High School,Near,Female,66,1,,0,0.0,
325,30,66,Medium,High,0,6,53,Low,0,2,Low,Medium,Public,Positive,2,0,High School,Near,Male,65,1,,0,0.0,
326,21,61,Medium,Medium,0,4,90,Low,1,2,Medium,Low,Public,Neutral,3,0,High School,Near,Male,63,1,,0,0.0,
327,19,70,Medium,Low,1,9,86,Low,1,2,High,Medium,Public,Neutral,2,1,High School,Near,Male,63,1,,0,0.0,
328,14,67,Medium,Low,0,4,71,Medium,1,0,High,Medium,Public,Neutral,4,0,College,Near,Female,62,1,,0,0.0,
329,17,67,Medium,High,1,5,54,Medium,1,0,Low,Medium,Public,Negative,2,0,High School,Moderate,Male,61,1,,0,0.0,
330,18,61,High,Low,1,5,71,Low,1,3,High,High,Private,Neutral,3,0,College,Near,Male,64,1,,0,0.0,
331,14,64,Medium,High,0,8,62,Low,1,1,Medium,High,Public,Positive,4,1,High School,Moderate,Male,61,1,,0,0.0,
332,17,64,High,Low,1,7,74,Low,1,2,Medium,Low,Public,Positive,2,0,Postgraduate,Near,Female,64,1,,0,0.0,
333,22,64,Medium,High,0,6,52,Low,1,2,High,Medium,Private,Negative,4,0,College,Moderate,Female,64,1,,0,0.0,
334,19,61,Medium,Medium,0,7,74,Low,1,2,High,Medium,Public,Negative,3,0,Postgraduate,Far,Male,62,1,,0,0.0,
335,18,70,High,Medium,1,5,81,Low,1,2,Low,Medium,Private,Negative,2,0,High School,Far,Female,63,1,,0,0.0,
336,14,62,Medium,Medium,1,6,78,Medium,1,0,High,Medium,Public,Positive,2,0,College,Near,Female,63,1,,0,0.0,
337,21,61,Low,Medium,0,7,58,Medium,1,1,Medium,Low,Public,Negative,3,0,High School,Near,Female,60,1,,0,0.0,
338,4,61,Low,High,1,7,71,High,1,0,Low,Low,Public,Positive,1,0,Postgraduate,Near,Male,58,1,,0,0.0,
339,9,76,Medium,Medium,1,7,79,Medium,1,1,Low,Medium,Public,Neutral,3,0,High School,Near,Female,62,1,,0,0.0,
340,24,70,Medium,High,0,8,59,Low,1,2,Low,High,Public,Positive,5,0,High School,Near,Male,67,1,,0,0.0,
341,15,77,Low,Medium,1,7,95,Low,1,4,Low,Medium,Public,Positive,4,0,High School,Moderate,Male,65,1,,0,0.0,
342,21,76,Low,Medium,0,6,50,Low,1,2,Low,Medium,Public,Negative,4,0,Postgraduate,Moderate,Female,63,1,,0,0.0,
343,12,65,Medium,Medium,0,8,57,Medium,1,1,High,High,Private,Positive,5,1,High School,Near,Female,61,1,,0,0.0,
344,16,77,Low,High,1,6,76,Low,1,1,Low,Medium,Public,Neutral,1,0,Postgraduate,Moderate,Female,64,1,,0,0.0,
345,12,81,High,High,1,5,82,Low,1,1,Medium,High,Public,Positive,3,0,High School,Far,Female,66,1,,0,0.0,
346,20,66,Low,Medium,1,8,54,Medium,1,2,Medium,Low,Public,Positive,2,0,Postgraduate,Near,Male,63,1,,0,0.0,
347,11,63,High,Medium,0,7,55,Low,1,3,High,Medium,Private,Positive,1,0,Postgraduate,Near,Male,62,1,,0,0.0,
348,15,77,Medium,Medium,1,8,57,Low,1,1,Low,Medium,Public,Neutral,2,0,College,Near,Male,63,1,,0,0.0,
349,9,87,Medium,Medium,0,8,56,Medium,1,1,Medium,High,Public,Positive,3,0,College,Moderate,Female,65,1,,0,0.0,
350,16,61,High,Medium,1,6,53,Low,1,0,High,Medium,Public,Positive,4,1,High School,Moderate,Female,60,1,,0,0.0,
351,11,68,Medium,Medium,0,6,91,Low,1,3,Low,High,Public,Negative,2,0,College,Far,Female,61,1,,0,0.0,
352,21,67,Medium,High,0,7,52,Medium,1,3,Low,Medium,Public,Negative,3,1,High School,Moderate,Female,62,1,,0,0.0,
353,16,67,Medium,Medium,0,7,95,Low,1,2,Medium,Medium,Public,Neutral,5,1,High School,Near,Male,63,1,,0,0.0,
354,19,61,Low,High,1,8,83,Low,1,1,Medium,Medium,Private,Negative,3,0,High School,Near,Male,62,1,,0,0.0,
355,14,85,Medium,Medium,1,8,54,Low,1,1,High,Medium,Private,Negative,4,0,Postgraduate,Moderate,Male,65,1,,0,0.0,
356,20,73,High,High,1,8,74,Low,1,1,Low,Low,Private,Negative,4,0,High School,Moderate,Male,65,1,,0,0.0,
357,19,65,Medium,High,1,7,68,Low,1,1,Low,Low,Public,Neutral,4,0,College,Near,Female,63,1,,0,0.0,
358,20,64,Medium,Low,1,8,53,Low,1,1,Low,Medium,Public,Positive,2,0,High School,Near,Male,61,1,,0,0.0,
359,16,61,Medium,High,1,6,85,Medium,1,2,Medium,Medium,Private,Positive,3,0,High School,Near,Male,64,1,,0,0.0,
360,9,73,Medium,Low,1,7,95,Medium,0,3,Low,Medium,Private,Negative,3,0,Postgraduate,Near,Male,62,1,,0,0.0,
361,14,83,High,Medium,1,7,95,Low,1,1,Low,Medium,Private,Neutral,2,1,High School,Near,Female,65,1,,0,0.0,
362,10,60,Medium,Medium,0,7,72,Low,0,3,Medium,Low,Public,Positive,3,0,High School,Near,Male,59,1,,0,0.0,
363,18,63,High,High,0,8,62,Medium,1,2,High,Medium,Public,Positive,4,0,High School,Near,Female,65,1,,0,0.0,
364,17,79,Medium,Medium,1,7,80,Low,1,1,High,High,Public,Positive,3,0,College,Near,Female,67,1,,0,0.0,
365,10,72,Medium,Low,0,7,89,Medium,1,3,Medium,Medium,Public,Negative,4,0,College,Near,Female,63,1,,0,0.0,
366,17,74,Medium,Medium,1,8,58,Low,1,1,High,Medium,Public,Neutral,2,0,College,Far,Male,63,1,,0,0.0,
367,18,64,Low,Low,1,7,97,Low,1,2,Medium,Low,Private,Neutral,4,0,College,Near,Male,62,1,,0,0.0,
368,18,60,Medium,Medium,1,5,69,Medium,1,0,Medium,Medium,Public,Neutral,2,0,Postgraduate,Near,Female,62,1,,0,0.0,
369,13,62,Low,Medium,1,6,90,Medium,0,3,High,High,Private,Neutral,3,1,Postgraduate,Near,Female,62,1,,0,0.0,
370,24,65,Low,High,0,6,79,Low,1,1,Medium,High,Public,Neutral,2,0,Postgraduate,Near,Male,66,1,,0,0.0,
371,9,70,High,Medium,0,5,81,Medium,1,1,High,High,Private,Neutral,4,0,Postgraduate,Near,Female,65,1,,0,0.0,
372,5,79,High,High,1,9,89,Low,1,3,Medium,Medium,Private,Neutral,3,0,College,Near,Female,66,1,,0,0.0,
373,19,61,High,Medium,0,9,67,Medium,1,0,Low,Medium,Public,Negative,2,0,College,Far,Female,61,1,,0,0.0,
374,22,70,Medium,High,1,8,74,Low,1,2,Low,High,Public,Negative,2,0,High School,Moderate,Male,65,1,,0,0.0,
375,9,65,Medium,High,1,9,67,Medium,1,1,High,Medium,Public,Neutral,3,0,High School,Near,Female,62,1,,0,0.0,
376,15,66,Low,High,1,7,75,Low,1,0,High,High,Public,Negative,3,0,College,Near,Male,62,1,,0,0.0,
377,7,80,High,Medium,0,9,83,Low,0,3,Medium,Medium,Public,Neutral,3,0,High School,Far,Female,62,1,,0,0.0,
378,19,64,Medium,Medium,1,9,56,Low,1,2,Low,Medium,Public,Positive,4,0,Postgraduate,Far,Female,63,1,,0,0.0,
379,20,60,Medium,Medium,1,8,67,Low,1,1,Medium,Medium,Public,Neutral,4,0,Postgraduate,Moderate,Female,63,1,,0,0.0,
380,18,75,Low,Medium,1,7,59,Low,1,0,Medium,Medium,Public,Positive,2,1,High School,Near,Female,62,1,,0,0.0,
381,16,80,High,Low,0,9,58,Low,1,0,Medium,Medium,Public,Neutral,2,0,High School,Near,Female,63,1,,0,0.0,
382,20,65,High,Medium,0,7,58,Medium,0,3,Low,Medium,Private,Neutral,4,0,High School,Near,Male,63,1,,0,0.0,
383,9,62,Low,High,1,5,58,Low,1,0,Medium,High,Private,Positive,5,0,College,Moderate,Female,59,1,,0,0.0,
384,20,80,Low,Low,0,6,77,Low,1,0,Medium,High,Private,Negative,3,0,High School,Near,Male,64,1,,0,0.0,
385,10,67,Medium,Medium,0,4,65,Medium,0,3,Medium,Medium,Public,Positive,3,0,High School,Near,Male,61,1,,0,0.0,
386,15,71,High,High,0,8,60,Medium,1,0,Low,High,Private,Negative,3,0,High School,Far,Female,62,1,,0,0.0,
387,15,66,Low,Medium,0,7,53,Medium,1,2,Medium,High,Public,Negative,3,0,College,Near,Female,61,1,,0,0.0,
388,13,66,High,Medium,1,6,71,Medium,1,3,Medium,Medium,Public,Neutral,3,0,High School,Near,Male,64,1,,0,0.0,
389,17,82,High,Low,0,9,56,Low,1,3,High,Medium,Public,Positive,2,0,High School,Near,Female,66,1,,0,0.0,
390,9,94,Medium,Medium,1,6,81,Low,1,0,Low,High,Public,Positive,3,0,High School,Near,Male,66,1,,0,0.0,
391,18,63,Medium,Low,0,7,52,Medium,1,2,High,High,Public,Positive,3,0,Postgraduate,Moderate,Female,63,1,,0,0.0,
392,18,78,High,High,1,6,61,Low,1,1,Low,Medium,Private,Positive,5,0,High School,Near,Male,67,1,,0,0.0,
393,12,71,Medium,Medium,1,8,65,Medium,1,1,Medium,High,Private,Neutral,2,0,High School,Moderate,Male,62,1,,0,0.0,
394,17,76,Medium,Low,0,7,81,Low,1,4,High,Medium,Private,Neutral,2,0,High School,Near,Male,65,1,,0,0.0,
395,17,78,Medium,Medium,1,9,65,Low,1,1,Medium,High,Public,Neutral,4,0,High School,Moderate,Female,65,1,,0,0.0,
396,5,70,High,High,1,8,55,Medium,1,3,Low,Medium,Public,Neutral,3,0,High School,Near,Male,62,1,,0,0.0,
397,16,66,Medium,Medium,1,8,50,Low,1,1,Medium,High,Public,Neutral,4,0,High School,Moderate,Male,62,1,,0,0.0,
398,6,65,High,High,0,6,62,Medium,0,3,Low,Low,Public,Neutral,1,0,High School,Near,Male,59,1,,0,0.0,
399,13,77,Medium,High,1,7,63,Low,1,0,High,Low,Public,Positive,1,0,High School,Moderate,Male,63,1,,0,0.0,
400,17,72,High,High,1,7,61,Low,1,1,Medium,Medium,Public,Negative,4,0,High School,Near,Female,65,1,,0,0.0,
401,19,62,Medium,Medium,0,7,91,Low,1,1,Low,Medium,Public,Positive,3,0,College,Near,Male,63,1,,0,0.0,
402,17,79,Medium,Medium,0,7,67,Low,1,1,Low,Medium,Private,Positive,3,0,High School,Near,Female,64,1,,0,0.0,
403,11,85,Medium,Medium,1,8,92,Low,1,2,Medium,Medium,Public,Negative,4,0,High School,Far,Female,65,1,,0,0.0,
404,15,60,Low,High,0,7,91,Low,1,0,Low,Medium,Private,Negative,2,0,College,Far,Male,59,1,,0,0.0,
405,15,69,Medium,Medium,1,8,53,Low,0,0,High,Medium,Private,Negative,3,0,High School,Near,Male,60,1,,0,0.0,
406,27,66,Low,High,0,6,67,Low,1,1,High,High,Public,Negative,4,0,College,Far,Female,65,1,,0,0.0,
407,17,61,High,Medium,0,7,63,Low,1,1,Medium,Medium,Public,Positive,4,0,College,Moderate,Female,62,1,,0,0.0,
408,19,61,Medium,Low,0,9,62,Medium,1,2,Medium,Medium,Public,Neutral,2,0,High School,Far,Female,60,1,,0,0.0,
409,17,77,Medium,Medium,1,6,67,Low,1,1,Low,Medium,Public,Positive,1,0,College,Near,Male,64,1,,0,0.0,
410,14,81,Low,Medium,0,8,71,Low,1,1,Low,High,Public,Neutral,3,1,Postgraduate,Near,Female,63,1,,0,0.0,
411,18,77,Medium,Medium,1,7,62,Low,1,2,High,Medium,Private,Neutral,4,0,College,Near,Male,66,1,,0,0.0,
412,21,62,Medium,Medium,0,7,94,Low,1,1,Low,High,Private,Positive,3,0,College,Moderate,Female,64,1,,0,0.0,
413,10,73,Low,High,1,8,72,Low,1,1,Low,High,Public,Positive,2,0,College,Moderate,Female,62,1,,0,0.0,
414,16,76,Low,Medium,0,6,66,Low,1,1,Medium,Medium,Private,Neutral,3,0,Postgraduate,Near,Female,64,1,,0,0.0,
415,13,77,Medium,Medium,1,8,68,Low,1,3,High,Medium,Private,Neutral,3,0,High School,Near,Female,65,1,,0,0.0,
416,15,64,High,Medium,0,7,59,Low,1,0,Low,Medium,Public,Neutral,3,1,High School,Near,Female,59,1,,0,0.0,
417,19,72,Low,High,1,5,96,Low,0,3,Low,Low,Public,Positive,2,0,High School,Moderate,Female,64,1,,0,0.0,
418,15,62,Medium,High,0,8,70,Medium,1,1,Low,Medium,Private,Positive,3,0,College,Near,Male,62,1,,0,0.0,
419,16,73,Medium,Medium,1,4,61,Low,1,4,Low,High,Private,Neutral,5,0,High School,Moderate,Male,64,1,,0,0.0,
420,19,85,High,Medium,0,7,59,Low,1,0,Medium,High,Private,Negative,4,0,College,Moderate,Male,67,1,,0,0.0,
421,12,70,Low,High,1,9,53,Medium,1,2,Low,Medium,Public,Neutral,2,1,High School,Near,Male,60,1,,0,0.0,
422,17,76,Medium,High,1,6,70,Low,1,2,High,Medium,Public,Neutral,4,0,Postgraduate,Moderate,Male,67,1,,0,0.0,
423,9,65,Medium,Medium,0,4,88,Low,1,1,Low,Medium,Public,Positive,3,0,College,Near,Male,61,1,,0,0.0,
424,8,85,Medium,Low,1,9,54,Low,1,1,Low,High,Private,Positive,3,0,High School,Near,Male,62,1,,0,0.0,
425,12,90,High,High,1,6,75,Low,0,2,Medium,Medium,Public,Neutral,3,0,Postgraduate,Near,Male,69,1,,0,0.0,
426,11,79,Medium,Medium,0,8,71,Low,1,1,Medium,Medium,Private,Positive,2,0,College,Moderate,Female,63,1,,0,0.0,
427,12,69,High,Medium,1,7,92,Low,1,1,Medium,Medium,Public,Neutral,3,0,College,Near,Female,64,1,,0,0.0,
428,4,100,High,Low,0,8,71,Low,1,2,Low,Medium,Private,Negative,4,0,High School,Moderate,Female,64,1,,0,0.0,
429,9,77,Medium,Medium,0,7,57,Low,1,2,Medium,Low,Public,Negative,3,0,High School,Near,Male,61,1,,0,0.0,
430,17,62,High,Low,1,6,54,Low,1,2,Medium,High,Public,Neutral,3,0,College,Near,Male,62,1,,0,0.0,
431,13,66,High,Medium,1,6,90,Medium,1,2,Low,Medium,Public,Positive,3,1,High School,Moderate,Male,63,1,,0,0.0,
432,24,60,Medium,Medium,0,6,85,Low,1,1,High,Medium,Public,Neutral,2,0,Postgraduate,Moderate,Male,64,1,,0,0.0,
433,16,69,Medium,High,1,6,55,Medium,1,1,Medium,High,Public,Negative,1,0,High School,Moderate,Male,62,1,,0,0.0,
434,17,61,Medium,High,0,7,72,Low,1,1,Medium,High,Public,Neutral,2,0,High School,Moderate,Male,62,1,,0,0.0,
435,15,89,High,Low,1,7,58,Low,1,2,Low,Medium,Public,Negative,3,0,High School,Moderate,Male,65,1,,0,0.0,
436,15,78,Low,Medium,1,8,100,Low,1,0,Low,Medium,Public,Negative,3,1,High School,Near,Female,62,1,,0,0.0,
437,11,70,Medium,Low,1,7,66,Low,1,1,Medium,High,Public,Negative,3,0,High School,Near,Female,60,1,,0,0.0,
438,14,63,Medium,Medium,0,8,81,Low,1,0,Medium,Low,Private,Positive,5,0,High School,Near,Female,61,1,,0,0.0,
439,18,67,Medium,High,1,7,78,Low,1,2,Medium,Medium,Public,Negative,3,1,High School,Near,Female,63,1,,0,0.0,
440,17,86,Low,Medium,0,6,62,Low,1,2,Medium,High,Public,Positive,4,0,High School,Near,Female,66,1,,0,0.0,
441,13,65,High,Medium,0,7,74,Low,1,0,High,Medium,Public,Neutral,2,1,High School,Moderate,Male,60,1,,0,0.0,
442,24,62,Low,High,0,9,70,Low,1,2,Low,Medium,Public,Positive,2,0,College,Moderate,Female,63,1,,0,0.0,
443,11,80,Medium,Medium,1,6,96,Low,1,1,Low,High,Public,Neutral,3,0,High School,Near,Male,65,1,,0,0.0,
444,20,67,High,High,0,6,59,Low,1,1,Medium,Medium,Private,Negative,4,0,College,Near,Female,65,1,,0,0.0,
445,16,85,Medium,Low,0,10,79,Low,1,1,High,Medium,Private,Neutral,3,0,College,Near,Male,66,1,,0,0.0,
446,17,84,Low,Medium,1,7,78,Low,1,0,High,High,Public,Neutral,5,1,College,Moderate,Female,65,1,,0,0.0,
447,7,75,Medium,High,1,7,76,Medium,1,0,Medium,Low,Private,Positive,4,0,College,Moderate,Female,63,1,,0,0.0,
448,12,81,Medium,High,0,10,97,Low,1,1,Low,Medium,Private,Positive,5,0,High School,Near,Female,66,1,,0,0.0,
449,9,78,High,Medium,1,7,100,Low,1,2,Medium,Medium,Public,Positive,2,0,High School,Near,Male,66,1,,0,0.0,
450,22,61,High,Medium,0,5,63,Low,1,1,Low,Medium,Public,Positive,3,0,Postgraduate,Near,Male,64,1,,0,0.0,
451,14,77,High,High,0,4,51,Low,1,5,Low,Medium,Public,Positive,3,0,College,Moderate,Male,66,1,,0,0.0,
452,11,82,Low,Low,0,6,61,Low,1,2,Medium,Medium,Public,Neutral,2,0,High School,Near,Female,61,1,,0,0.0,
453,10,90,High,Medium,1,7,80,Low,1,0,Medium,Medium,Public,Neutral,5,0,High School,Near,Female,67,1,,0,0.0,
454,13,74,High,High,1,5,88,Low,1,3,Low,Medium,Private,Neutral,3,1,College,Near,Female,66,1,,0,0.0,
455,12,74,High,Low,1,8,66,Low,1,1,Low,Medium,Public,Positive,2,0,High School,Near,Male,62,1,,0,0.0,
456,14,79,Medium,Medium,1,8,51,Medium,1,0,Medium,High,Public,Negative,4,0,High School,Near,Male,64,1,,0,0.0,
457,15,60,Medium,Medium,1,7,81,Low,1,4,Low,High,Public,Positive,2,0,High School,Near,Male,63,1,,0,0.0,
458,19,72,High,Medium,1,5,52,Low,1,1,Low,Medium,Public,Positive,2,0,High School,Near,Male,64,1,,0,0.0,
459,9,98,High,Medium,0,9,55,Low,1,3,Low,Medium,Public,Positive,2,0,High School,Near,Male,67,1,,0,0.0,
460,14,60,Medium,Medium,1,7,91,Medium,1,1,Low,High,Private,Negative,3,0,Postgraduate,Near,Male,63,1,,0,0.0,
461,12,76,Medium,Low,1,4,51,Medium,1,0,Low,Medium,Private,Neutral,1,0,High School,Near,Female,60,1,,0,0.0,
462,13,64,Medium,High,1,9,83,Low,1,1,High,Medium,Public,Positive,4,0,High School,Near,Male,64,1,,0,0.0,
463,13,63,Low,Medium,0,8,88,Medium,1,0,Low,Medium,Private,Negative,2,0,High School,Near,Male,59,1,,0,0.0,
464,22,64,Medium,High,0,6,66,Low,1,1,Medium,Medium,Public,Neutral,4,0,College,Near,Male,64,1,,0,0.0,
465,19,65,Medium,High,1,8,54,Medium,1,0,Low,High,Private,Neutral,3,0,High School,Far,Female,62,1,,0,0.0,
466,11,88,High,High,1,7,61,Low,1,2,Medium,Medium,Public,Neutral,3,0,Postgraduate,Near,Male,68,1,,0,0.0,
467,18,77,High,Medium,1,9,57,Low,1,1,Low,High,Public,Negative,2,0,Postgraduate,Near,Male,66,1,,0,0.0,
468,14,62,Medium,High,1,7,63,Medium,1,2,Low,Medium,Public,Positive,2,0,College,Moderate,Female,62,1,,0,0.0,
469,13,92,Medium,High,1,7,70,Low,1,4,Low,Medium,Public,Neutral,3,0,High School,Near,Male,68,1,,0,0.0,
470,20,65,Medium,High,1,8,50,Medium,1,0,Low,Medium,Public,Positive,5,0,High School,Near,Male,64,1,,0,0.0,
471,15,64,Medium,Medium,1,8,82,Low,1,0,Low,Medium,Public,Negative,3,0,High School,Near,Male,61,1,,0,0.0,
472,20,82,Low,Low,1,7,52,Low,1,0,Medium,Medium,Private,Neutral,3,0,College,Near,Female,64,1,,0,0.0,
473,16,63,High,High,0,9,70,Low,1,2,Medium,High,Private,Negative,5,0,College,Moderate,Female,64,1,,0,0.0,
474,12,81,High,Medium,0,8,53,Low,1,1,Medium,High,Private,Positive,3,0,College,Near,Male,65,1,,0,0.0,
475,18,62,Medium,Medium,1,7,54,Medium,1,2,Medium,High,Private,Positive,3,0,Postgraduate,Moderate,Male,64,1,,0,0.0,
476,18,71,Medium,Low,1,7,85,Low,1,1,Low,Low,Public,Neutral,2,0,High School,Moderate,Male,62,1,,0,0.0,
477,22,63,High,Low,0,6,63,Low,1,1,Medium,Low,Public,Negative,2,0,Postgraduate,Moderate,Male,62,1,,0,0.0,
478,16,74,Medium,High,1,7,74,Low,1,4,Low,Low,Private,Positive,3,0,High School,Near,Male,66,1,,0,0.0,
479,12,65,High,High,1,4,66,Medium,1,0,Medium,High,Public,Neutral,2,0,High School,Near,Female,63,1,,0,0.0,
480,21,60,Low,High,0,8,99,Low,1,0,Low,Low,Private,Positive,3,0,High School,Near,Male,62,1,,0,0.0,
481,23,64,Medium,High,1,8,68,Low,1,3,Low,High,Public,Neutral,3,0,High School,Near,Female,66,1,,0,0.0,
482,13,71,Medium,High,1,6,51,Low,1,4,High,Medium,Public,Positive,4,0,College,Moderate,Female,65,1,,0,0.0,
483,14,61,Medium,Medium,0,5,82,Low,0,0,Low,Medium,Public,Neutral,0,0,High School,Near,Female,58,1,,0,0.0,
484,12,75,Medium,High,0,8,54,Low,1,1,Medium,High,Public,Negative,3,0,High School,Near,Female,62,1,,0,0.0,
485,22,73,High,Medium,1,7,70,Low,0,2,Low,Medium,Public,Positive,3,0,College,Near,Male,66,1,,0,0.0,
486,4,62,Medium,Medium,0,6,78,High,1,3,High,Medium,Public,Neutral,2,0,High School,Far,Female,58,1,,0,0.0,
487,22,69,Medium,Medium,1,6,91,Low,1,0,High,High,Private,Neutral,1,1,High School,Moderate,Male,64,1,,0,0.0,
488,14,67,Medium,Medium,1,9,68,Low,1,1,Low,Medium,Public,Neutral,3,1,High School,Near,Male,60,1,,0,0.0,
489,14,69,Medium,Low,1,8,79,Medium,1,1,High,Medium,Public,Negative,1,0,Postgraduate,Moderate,Female,62,1,,0,0.0,
490,15,95,Medium,Medium,1,6,59,Low,1,0,Medium,Medium,Private,Positive,5,0,High School,Far,Female,66,1,,0,0.0,
491,13,67,Low,Medium,1,8,90,Medium,1,2,Low,Medium,Private,Negative,2,0,High School,Near,Male,61,1,,0,0.0,
492,16,78,Low,Medium,1,5,50,Medium,1,2,Low,Medium,Private,Positive,2,0,College,Moderate,Male,63,1,,0,0.0,
493,15,78,High,High,1,10,89,Low,1,0,Medium,Medium,Public,Neutral,3,0,High School,Near,Male,67,1,,0,0.0,
494,17,84,Low,Low,1,6,71,Low,1,0,Medium,Medium,Private,Negative,4,1,High School,Near,Male,62,1,,0,0.0,
495,16,62,Low,Medium,0,8,74,Medium,1,2,High,High,Private,Neutral,3,0,High School,Moderate,Male,62,1,,0,0.0,
496,21,62,High,Low,1,7,58,Medium,1,2,Low,High,Public,Positive,1,0,College,Near,Female,64,1,,0,0.0,
497,7,88,Medium,High,1,7,64,Low,1,2,Medium,High,Public,Neutral,4,0,Postgraduate,Moderate,Male,66,1,,0,0.0,
498,13,66,Low,Medium,1,6,69,Low,1,2,Low,Medium,Private,Positive,4,0,High School,Near,Male,61,1,,0,0.0,
499,20,73,Medium,Medium,0,6,82,Low,1,1,Medium,High,Private,Negative,3,0,College,Near,Male,65,1,,0,0.0,
500,22,61,Medium,Medium,0,6,84,Low,1,0,Medium,Medium,Public,Positive,2,0,Postgraduate,Near,Male,64,1,,0,0.0,
501,15,77,Low,Medium,1,8,63,Medium,1,0,Medium,Medium,Public,Neutral,1,0,High School,Near,Female,62,1,,0,0.0,
502,12,70,Medium,Medium,1,7,93,Medium,1,1,Low,High,Public,Neutral,4,0,High School,Far,Female,62,1,,0,0.0,
503,16,75,Medium,High,1,7,91,Low,1,2,Low,Low,Public,Positive,5,0,High School,Far,Male,65,1,,0,0.0,
504,13,62,Medium,Medium,1,8,56,Low,1,1,Low,High,Public,Positive,4,1,High School,Near,Female,60,1,,0,0.0,
505,13,61,Medium,Medium,1,8,89,Low,1,4,Low,Medium,Private,Neutral,4,0,High School,Far,Female,62,1,,0,0.0,
506,15,65,Medium,Medium,0,8,53,Medium,1,2,Low,Medium,Public,Negative,3,0,College,Near,Male,61,1,,0,0.0,
507,12,74,Medium,High,1,8,66,Low,1,1,Low,Medium,Public,Negative,4,0,High School,Near,Female,62,1,,0,0.0,
508,14,61,Medium,High,0,7,54,Medium,1,3,Low,Medium,Public,Positive,2,1,High School,Near,Female,60,1,,0,0.0,
509,11,73,Medium,Medium,0,7,67,Medium,0,3,Medium,High,Private,Positive,5,1,Postgraduate,Near,Male,63,1,,0,0.0,
510,18,75,Medium,Medium,1,7,86,Low,1,1,Low,Medium,Private,Negative,3,0,High School,Near,Male,64,1,,0,0.0,
511,22,72,High,Medium,1,5,67,Low,1,2,Medium,Medium,Public,Neutral,4,0,College,Near,Female,67,1,,0,0.0,
512,19,73,Medium,Medium,1,6,64,Low,1,1,High,Medium,Public,Positive,3,0,College,Moderate,Female,65,1,,0,0.0,
513,20,75,High,Medium,1,7,67,Low,1,1,Low,Medium,Private,Positive,4,0,High School,Near,Female,66,1,,0,0.0,
514,12,74,High,Medium,0,7,73,Medium,1,1,Low,Medium,Public,Neutral,5,0,High School,Near,Male,64,1,,0,0.0,
515,7,64,High,High,0,6,81,Medium,1,2,Low,Low,Private,Positive,3,0,Postgraduate,Moderate,Female,62,1,,0,0.0,
516,17,68,High,Medium,0,9,57,Medium,1,2,Medium,Low,Public,Neutral,3,0,High School,Moderate,Male,63,1,,0,0.0,
517,14,61,Low,High,0,10,62,Medium,1,0,High,Medium,Public,Negative,4,0,College,Moderate,Female,60,1,,0,0.0,
518,5,83,Medium,Medium,1,7,61,Medium,1,2,Low,Medium,Public,Negative,4,0,High School,Moderate,Male,61,1,,0,0.0,
519,21,72,Medium,High,1,9,80,Low,1,1,Medium,Medium,Public,Neutral,3,0,High School,Near,Female,66,1,,0,0.0,
520,17,87,Medium,Medium,0,8,52,Low,1,1,Medium,Medium,Public,Positive,5,0,College,Near,Male,67,1,,0,0.0,
521,15,74,Low,High,0,10,99,Low,0,0,Low,Medium,Private,Neutral,3,0,College,Moderate,Male,63,1,,0,0.0,
522,24,61,Medium,Medium,1,8,88,Low,1,1,Low,Medium,Private,Positive,4,0,High School,Moderate,Female,64,1,,0,0.0,
523,25,72,Medium,Medium,1,8,52,Low,1,0,Medium,Medium,Private,Positive,2,0,Postgraduate,Near,Male,66,1,,0,0.0,
524,16,73,Medium,Medium,1,7,74,Low,1,1,Low,High,Public,Positive,3,0,High School,Moderate,Male,64,1,,0,0.0,
525,17,73,Low,Medium,1,9,68,Low,1,2,Medium,Medium,Public,Positive,3,1,College,Near,Female,63,1,,0,0.0,
526,18,62,Medium,High,0,6,98,Low,1,3,Medium,Medium,Private,Neutral,1,0,College,Near,Male,65,1,,0,0.0,
527,19,68,Medium,Medium,1,6,98,Low,1,2,Low,Medium,Public,Positive,1,0,High School,Moderate,Female,64,1,,0,0.0,
528,21,61,Medium,Low,1,7,93,Low,1,1,Low,High,Private,Negative,5,0,High School,Near,Male,63,1,,0,0.0,
529,19,65,Medium,Medium,0,9,57,Low,1,1,Medium,Medium,Public,Positive,2,1,High School,Near,Female,61,1,,0,0.0,
530,9,71,Low,High,1,7,89,Medium,1,0,Low,Medium,Public,Negative,2,0,High School,Near,Male,61,1,,0,0.0,
531,15,73,Medium,High,0,5,56,Medium,1,1,Medium,Medium,Public,Positive,2,0,Postgraduate,Near,Female,65,1,,0,0.0,
532,22,61,High,Medium,0,6,77,Low,1,1,Medium,Medium,Public,Positive,4,0,Postgraduate,Moderate,Male,65,1,,0,0.0,
533,12,62,Medium,Medium,1,9,66,Medium,1,1,Low,Medium,Private,Neutral,2,0,College,Moderate,Female,60,1,,0,0.0,
534,10,63,Medium,Medium,0,4,80,Medium,1,0,Low,Medium,Public,Positive,3,0,College,Near,Male,60,1,,0,0.0,
535,14,76,High,Low,0,7,77,Low,0,2,High,Medium,Public,Positive,4,0,College,Near,Male,65,1,,0,0.0,
536,11,84,High,Medium,0,5,81,Low,1,1,Low,Medium,Private,Negative,3,0,High School,Moderate,Female,64,1,,0,0.0,
537,17,71,Medium,Low,1,6,99,Low,1,4,Medium,Medium,Public,Positive,3,1,Postgraduate,Near,Male,66,1,,0,0.0,
538,17,69,High,Medium,1,7,87,Low,1,2,Low,Medium,Public,Neutral,3,0,College,Near,Male,65,1,,0,0.0,
539,13,67,Medium,High,1,6,88,Medium,1,0,Low,Medium,Public,Neutral,3,0,College,Moderate,Female,63,1,,0,0.0,
540,15,61,High,Low,1,9,82,Medium,1,2,Medium,High,Public,Positive,2,0,Postgraduate,Near,Male,64,1,,0,0.0,
541,15,75,High,Medium,0,5,94,Low,0,1,Low,Medium,Public,Negative,3,1,High School,Moderate,Female,62,1,,0,0.0,
542,16,71,Medium,High,1,6,52,Low,1,0,High,High,Public,Neutral,1,0,High School,Far,Male,62,1,,0,0.0,
543,7,84,Medium,High,1,7,100,Low,1,3,Low,Medium,Private,Negative,4,1,High School,Moderate,Male,64,1,,0,0.0,
544,7,66,High,Low,1,8,68,High,1,0,Low,Medium,Public,Negative,2,1,College,Moderate,Male,57,1,,0,0.0,
545,7,64,Medium,High,0,9,70,High,1,4,Low,Low,Public,Neutral,4,1,High School,Far,Male,59,1,,0,0.0,
546,4,66,Low,High,0,8,84,Low,1,2,Low,High,Public,Neutral,3,0,Postgraduate,Near,Female,60,1,,0,0.0,
547,17,72,High,High,1,6,65,Low,1,3,Low,High,Public,Positive,2,0,Postgraduate,Far,Male,67,1,,0,0.0,
548,17,71,Medium,High,1,7,85,Low,1,2,Low,Low,Private,Negative,2,0,College,Near,Female,65,1,,0,0.0,
549,7,70,Medium,Medium,1,6,51,Medium,1,0,High,Medium,Private,Neutral,1,0,High School,Moderate,Female,59,1,,0,0.0,
550,21,60,Medium,Medium,1,6,71,Low,1,0,Medium,Low,Public,Negative,4,1,High School,Far,Male,59,1,,0,0.0,
551,18,78,High,Medium,1,7,54,Low,0,4,Low,High,Public,Neutral,4,1,College,Moderate,Female,65,1,,0,0.0,
552,13,65,Medium,High,0,7,75,Low,1,2,Medium,High,Private,Neutral,4,0,High School,Moderate,Male,63,1,,0,0.0,
553,24,61,Medium,Medium,0,8,54,Medium,1,1,Low,Medium,Public,Neutral,2,1,High School,Moderate,Male,61,1,,0,0.0,
554,16,64,High,Medium,1,8,70,Low,1,3,High,High,Private,Negative,3,0,High School,Far,Female,63,1,,0,0.0,
555,15,69,Low,Medium,1,9,52,Medium,1,0,High,Medium,Public,Neutral,3,0,College,Near,Female,61,1,,0,0.0,
556,26,62,High,Low,1,7,72,Low,1,1,Medium,Medium,Public,Neutral,3,0,College,Moderate,Female,64,1,,0,0.0,
557,18,61,Medium,Medium,0,6,66,Medium,1,1,Medium,High,Public,Positive,2,0,High School,Moderate,Female,62,1,,0,0.0,
558,22,67,Low,High,1,8,53,Medium,1,0,Medium,High,Public,Negative,3,0,High School,Far,Male,62,1,,0,0.0,
559,2,67,Medium,Medium,0,6,73,Low,1,1,Low,Medium,Private,Positive,2,0,College,Moderate,Male,58,1,,0,0.0,
560,10,76,Medium,Low,0,4,68,Medium,1,1,High,Low,Private,Neutral,6,0,College,Near,Male,63,1,,0,0.0,
561,19,66,Medium,High,0,7,94,Low,1,1,High,Medium,Public,Positive,4,0,High School,Moderate,Female,65,1,,0,0.0,
562,16,60,Medium,High,1,8,67,Low,1,0,Low,Medium,Public,Neutral,3,0,High School,Near,Male,61,1,,0,0.0,
563,17,71,Medium,Low,0,8,57,Medium,1,3,Medium,High,Private,Positive,4,0,High School,Near,Female,64,1,,0,0.0,
564,14,84,Low,High,0,6,61,Low,1,1,High,Medium,Public,Positive,2,0,College,Far,Male,64,1,,0,0.0,
565,9,90,High,Medium,1,9,65,Low,1,3,Medium,Medium,Public,Positive,3,0,High School,Near,Female,67,1,,0,0.0,
566,25,70,Medium,Medium,0,6,71,Low,1,0,Low,Medium,Public,Neutral,2,0,College,Near,Female,65,1,,0,0.0,
567,23,74,Low,Low,0,9,61,Low,1,0,Medium,Low,Public,Positive,4,0,Postgraduate,Near,Male,64,1,,0,0.0,
568,13,69,High,High,0,7,73,Low,1,1,Medium,Low,Private,Positive,2,0,High School,Far,Male,62,1,,0,0.0,
569,20,79,Medium,Medium,1,7,72,Low,0,1,Medium,Medium,Public,Negative,3,0,High School,Near,Male,65,1,,0,0.0,
570,9,60,Medium,Low,1,6,93,Medium,1,3,Low,High,Private,Neutral,2,0,High School,Moderate,Female,60,1,,0,0.0,
571,15,67,Medium,Medium,0,8,75,Medium,1,0,High,High,Public,Negative,4,0,Postgraduate,Near,Female,63,1,,0,0.0,
572,18,86,Low,Low,1,9,64,Low,1,3,Low,High,Public,Positive,3,0,High School,Near,Female,66,1,,0,0.0,
573,12,70,Medium,Medium,1,6,81,Low,1,1,Low,Medium,Public,Negative,2,1,High School,Far,Male,59,1,,0,0.0,
574,11,88,Medium,Low,1,7,73,Low,1,1,Medium,Low,Private,Neutral,3,1,College,Near,Female,63,1,,0,0.0,
575,19,66,Medium,Low,0,7,58,Medium,1,5,Medium,Low,Public,Positive,4,0,College,Moderate,Female,64,1,,0,0.0,
576,3,83,High,Low,1,7,59,Low,1,2,Medium,High,Public,Positive,5,0,High School,Moderate,Male,63,1,,0,0.0,
577,9,77,Low,High,1,7,83,Medium,1,1,Low,High,Private,Neutral,4,1,High School,Far,Male,62,1,,0,0.0,
578,17,90,Medium,Medium,1,8,56,Low,1,0,Medium,Medium,Private,Neutral,4,0,College,Near,Female,67,1,,0,0.0,
579,5,88,Medium,Medium,0,7,59,Medium,1,3,Low,Medium,Public,Negative,3,0,College,Near,Female,63,1,,0,0.0,
580,18,64,Low,Medium,1,9,64,Medium,1,4,Low,Medium,Public,Negative,4,1,High School,Near,Male,61,1,,0,0.0,
581,14,60,Low,Low,1,9,67,Low,1,3,High,High,Public,Positive,3,0,High School,Near,Female,61,1,,0,0.0,
582,19,79,Medium,High,1,7,66,Low,1,3,High,Medium,Public,Positive,3,1,High School,Near,Male,67,1,,0,0.0,
583,18,69,Medium,High,1,9,60,Medium,1,3,Low,Medium,Public,Negative,2,0,College,Far,Female,64,1,,0,0.0,
584,13,61,Low,Low,0,7,73,Low,1,2,High,Medium,Public,Positive,2,0,High School,Near,Female,59,1,,0,0.0,
585,19,61,Medium,Medium,0,6,67,Low,1,1,Medium,Medium,Public,Positive,1,0,College,Near,Male,62,1,,0,0.0,
586,21,85,Medium,Medium,0,4,51,Low,1,2,Low,Medium,Public,Neutral,3,0,College,Near,Female,66,1,,0,0.0,
587,21,68,Medium,Medium,0,9,79,Low,1,1,High,High,Private,Negative,4,0,Postgraduate,Moderate,Female,66,1,,0,0.0,
588,21,69,High,Medium,1,7,52,Low,1,0,Low,Medium,Public,Negative,3,0,Postgraduate,Near,Male,64,1,,0,0.0,
589,13,77,Low,Medium,1,6,76,Low,0,1,Medium,Low,Private,Neutral,4,0,College,Moderate,Male,62,1,,0,0.0,
590,22,67,Low,Medium,0,8,52,Medium,1,1,Medium,Low,Public,Negative,2,1,College,Moderate,Female,60,1,,0,0.0,
591,8,73,Medium,High,1,10,54,Medium,1,2,Medium,Medium,Public,Positive,3,0,High School,Near,Male,63,1,,0,0.0,
592,15,67,Medium,Medium,1,7,94,Low,1,0,High,Low,Private,Positive,2,0,Postgraduate,Moderate,Male,63,1,,0,0.0,
593,23,79,High,High,1,6,54,Low,1,1,Low,Medium,Public,Neutral,1,0,High School,Moderate,Male,67,1,,0,0.0,
594,12,62,High,High,1,6,63,High,1,0,Low,Medium,Private,Negative,2,0,High School,Near,Male,61,1,,0,0.0,
595,23,71,Low,Medium,1,8,71,Low,1,1,Low,Low,Public,Neutral,2,0,Postgraduate,Near,Female,64,1,,0,0.0,
596,13,72,Low,High,1,8,52,Medium,1,3,High,High,Private,Positive,4,0,High School,Near,Male,65,1,,0,0.0,
597,13,74,High,High,1,7,61,Medium,1,2,Low,Medium,Public,Positive,3,0,High School,Moderate,Male,65,1,,0,0.0,
598,15,66,Medium,Medium,0,9,63,Medium,1,3,Medium,Medium,Private,Neutral,3,0,High School,Near,Male,63,1,,0,0.0,
599,16,84,Medium,High,1,8,51,Low,1,0,Medium,Medium,Public,Negative,3,0,Postgraduate,Near,Female,66,1,,0,0.0,
600,9,75,Medium,Medium,0,7,54,Low,1,2,Low,Medium,Public,Positive,4,0,High School,Near,Female,61,1,,0,0.0,
601,20,88,Medium,Medium,0,4,54,Low,1,0,High,Low,Public,Negative,4,0,High School,Near,Male,66,1,,0,0.0,
602,19,87,Low,Medium,0,9,54,Low,1,3,Low,High,Public,Positive,4,0,High School,Moderate,Female,66,1,,0,0.0,
603,20,61,Low,Medium,0,6,52,Medium,1,2,Low,Low,Private,Negative,2,0,Postgraduate,Near,Male,60,1,,0,0.0,
604,10,69,Medium,Medium,1,5,65,Low,1,0,Medium,Medium,Private,Positive,3,0,High School,Near,Female,60,1,,0,0.0,
605,16,65,Medium,Low,0,9,68,Medium,1,1,High,Medium,Public,Neutral,3,0,High School,Moderate,Male,61,1,,0,0.0,
606,18,65,Medium,High,1,6,60,Low,1,0,Medium,High,Private,Neutral,3,0,High School,Moderate,Female,62,1,,0,0.0,
607,10,77,High,High,0,7,84,Low,1,2,Low,High,Private,Neutral,1,0,High School,Far,Male,64,1,,0,0.0,
608,16,87,Low,Medium,1,10,56,Low,1,2,Medium,High,Private,Neutral,0,0,Postgraduate,Moderate,Female,65,1,,0,0.0,
609,14,92,High,Low,1,9,56,Low,1,1,Medium,Medium,Public,Neutral,4,0,High School,Moderate,Female,66,1,,0,0.0,
610,15,71,High,High,0,7,100,Low,1,2,Low,Low,Public,Neutral,4,0,High School,Near,Male,66,1,,0,0.0,
611,11,60,Medium,High,0,7,59,High,1,2,Low,Medium,Public,Positive,1,0,College,Moderate,Male,60,1,,0,0.0,
612,28,66,Medium,Medium,0,10,52,Low,1,0,Low,High,Public,Positive,3,0,High School,Near,Male,64,1,,0,0.0,
613,24,70,High,High,0,6,63,Low,0,0,Low,Medium,Public,Neutral,3,0,High School,Near,Male,65,1,,0,0.0,
614,9,87,Low,Low,0,8,71,Low,0,0,Low,High,Public,Neutral,1,0,College,Moderate,Male,60,1,,0,0.0,
615,15,81,High,Medium,0,5,68,Low,0,0,Medium,High,Public,Positive,3,0,High School,Near,Female,65,1,,0,0.0,
616,13,93,Medium,High,0,9,62,Low,1,0,Low,Medium,Private,Neutral,3,0,High School,Moderate,Male,65,1,,0,0.0,
617,22,61,Medium,Medium,1,5,69,Low,1,2,Low,High,Public,Neutral,2,0,High School,Far,Female,63,1,,0,0.0,
618,17,82,Medium,High,0,6,65,Low,1,4,Low,Medium,Private,Positive,3,0,High School,Moderate,Female,67,1,,0,0.0,
619,8,71,High,Medium,1,8,97,Medium,1,3,Medium,Medium,Private,Neutral,1,1,High School,Near,Female,63,1,,0,0.0,
620,12,65,Low,Medium,1,6,64,Medium,1,1,Medium,Medium,Public,Positive,3,0,College,Near,Female,61,1,,0,0.0,
621,21,63,Medium,Low,1,7,54,Low,1,1,Medium,Medium,Private,Positive,3,0,College,Moderate,Female,62,1,,0,0.0,
622,21,74,Low,Low,1,6,70,Low,1,2,Low,High,Public,Positive,3,0,High School,Moderate,Female,64,1,,0,0.0,
623,9,76,Low,High,0,6,78,Low,0,0,Medium,Medium,Public,Negative,4,1,Postgraduate,Near,Male,60,1,,0,0.0,
624,22,71,Medium,Medium,0,7,65,Low,1,1,Low,Medium,Public,Neutral,3,0,College,Near,Male,64,1,,0,0.0,
625,16,76,Medium,Medium,0,7,59,Low,1,0,Low,Medium,Public,Neutral,2,0,College,Near,Female,62,1,,0,0.0,
626,15,63,High,High,1,9,63,Low,0,4,High,High,Private,Negative,3,0,College,Near,Male,64,1,,0,0.0,
627,15,91,Low,Medium,0,6,64,Low,1,1,Low,High,Public,Positive,3,1,High School,Near,Male,64,1,,0,0.0,
628,20,66,Medium,High,1,8,59,Low,1,4,Medium,Medium,Public,Positive,3,0,College,Near,Male,66,1,,0,0.0,
629,7,69,Low,Medium,1,6,88,Medium,1,0,Low,High,Private,Negative,4,0,Postgraduate,Near,Female,61,1,,0,0.0,
630,11,61,High,Low,1,6,55,Medium,1,5,High,Low,Public,Neutral,3,0,High School,Far,Male,60,1,,0,0.0,
631,18,72,Low,Low,1,5,61,Low,1,1,Medium,Medium,Private,Negative,4,0,College,Moderate,Male,61,1,,0,0.0,
632,5,69,Medium,Medium,1,8,77,Medium,0,2,Low,High,Public,Negative,2,0,College,Near,Female,60,1,,0,0.0,
633,22,71,Medium,Medium,1,8,60,Low,1,1,Medium,High,Public,Neutral,4,0,High School,Moderate,Female,65,1,,0,0.0,
634,14,83,Medium,High,1,8,88,Low,1,0,High,Medium,Public,Negative,2,1,High School,Moderate,Male,65,1,,0,0.0,
635,13,65,Medium,High,0,5,87,Low,1,1,Medium,Medium,Public,Positive,2,1,High School,Moderate,Female,61,1,,0,0.0,
636,18,66,High,High,0,9,62,Medium,1,2,High,Medium,Public,Neutral,4,0,High School,Moderate,Female,65,1,,0,0.0,
637,11,88,High,Medium,1,7,56,Low,1,2,Medium,Medium,Public,Neutral,2,0,College,Near,Male,66,1,,0,0.0,
638,13,70,Medium,High,1,6,66,Medium,1,1,Medium,Medium,Public,Negative,4,0,High School,Near,Male,63,1,,0,0.0,
639,12,76,Medium,Medium,1,9,50,Medium,1,2,Medium,High,Public,Negative,3,0,College,Near,Male,64,1,,0,0.0,
640,12,68,High,Low,0,6,52,Low,1,5,High,High,Public,Neutral,3,0,College,Near,Male,63,1,,0,0.0,
641,23,65,Low,Medium,1,6,81,Low,1,2,Low,Medium,Public,Neutral,2,0,High School,Near,Female,63,1,,0,0.0,
642,14,72,Medium,High,0,9,53,Medium,1,4,Medium,Medium,Public,Negative,3,0,Postgraduate,Near,Male,65,1,,0,0.0,
643,20,60,Medium,Medium,1,6,70,Medium,1,2,Low,Medium,Public,Neutral,3,1,Postgraduate,Near,Female,63,1,,0,0.0,
644,7,62,High,Medium,1,8,51,Low,1,0,Medium,Low,Public,Positive,3,0,College,Moderate,Male,58,1,,0,0.0,
645,14,65,High,Medium,0,7,63,Medium,1,2,Low,Medium,Public,Neutral,3,0,High School,Moderate,Male,61,1,,0,0.0,
646,13,81,Medium,High,0,6,53,Low,1,2,Low,Medium,Public,Positive,4,0,High School,Near,Male,65,1,,0,0.0,
647,12,69,High,Low,0,7,70,Medium,1,1,Medium,Medium,Private,Positive,4,0,High School,Near,Male,62,1,,0,0.0,
648,13,64,Medium,Low,1,7,50,High,1,0,Medium,Low,Public,Positive,4,0,High School,Near,Male,60,1,,0,0.0,
649,14,62,Medium,Medium,0,9,73,Medium,1,1,Low,Medium,Public,Neutral,6,0,High School,Near,Male,61,1,,0,0.0,
650,23,60,High,Medium,1,9,56,Low,0,0,Low,Medium,Private,Negative,4,0,High School,Moderate,Female,61,1,,0,0.0,
651,16,61,High,Medium,0,4,54,Low,1,1,Low,Medium,Private,Neutral,2,0,High School,Near,Female,60,1,,0,0.0,
652,27,64,High,Medium,1,6,56,Low,1,0,Low,High,Public,Neutral,5,0,College,Moderate,Female,65,1,,0,0.0,
653,21,70,High,High,1,8,72,Low,1,3,Medium,Low,Public,Neutral,1,0,Postgraduate,Moderate,Female,67,1,,0,0.0,
654,17,72,Low,Medium,0,7,94,Low,1,4,Medium,Medium,Public,Positive,2,0,High School,Far,Female,64,1,,0,0.0,
655,15,65,Medium,High,1,9,93,Low,1,2,Low,Low,Private,Neutral,3,0,College,Near,Male,64,1,,0,0.0,
656,23,60,Low,Medium,0,7,72,Low,1,3,High,Medium,Public,Neutral,2,0,College,Near,Female,64,1,,0,0.0,
657,5,95,Medium,High,1,8,92,Low,1,1,Low,High,Private,Neutral,2,0,College,Near,Female,67,1,,0,0.0,
658,19,65,Medium,High,1,9,60,Low,1,1,Low,Medium,Public,Neutral,3,0,Postgraduate,Moderate,Male,63,1,,0,0.0,
659,19,65,Low,High,0,9,58,Low,1,3,Medium,Medium,Public,Negative,4,0,High School,Moderate,Female,62,1,,0,0.0,
660,21,62,Medium,Low,1,7,51,Low,1,0,Low,Medium,Private,Positive,4,0,High School,Near,Female,61,1,,0,0.0,
661,12,61,Medium,Low,1,7,52,Low,1,2,Low,Medium,Public,Positive,2,0,High School,Moderate,Female,58,1,,0,0.0,
662,17,64,Low,Medium,0,7,68,Medium,1,5,Medium,Medium,Private,Neutral,3,0,High School,Near,Male,63,1,,0,0.0,
663,23,66,High,Low,0,6,53,Low,1,2,Medium,Medium,Public,Positive,1,0,College,Far,Male,63,1,,0,0.0,
664,9,70,High,Medium,1,8,70,Low,1,1,Medium,Medium,Public,Positive,3,0,College,Near,Male,63,1,,0,0.0,
665,12,97,Medium,High,1,7,57,Low,1,0,Low,Medium,Private,Positive,4,0,College,Moderate,Female,67,1,,0,0.0,
666,12,67,Medium,High,1,8,77,Medium,1,2,Low,High,Private,Positive,3,0,College,Near,Male,64,1,,0,0.0,
667,22,62,High,Medium,0,9,51,Medium,1,2,Low,Medium,Public,Neutral,2,0,High School,Near,Male,63,1,,0,0.0,
668,13,64,Low,Low,0,6,88,Medium,1,1,Medium,Medium,Public,Neutral,2,0,College,Moderate,Female,59,1,,0,0.0,
669,12,84,Low,Medium,0,7,50,Medium,1,3,High,High,Public,Neutral,3,0,High School,Near,Male,65,1,,0,0.0,
670,2,99,Medium,Low,1,9,52,Low,1,0,Medium,Medium,Public,Neutral,4,0,High School,Near,Male,62,1,,0,0.0,
671,12,65,Medium,Low,1,6,86,Medium,1,1,Medium,Medium,Public,Positive,3,0,Postgraduate,Near,Female,62,1,,0,0.0,
672,20,61,High,High,1,9,54,Medium,1,2,High,Medium,Private,Positive,4,0,Postgraduate,Near,Male,67,1,,0,0.0,
673,7,61,Low,High,1,4,76,High,1,1,Medium,Medium,Private,Positive,5,0,High School,Far,Female,60,1,,0,0.0,
674,4,76,Medium,Medium,1,8,90,Medium,1,2,High,Medium,Public,Positive,2,0,High School,Moderate,Female,63,1,,0,0.0,
675,18,73,Medium,High,1,7,72,Low,1,1,Medium,Medium,Private,Neutral,1,1,High School,Moderate,Male,63,1,,0,0.0,
676,10,94,Low,Medium,0,9,59,Low,1,0,Medium,Medium,Public,Positive,2,0,Postgraduate,Near,Male,65,1,,0,0.0,
677,19,69,Medium,Medium,1,7,55,Low,1,1,Low,Medium,Public,Positive,4,0,College,Near,Female,63,1,,0,0.0,
678,17,60,Medium,Low,0,6,66,Medium,1,0,Low,Medium,Public,Positive,2,0,High School,Far,Female,58,1,,0,0.0,
679,20,72,Medium,Low,1,6,89,Low,1,1,Low,Medium,Private,Negative,3,0,High School,Far,Male,62,1,,0,0.0,
680,16,62,Low,Medium,1,8,90,Low,1,2,High,Medium,Public,Neutral,2,0,Postgraduate,Far,Male,62,1,,0,0.0,
681,20,80,Medium,High,1,7,58,Low,0,0,Medium,Medium,Public,Neutral,2,0,College,Near,Female,65,1,,0,0.0,
682,17,73,Medium,High,1,6,62,Low,1,2,Low,Medium,Private,Negative,3,0,College,Far,Male,64,1,,0,0.0,
683,22,63,Medium,Medium,1,7,99,Low,1,3,Medium,Medium,Private,Neutral,4,0,High School,Moderate,Male,65,1,,0,0.0,
684,17,65,Medium,Medium,1,5,96,Low,1,2,Medium,High,Public,Positive,3,0,College,Moderate,Male,65,1,,0,0.0,
685,7,60,Medium,High,1,10,69,Low,1,0,Low,Medium,Private,Positive,3,0,College,Moderate,Female,59,1,,0,0.0,
686,5,84,Medium,Medium,1,7,53,Low,0,1,Low,High,Public,Positive,3,0,Postgraduate,Moderate,Male,62,1,,0,0.0,
687,9,70,High,Medium,0,8,82,Low,0,2,High,High,Public,Negative,2,0,High School,Near,Female,62,1,,0,0.0,
688,19,64,High,Low,1,8,86,Low,1,3,High,Medium,Private,Neutral,3,0,Postgraduate,Near,Female,66,1,,0,0.0,
689,24,60,Low,Medium,1,6,92,Low,1,3,Medium,Medium,Public,Positive,2,0,College,Near,Male,65,1,,0,0.0,
690,15,61,High,Low,1,9,52,Medium,1,1,Medium,Medium,Private,Neutral,3,0,High School,Moderate,Female,60,1,,0,0.0,
691,19,70,Medium,Medium,1,6,90,Low,1,2,Low,Medium,Private,Positive,3,0,High School,Moderate,Male,65,1,,0,0.0,
692,14,67,Low,Low,1,7,66,Low,1,0,Low,Medium,Public,Neutral,4,0,High School,Far,Female,57,1,,0,0.0,
693,13,64,High,High,1,7,62,Medium,1,1,Low,Medium,Public,Neutral,1,0,College,Moderate,Female,62,1,,0,0.0,
694,11,65,Medium,Low,1,5,62,Medium,1,2,Medium,High,Public,Neutral,2,0,College,Far,Female,60,1,,0,0.0,
695,22,70,High,Low,0,10,83,Low,1,0,Medium,Medium,Public,Positive,2,0,College,Moderate,Male,65,1,,0,0.0,
696,21,71,High,Medium,1,9,55,Low,1,2,High,High,Public,Positive,1,0,Postgraduate,Moderate,Male,67,1,,0,0.0,
697,12,89,High,Low,1,4,59,Low,1,2,Low,High,Public,Negative,4,0,High School,Near,Male,65,1,,0,0.0,
698,15,65,Medium,Medium,0,8,62,Medium,1,1,Medium,Medium,Public,Neutral,4,0,High School,Moderate,Female,61,1,,0,0.0,
699,7,62,Low,High,0,7,90,Medium,1,1,Medium,Low,Public,Neutral,5,0,College,Moderate,Female,60,1,,0,0.0,
700,12,82,High,Low,0,5,62,Low,1,2,Medium,Medium,Public,Positive,4,0,High School,Near,Male,64,1,,0,0.0,
701,15,70,Low,Medium,0,8,63,Low,1,0,Medium,Medium,Private,Positive,4,0,High School,Moderate,Female,61,1,,0,0.0,
702,20,66,High,Low,0,9,72,Low,1,1,Medium,High,Public,Positive,1,0,College,Near,Female,64,1,,0,0.0,
703,18,71,Medium,Medium,1,7,72,Low,1,0,Low,Medium,Public,Neutral,4,0,High School,Near,Female,63,1,,0,0.0,
704,24,60,Medium,Medium,1,10,60,Low,1,3,Low,High,Private,Neutral,2,0,Postgraduate,Near,Female,65,1,,0,0.0,
705,11,64,Medium,Low,1,8,67,High,0,1,Medium,Medium,Public,Neutral,2,1,College,Near,Male,58,1,,0,0.0,
706,14,71,High,Low,1,6,61,Low,1,0,Low,Medium,Public,Positive,3,0,Postgraduate,Near,Female,63,1,,0,0.0,
707,15,64,High,Medium,0,9,65,Medium,1,2,Medium,Medium,Public,Neutral,2,0,High School,Near,Male,63,1,,0,0.0,
708,15,60,Medium,Low,0,9,65,Medium,1,1,Medium,High,Public,Negative,5,0,College,Moderate,Male,60,1,,0,0.0,
709,21,63,Medium,Medium,1,7,64,Medium,1,0,Low,Medium,Public,Negative,3,0,High School,Near,Female,62,1,,0,0.0,
710,14,77,Medium,Medium,1,5,60,Low,1,1,High,High,Private,Negative,3,0,Postgraduate,Far,Male,64,1,,0,0.0,
711,8,95,Medium,Medium,0,7,73,Low,1,2,Medium,Medium,Private,Neutral,2,0,College,Near,Male,66,1,,0,0.0,
712,15,63,High,Low,1,7,74,Medium,1,4,Low,Medium,Public,Negative,2,0,High School,Moderate,Male,62,1,,0,0.0,
713,11,67,Medium,Medium,1,6,54,Low,1,0,Low,Medium,Public,Positive,3,0,High School,Near,Female,60,1,,0,0.0,
714,16,63,Medium,High,1,6,73,Medium,1,0,Medium,Medium,Public,Neutral,4,0,College,Near,Male,63,1,,0,0.0,
715,13,82,Medium,High,0,8,56,Low,1,2,Low,High,Private,Neutral,3,0,Postgraduate,Near,Male,66,1,,0,0.0,
716,22,64,Medium,Medium,0,8,65,Low,1,2,Medium,Medium,Private,Neutral,4,0,Postgraduate,Near,Female,65,1,,0,0.0,
717,7,99,Low,High,1,7,67,Low,0,1,High,High,Private,Neutral,4,0,High School,Near,Female,66,1,,0,0.0,
718,19,65,Low,Medium,0,8,93,Low,1,1,Medium,High,Private,Neutral,4,0,College,Near,Male,64,1,,0,0.0,
719,20,73,Medium,High,0,6,70,Low,1,3,High,High,Public,Neutral,4,0,High School,Near,Female,68,1,,0,0.0,
720,13,79,Medium,High,1,7,63,Low,0,3,High,Medium,Private,Neutral,2,0,High School,Near,Female,65,1,,0,0.0,
721,21,66,High,Medium,1,6,76,Low,1,3,Low,Medium,Private,Neutral,1,0,High School,Moderate,Female,65,1,,0,0.0,
722,27,62,High,Medium,0,6,53,Low,1,1,Medium,Medium,Public,Positive,2,0,High School,Moderate,Male,64,1,,0,0.0,
723,15,65,Low,High,1,8,52,Medium,1,4,Low,Medium,Private,Neutral,3,1,High School,Moderate,Female,61,1,,0,0.0,
724,22,67,Low,Medium,1,6,71,Low,1,1,Medium,High,Public,Neutral,4,0,College,Moderate,Male,64,1,,0,0.0,
725,17,67,Medium,Medium,1,4,71,Medium,1,3,Medium,High,Public,Negative,2,0,High School,Moderate,Female,63,1,,0,0.0,
726,11,76,Medium,Medium,1,8,91,Low,1,1,High,High,Private,Neutral,3,1,College,Near,Female,64,1,,0,0.0,
727,12,70,Low,Medium,1,8,55,Medium,1,2,Medium,High,Public,Negative,4,0,High School,Near,Female,61,1,,0,0.0,
728,7,92,Low,Medium,1,4,51,Medium,1,0,High,Medium,Public,Positive,1,0,High School,Near,Female,63,1,,0,0.0,
729,26,64,High,Low,1,8,74,Low,1,3,Medium,High,Public,Neutral,2,0,High School,Near,Male,66,1,,0,0.0,
730,10,71,Medium,Low,0,10,53,Low,1,4,High,Medium,Private,Positive,3,0,High School,Near,Female,62,1,,0,0.0,
731,9,93,High,Low,1,6,72,Low,1,1,Medium,Medium,Public,Positive,2,0,College,Near,Female,66,1,,0,0.0,
732,6,90,Medium,Medium,1,9,66,Medium,1,2,Medium,High,Public,Positive,2,0,High School,Far,Male,65,1,,0,0.0,
733,8,84,Medium,Low,1,9,56,Low,1,1,Low,Medium,Public,Positive,2,0,High School,Moderate,Male,61,1,,0,0.0,
734,17,71,Medium,Medium,0,8,80,Low,1,2,High,Low,Public,Neutral,3,0,High School,Near,Female,64,1,,0,0.0,
735,12,79,Medium,Low,0,9,80,Low,1,1,High,Medium,Public,Positive,2,0,College,Moderate,Male,63,1,,0,0.0,
736,23,71,Medium,Medium,0,7,56,Low,1,1,Medium,Medium,Private,Positive,4,0,High School,Near,Female,65,1,,0,0.0,
737,14,65,Medium,High,1,5,72,Low,1,3,Low,High,Private,Negative,2,0,High School,Near,Male,62,1,,0,0.0,
738,16,84,High,Low,0,6,68,Low,0,3,Medium,Medium,Private,Neutral,3,0,High School,Near,Male,65,1,,0,0.0,
739,17,67,High,Low,0,10,71,Medium,1,1,Medium,Medium,Public,Positive,3,0,High School,Near,Male,63,1,,0,0.0,
740,8,86,High,Low,1,8,98,Low,1,1,Low,Medium,Private,Neutral,1,0,College,Near,Male,65,1,,0,0.0,
741,22,65,Medium,Low,1,7,88,Low,0,2,Medium,Medium,Public,Positive,4,0,College,Near,Male,64,1,,0,0.0,
742,20,70,High,Medium,0,9,75,Low,1,3,Medium,Medium,Public,Neutral,4,0,College,Moderate,Male,66,1,,0,0.0,
743,15,66,Medium,Medium,0,6,90,Low,1,2,Medium,Medium,Public,Negative,3,0,College,Far,Female,62,1,,0,0.0,
744,20,72,Medium,Medium,0,9,90,Low,1,1,Medium,Medium,Private,Neutral,2,0,Postgraduate,Moderate,Male,65,1,,0,0.0,
745,14,61,Low,Medium,1,10,71,Medium,0,2,Low,Medium,Public,Neutral,4,0,High School,Near,Male,59,1,,0,0.0,
746,17,66,High,Medium,0,6,54,Medium,1,2,High,Low,Public,Positive,3,1,High School,Near,Female,63,1,,0,0.0,
747,15,69,High,Low,0,9,79,Low,1,1,Medium,Medium,Private,Positive,2,0,High School,Moderate,Female,63,1,,0,0.0,
748,9,74,Medium,Low,0,6,69,Low,1,3,Low,Medium,Private,Positive,2,0,High School,Moderate,Female,61,1,,0,0.0,
749,9,94,High,Low,0,6,66,Low,1,0,Low,High,Public,Positive,3,0,College,Near,Male,66,1,,0,0.0,
750,14,62,Medium,High,1,7,79,Low,1,2,Medium,Medium,Private,Positive,2,0,High School,Moderate,Female,62,1,,0,0.0,
751,22,62,High,Medium,1,7,70,Low,1,4,Low,Medium,Public,Negative,2,0,College,Near,Female,65,1,,0,0.0,
752,14,77,Low,Low,0,7,99,Low,1,2,Medium,Medium,Public,Positive,2,0,Postgraduate,Moderate,Female,64,1,,0,0.0,
753,10,69,Low,Medium,0,8,97,Medium,1,1,Medium,Medium,Private,Negative,3,0,High School,Near,Female,61,1,,0,0.0,
754,8,66,High,High,1,8,83,Medium,1,0,Low,Medium,Private,Positive,4,0,College,Near,Male,63,1,,0,0.0,
755,14,73,Medium,High,0,8,58,Medium,1,2,Low,High,Public,Negative,2,0,College,Moderate,Male,63,1,,0,0.0,
756,15,65,High,Low,1,7,56,Medium,0,3,High,Medium,Private,Positive,3,1,High School,Near,Female,61,1,,0,0.0,
757,12,63,High,Medium,0,9,70,Low,1,1,High,Low,Public,Positive,3,0,College,Near,Female,62,1,,0,0.0,
758,9,61,Low,High,1,7,53,Medium,1,0,Medium,Medium,Public,Positive,2,1,Postgraduate,Far,Male,58,1,,0,0.0,
759,13,69,Medium,Low,0,5,70,Medium,1,0,Medium,High,Private,Negative,2,0,College,Near,Male,61,1,,0,0.0,
760,19,63,High,Medium,1,8,55,Low,1,0,Medium,Medium,Private,Positive,4,0,College,Moderate,Female,63,1,,0,0.0,
761,19,65,High,Medium,0,6,55,Medium,1,1,Low,High,Public,Positive,3,0,Postgraduate,Moderate,Male,64,1,,0,0.0,
762,12,61,Low,Medium,1,8,92,Medium,1,2,High,Medium,Public,Neutral,4,1,High School,Moderate,Male,60,1,,0,0.0,
763,24,64,Medium,Medium,1,4,67,Low,1,0,Low,Medium,Public,Neutral,1,0,High School,Near,Male,62,1,,0,0.0,
764,16,84,Medium,Medium,0,7,65,Low,1,1,High,High,Public,Negative,3,0,High School,Moderate,Male,65,1,,0,0.0,
765,22,73,High,Medium,1,6,59,Low,1,0,Low,Medium,Public,Positive,1,0,High School,Near,Male,65,1,,0,0.0,
766,11,64,Medium,Medium,1,8,66,Medium,1,2,Low,Medium,Public,Positive,2,0,College,Moderate,Male,61,1,,0,0.0,
767,11,84,Medium,Low,1,6,59,Low,1,2,Medium,Medium,Public,Positive,3,0,High School,Near,Female,64,1,,0,0.0,
768,19,65,High,Medium,1,9,87,Low,1,0,High,High,Public,Positive,2,0,College,Moderate,Male,65,1,,0,0.0,
769,9,97,High,Medium,0,6,68,Low,1,5,Medium,Medium,Private,Neutral,3,0,College,Near,Male,69,1,,0,0.0,
770,15,88,Medium,High,1,8,61,Low,1,2,Medium,High,Public,Positive,4,1,High School,Near,Male,68,1,,0,0.0,
771,7,90,Low,Medium,1,7,93,Low,1,4,Medium,Medium,Public,Neutral,3,0,College,Near,Male,66,1,,0,0.0,
772,15,69,Low,Medium,0,8,73,Medium,1,2,Medium,Medium,Public,Neutral,2,0,High School,Moderate,Male,61,1,,0,0.0,
773,9,77,Low,Low,0,7,80,Medium,1,3,Medium,Medium,Public,Positive,3,1,High School,Near,Male,61,1,,0,0.0,
774,18,72,Low,High,0,7,58,Low,1,6,Low,Medium,Public,Positive,0,0,High School,Moderate,Male,64,1,,0,0.0,
775,17,77,Medium,Medium,1,8,69,Low,1,3,High,Medium,Public,Neutral,3,1,High School,Near,Male,65,1,,0,0.0,
776,13,60,Medium,Medium,0,9,77,Low,1,2,Medium,High,Private,Positive,5,1,High School,Near,Male,61,1,,0,0.0,
777,12,65,Medium,High,0,7,71,Medium,1,1,Low,High,Public,Neutral,4,0,High School,Moderate,Male,62,1,,0,0.0,
778,15,68,Low,Medium,0,6,72,Low,1,3,High,Low,Public,Neutral,3,0,High School,Near,Female,62,1,,0,0.0,
779,12,66,Medium,High,1,7,99,Low,1,2,Medium,Low,Public,Neutral,3,0,High School,Moderate,Male,63,1,,0,0.0,
780,15,73,Medium,High,0,5,61,Low,0,1,Low,High,Private,Positive,2,0,Postgraduate,Moderate,Male,63,1,,0,0.0,
781,19,66,High,Medium,0,8,77,Low,0,3,Medium,Medium,Public,Negative,4,0,College,Moderate,Female,64,1,,0,0.0,
782,21,68,Low,Medium,1,5,66,Low,1,2,High,Medium,Private,Neutral,3,0,High School,Near,Male,64,1,,0,0.0,
783,16,86,Medium,Medium,1,6,62,Low,1,1,Low,High,Public,Positive,4,0,High School,Near,Female,66,1,,0,0.0,
784,13,73,Medium,Low,0,9,59,Medium,1,0,Medium,High,Public,Neutral,4,0,Postgraduate,Near,Male,63,1,,0,0.0,
785,10,73,Medium,Low,1,9,58,Low,1,5,Low,Medium,Private,Negative,3,0,High School,Moderate,Male,61,1,,0,0.0,
786,8,80,Low,Medium,1,6,85,Medium,1,1,Low,High,Public,Negative,3,0,Postgraduate,Near,Male,63,1,,0,0.0,
787,12,93,High,High,1,6,50,Low,1,4,High,High,Public,Positive,3,0,Postgraduate,Moderate,Male,71,1,,0,0.0,
788,4,84,Medium,Medium,1,6,70,Medium,1,5,Medium,High,Private,Neutral,4,0,High School,Near,Male,65,1,,0,0.0,
789,21,71,Medium,Medium,0,7,58,Low,1,3,Low,Medium,Public,Negative,5,0,College,Near,Female,65,1,,0,0.0,
790,17,63,Medium,Medium,0,6,94,Low,1,0,Medium,Medium,Public,Negative,2,0,High School,Moderate,Male,61,1,,0,0.0,
791,24,69,Medium,High,1,7,55,Low,1,3,Medium,High,Public,Neutral,4,0,High School,Near,Male,67,1,,0,0.0,
792,9,69,Low,Medium,1,7,80,Medium,1,1,Medium,Medium,Private,Neutral,3,0,College,Moderate,Male,61,1,,0,0.0,
793,18,64,Low,Medium,1,7,57,Medium,1,1,High,Medium,Public,Neutral,3,0,High School,Moderate,Male,61,1,,0,0.0,
794,15,64,Medium,Medium,0,6,92,Low,1,3,Low,Medium,Public,Negative,4,0,College,Near,Female,63,1,,0,0.0,
795,13,66,High,Medium,1,9,51,Low,1,3,Medium,Medium,Private,Positive,2,0,Postgraduate,Moderate,Male,63,1,,0,0.0,
796,3,79,Low,Medium,1,7,64,Low,1,0,Medium,Medium,Public,Negative,3,0,Postgraduate,Far,Female,58,1,,0,0.0,
797,20,71,Medium,Medium,1,5,75,Low,1,0,Medium,Medium,Private,Positive,4,0,High School,Near,Male,65,1,,0,0.0,
798,16,86,Low,Low,1,5,82,Low,1,0,Low,Medium,Public,Neutral,4,0,High School,Moderate,Female,63,1,,0,0.0,
799,22,70,Medium,Low,1,6,58,Low,1,4,High,Medium,Public,Positive,2,0,Postgraduate,Moderate,Male,66,1,,0,0.0,
800,14,65,Low,High,0,7,82,Low,1,1,Low,Low,Public,Negative,3,0,High School,Near,Male,60,1,,0,0.0,
801,14,61,Medium,Low,1,7,71,Medium,1,0,Medium,Low,Private,Neutral,1,0,Postgraduate,Near,Female,60,1,,0,0.0,
802,22,79,Low,Medium,0,10,57,Low,1,1,Medium,High,Public,Positive,2,0,High School,Near,Male,65,1,,0,0.0,
803,23,67,Medium,Medium,0,4,50,Low,1,4,Low,Medium,Private,Positive,3,0,College,Moderate,Male,65,1,,0,0.0,
804,11,100,Medium,Medium,1,9,54,Low,1,1,Low,Medium,Public,Negative,3,0,Postgraduate,Near,Male,66,1,,0,0.0,
805,18,69,High,High,1,8,54,Low,1,1,High,High,Private,Neutral,2,0,High School,Near,Male,65,1,,0,0.0,
806,8,65,Medium,Medium,0,10,74,Medium,1,1,Medium,High,Private,Positive,5,0,High School,Near,Male,61,1,,0,0.0,
807,18,82,High,Low,0,7,52,Low,1,1,Low,Medium,Public,Negative,4,0,High School,Near,Female,64,1,,0,0.0,
808,9,73,Medium,Medium,1,6,96,Low,1,0,Low,High,Public,Positive,2,0,High School,Near,Male,62,1,,0,0.0,
809,21,63,Medium,Medium,1,6,64,Low,1,1,High,High,Public,Negative,3,0,High School,Near,Male,63,1,,0,0.0,
810,14,68,Medium,High,0,6,71,Low,1,1,Medium,Medium,Public,Positive,3,0,College,Moderate,Male,63,1,,0,0.0,
811,16,63,Medium,Medium,1,8,82,Medium,1,0,High,Medium,Public,Neutral,3,0,High School,Near,Male,63,1,,0,0.0,
812,15,68,High,Low,1,6,73,Medium,0,0,Medium,Medium,Public,Positive,3,0,College,Near,Male,62,1,,0,0.0,
813,20,63,Medium,Medium,1,8,61,Medium,1,2,High,Medium,Public,Neutral,3,0,High School,Near,Male,64,1,,0,0.0,
814,15,61,High,Low,1,8,59,Medium,1,1,Medium,Medium,Public,Neutral,2,0,Postgraduate,Moderate,Female,61,1,,0,0.0,
815,16,77,Medium,Low,1,7,69,Low,1,1,Low,High,Public,Neutral,4,0,High School,Near,Female,63,1,,0,0.0,
816,19,62,High,Medium,0,7,82,Low,1,0,Low,Low,Private,Neutral,5,1,Postgraduate,Near,Male,62,1,,0,0.0,
817,11,66,Medium,Medium,1,7,74,Medium,1,3,Medium,High,Private,Neutral,3,0,High School,Far,Female,62,1,,0,0.0,
818,4,83,High,Medium,0,7,99,Low,1,1,Low,Low,Private,Neutral,3,0,College,Near,Female,64,1,,0,0.0,
819,21,64,High,Low,1,7,78,Low,1,1,Medium,Medium,Public,Positive,4,0,High School,Near,Male,64,1,,0,0.0,
820,20,63,Medium,Low,0,8,83,Low,1,4,Medium,Medium,Public,Neutral,3,0,Postgraduate,Moderate,Female,64,1,,0,0.0,
821,16,69,Medium,Medium,1,5,68,Medium,1,0,Medium,High,Public,Neutral,4,0,College,Moderate,Male,63,1,,0,0.0,
822,23,65,High,High,0,7,57,Low,0,1,High,Medium,Public,Neutral,4,0,High School,Near,Male,65,1,,0,0.0,
823,18,72,Medium,Medium,0,8,71,Low,1,2,High,Medium,Public,Positive,4,0,Postgraduate,Near,Male,66,1,,0,0.0,
824,17,87,Medium,Medium,1,9,53,Low,1,3,Low,Medium,Public,Positive,3,0,Postgraduate,Moderate,Female,67,1,,0,0.0,
825,22,62,High,Medium,1,9,69,Low,1,1,High,Low,Private,Negative,3,0,College,Near,Male,64,1,,0,0.0,
826,18,65,Medium,High,1,8,63,Medium,1,1,Medium,Medium,Public,Positive,3,0,High School,Far,Male,63,1,,0,0.0,
827,15,64,High,Low,1,7,89,Low,1,0,Low,Medium,Public,Negative,2,0,High School,Near,Male,61,1,,0,0.0,
828,6,69,High,Medium,1,10,94,Medium,0,1,Medium,Medium,Private,Neutral,4,0,Postgraduate,Near,Female,63,1,,0,0.0,
829,17,71,Medium,Medium,1,10,53,Low,1,0,Low,Low,Public,Positive,3,0,High School,Moderate,Male,61,1,,0,0.0,
830,2,98,High,Medium,0,4,64,Medium,1,1,Low,High,Private,Neutral,2,0,High School,Near,Female,65,1,,0,0.0,
831,14,76,High,Medium,0,6,74,Low,1,0,High,Medium,Private,Positive,2,1,College,Far,Male,63,1,,0,0.0,
832,14,77,High,High,1,5,89,Low,1,0,Medium,Medium,Private,Positive,2,0,College,Near,Male,67,1,,0,0.0,
833,16,61,Medium,High,1,10,78,Medium,1,2,Low,High,Public,Positive,2,0,College,Moderate,Female,64,1,,0,0.0,
834,3,78,Medium,Medium,0,8,54,High,1,2,High,Medium,Public,Positive,4,0,High School,Moderate,Male,61,1,,0,0.0,
835,9,76,Medium,Medium,1,9,71,Medium,1,1,Medium,High,Public,Neutral,3,0,College,Near,Male,63,1,,0,0.0,
836,9,96,Medium,Low,1,8,75,Low,1,1,Low,High,Private,Positive,4,1,High School,Near,Female,65,1,,0,0.0,
837,6,71,Medium,High,1,5,85,Medium,1,1,Low,Medium,Public,Positive,2,0,High School,Moderate,Male,61,1,,0,0.0,
838,25,61,Medium,High,1,8,65,Low,1,3,Low,Low,Public,Neutral,3,0,College,Near,Female,65,1,,0,0.0,
839,20,70,Low,Medium,1,6,79,Low,1,4,Medium,Medium,Public,Positive,4,0,Postgraduate,Near,Male,67,1,,0,0.0,
840,11,89,Low,High,0,9,69,Low,1,1,Low,Low,Public,Neutral,3,0,High School,Near,Male,64,1,,0,0.0,
841,11,72,Medium,Medium,1,6,94,Low,1,2,Medium,Medium,Public,Positive,3,0,High School,Moderate,Male,63,1,,0,0.0,
842,13,70,Medium,High,1,8,78,Medium,1,0,Low,Medium,Private,Negative,3,1,High School,Near,Male,61,1,,0,0.0,
843,9,80,High,Low,0,5,60,Medium,1,2,Low,Medium,Private,Neutral,3,0,High School,Near,Male,62,1,,0,0.0,
844,16,63,Medium,Low,0,9,92,Medium,1,0,Low,Medium,Private,Positive,3,0,College,Moderate,Female,61,1,,0,0.0,
845,11,69,High,Medium,1,9,100,Low,1,1,Low,Medium,Public,Neutral,5,0,High School,Near,Male,64,1,,0,0.0,
846,15,67,Low,Medium,1,5,74,Medium,1,1,High,High,Public,Positive,2,0,Postgraduate,Near,Male,64,1,,0,0.0,
847,18,78,High,Medium,0,7,67,Low,0,0,High,Medium,Public,Negative,3,0,College,Moderate,Male,64,1,,0,0.0,
848,23,69,Medium,Low,1,8,66,Low,0,1,Medium,Medium,Public,Positive,3,0,College,Far,Male,63,1,,0,0.0,
849,14,86,Low,Low,1,8,90,Low,1,0,Low,Medium,Private,Neutral,1,0,High School,Near,Male,63,1,,0,0.0,
850,8,78,High,High,0,7,94,Low,1,1,High,High,Public,Neutral,3,1,High School,Near,Female,65,1,,0,0.0,
851,16,93,Medium,Medium,1,8,55,Low,1,0,High,Medium,Public,Neutral,4,0,High School,Moderate,Male,67,1,,0,0.0,
852,11,64,Medium,Medium,0,8,75,Low,1,1,High,Medium,Private,Positive,3,0,High School,Moderate,Male,60,1,,0,0.0,
853,17,72,Low,Medium,0,7,83,Low,1,3,Medium,High,Public,Negative,3,1,High School,Far,Female,62,1,,0,0.0,
854,19,68,High,High,0,7,51,Medium,0,1,High,Medium,Public,Positive,1,0,High School,Moderate,Female,64,1,,0,0.0,
855,15,77,Medium,Medium,1,7,52,Medium,1,1,Medium,Medium,Public,Neutral,2,0,College,Near,Male,64,1,,0,0.0,
856,12,89,Medium,Low,1,6,55,Low,1,1,Low,High,Public,Negative,3,0,High School,Near,Female,63,1,,0,0.0,
857,17,65,Medium,High,0,9,79,Medium,1,0,Medium,Medium,Public,Positive,2,1,High School,Moderate,Male,62,1,,0,0.0,
858,18,66,High,Medium,1,6,68,Low,0,1,Medium,High,Public,Positive,3,1,High School,Far,Male,61,1,,0,0.0,
859,13,67,Medium,Low,1,5,70,Medium,1,0,Low,High,Private,Negative,2,0,High School,Near,Male,60,1,,0,0.0,
860,18,73,Medium,Medium,1,8,74,Low,0,3,Medium,High,Private,Neutral,2,0,Postgraduate,Near,Male,66,1,,0,0.0,
861,19,67,Medium,Medium,0,7,59,Low,1,3,Low,High,Private,Positive,3,0,Postgraduate,Near,Female,65,1,,0,0.0,
862,15,65,Medium,Medium,0,9,65,Medium,1,1,Low,Medium,Public,Neutral,2,0,College,Near,Female,61,1,,0,0.0,
863,16,63,Low,Medium,1,6,57,Medium,1,2,Low,Low,Public,Neutral,3,0,Postgraduate,Near,Male,61,1,,0,0.0,
864,18,62,Medium,Medium,1,7,62,Medium,1,1,Medium,Medium,Public,Positive,5,0,College,Moderate,Male,63,1,,0,0.0,
865,13,63,Medium,High,1,8,52,Medium,1,2,Low,Medium,Public,Positive,4,0,High School,Near,Male,62,1,,0,0.0,
866,8,83,High,Low,1,6,85,Low,1,1,Low,High,Public,Neutral,3,0,High School,Far,Female,63,1,,0,0.0,
867,20,79,Medium,Low,1,8,55,Low,1,3,Low,Medium,Private,Positive,4,0,High School,Near,Female,66,1,,0,0.0,
868,8,87,High,High,0,9,97,Low,1,2,Low,Medium,Public,Positive,3,0,High School,Near,Male,67,1,,0,0.0,
869,10,67,High,Medium,1,8,92,Medium,1,1,Medium,High,Public,Negative,4,0,Postgraduate,Near,Male,65,1,,0,0.0,
870,22,61,High,Medium,0,8,88,Low,1,1,Medium,High,Public,Neutral,4,0,High School,Near,Female,65,1,,0,0.0,
871,15,65,High,High,1,8,72,Low,1,2,Low,Medium,Private,Neutral,2,1,Postgraduate,Far,Male,63,1,,0,0.0,
872,16,69,Medium,Medium,0,8,56,Low,1,2,Medium,Medium,Private,Neutral,3,0,Postgraduate,Near,Male,63,1,,0,0.0,
873,10,66,Medium,High,0,7,77,Medium,1,0,Medium,High,Public,Positive,2,0,High School,Near,Male,62,1,,0,0.0,
874,13,77,High,High,0,7,58,Medium,1,2,Low,Medium,Public,Positive,3,0,High School,Near,Male,66,1,,0,0.0,
875,21,85,Medium,Medium,0,8,50,Low,1,1,Medium,High,Private,Neutral,2,0,High School,Far,Male,65,1,,0,0.0,
876,15,74,Medium,Low,0,7,60,Low,1,2,Medium,Medium,Public,Positive,3,0,High School,Far,Female,62,1,,0,0.0,
877,16,67,Medium,Medium,1,5,53,Low,1,2,Medium,Medium,Private,Positive,3,0,High School,Moderate,Male,62,1,,0,0.0,
878,11,97,Low,Medium,1,8,60,Low,1,2,Low,Medium,Public,Positive,3,0,College,Near,Female,66,1,,0,0.0,
879,17,70,High,Medium,0,8,82,Low,1,2,High,High,Public,Negative,2,1,High School,Moderate,Female,64,1,,0,0.0,
880,12,92,High,Medium,0,4,58,Low,1,2,Medium,Medium,Public,Positive,2,1,College,Moderate,Male,66,1,,0,0.0,
881,23,72,Medium,Medium,1,8,64,Low,1,1,Low,Medium,Public,Neutral,4,0,Postgraduate,Near,Female,66,1,,0,0.0,
882,26,67,Low,Medium,1,7,77,Low,1,2,Low,High,Private,Neutral,3,1,High School,Moderate,Male,64,1,,0,0.0,
883,16,82,High,Low,0,4,64,Low,1,1,Medium,Medium,Private,Neutral,2,0,Postgraduate,Moderate,Male,65,1,,0,0.0,
884,20,62,Medium,Medium,1,6,59,Low,1,3,Medium,Medium,Public,Positive,4,0,High School,Near,Male,64,1,,0,0.0,
885,5,62,High,High,0,7,71,Low,1,1,Low,Medium,Private,Positive,4,0,College,Far,Male,59,1,,0,0.0,
886,13,64,Medium,High,0,6,57,Low,1,1,Low,Low,Public,Neutral,3,1,High School,Moderate,Female,58,1,,0,0.0,
887,9,66,Low,Medium,0,9,100,Low,1,3,Medium,Medium,Public,Neutral,3,0,College,Near,Male,62,1,,0,0.0,
888,18,61,Medium,Low,0,7,67,Low,1,2,High,Medium,Public,Positive,4,0,High School,Near,Male,62,1,,0,0.0,
889,23,68,Low,Medium,1,5,81,Low,1,1,Low,Low,Public,Neutral,2,0,Postgraduate,Near,Male,64,1,,0,0.0,
890,17,83,Medium,Low,1,8,69,Low,1,4,Low,High,Public,Neutral,3,0,College,Near,Male,67,1,,0,0.0,
891,11,63,Medium,High,1,9,51,High,1,0,Low,Low,Public,Negative,3,1,College,Moderate,Male,58,1,,0,0.0,
892,13,68,Low,High,0,7,60,Medium,1,1,Medium,Low,Private,Positive,3,0,College,Moderate,Female,61,1,,0,0.0,
893,22,69,High,Medium,0,7,86,Low,1,0,Medium,Medium,Public,Neutral,1,0,High School,Near,Female,65,1,,0,0.0,
894,13,89,High,High,0,8,59,Low,1,0,Low,High,Public,Neutral,2,0,Postgraduate,Moderate,Male,66,1,,0,0.0,
895,23,63,Medium,Medium,0,7,73,Low,1,1,Low,Medium,Public,Neutral,3,0,College,Moderate,Male,63,1,,0,0.0,
896,15,74,High,Low,0,6,72,Low,1,2,Low,Medium,Public,Positive,3,0,High School,Near,Male,64,1,,0,0.0,
897,10,67,Medium,Medium,1,6,65,Medium,1,1,Medium,High,Public,Negative,4,0,High School,Near,Female,61,1,,0,0.0,
898,22,64,Low,Medium,1,8,91,Low,1,0,Low,Medium,Public,Neutral,4,0,College,Moderate,Female,63,1,,0,0.0,
899,20,60,Medium,Low,1,4,73,Medium,1,0,Low,Low,Public,Neutral,1,0,Postgraduate,Moderate,Female,60,1,,0,0.0,
900,17,83,Medium,High,0,8,51,Low,1,0,Low,Medium,Public,Negative,4,0,High School,Moderate,Male,64,1,,0,0.0,
901,15,96,Medium,Low,0,7,54,Low,1,0,Low,Medium,Public,Neutral,3,0,College,Near,Female,65,1,,0,0.0,
902,12,76,Medium,Low,1,5,71,Low,1,0,Medium,Medium,Public,Negative,4,0,High School,Near,Male,61,1,,0,0.0,
903,16,74,Medium,High,0,9,80,Low,1,0,Medium,Medium,Public,Negative,5,0,High School,Near,Male,64,1,,0,0.0,
904,18,81,Medium,Medium,0,8,65,Low,1,2,Low,Medium,Public,Neutral,4,0,Postgraduate,Near,Male,66,1,,0,0.0,
905,14,78,High,Medium,0,6,55,Low,1,2,Low,Medium,Private,Neutral,2,0,High School,Near,Female,63,1,,0,0.0,
906,16,74,High,High,1,8,56,Low,1,1,Low,Medium,Private,Positive,2,0,High School,Near,Female,65,1,,0,0.0,
907,19,71,Medium,High,1,7,66,Low,1,2,Low,Medium,Public,Neutral,3,0,High School,Near,Female,65,1,,0,0.0,
908,14,78,Medium,Medium,0,4,62,Medium,1,1,Low,Medium,Public,Neutral,4,0,College,Near,Male,63,1,,0,0.0,
909,16,60,Medium,High,0,7,70,Low,1,3,High,High,Private,Negative,4,0,High School,Near,Female,63,1,,0,0.0,
910,18,61,Medium,Medium,1,6,56,Medium,1,3,Low,Medium,Public,Neutral,3,0,High School,Moderate,Male,62,1,,0,0.0,
911,16,62,Medium,Medium,0,7,73,Low,1,3,High,Medium,Public,Negative,3,0,High School,Near,Female,62,1,,0,0.0,
912,19,69,Medium,High,1,7,59,Low,1,2,Low,Low,Private,Neutral,2,0,Postgraduate,Moderate,Female,64,1,,0,0.0,
913,13,77,Medium,Medium,1,10,55,Low,1,2,Low,Medium,Private,Positive,3,0,College,Moderate,Male,63,1,,0,0.0,
914,17,67,Low,Medium,1,6,62,Medium,1,0,Medium,Medium,Public,Neutral,3,0,College,Moderate,Female,61,1,,0,0.0,
915,16,67,Medium,Medium,1,5,56,Low,1,1,Low,Medium,Public,Negative,2,0,College,Near,Female,61,1,,0,0.0,
916,28,60,Low,Medium,1,5,70,Low,1,0,Low,Medium,Private,Neutral,5,0,High School,Near,Male,63,1,,0,0.0,
917,13,75,Medium,High,0,10,54,Medium,1,1,Low,Medium,Private,Negative,3,1,College,Near,Male,62,1,,0,0.0,
918,8,61,Medium,Low,1,7,78,Medium,1,0,Medium,Medium,Private,Positive,3,0,High School,Near,Female,59,1,,0,0.0,
919,19,67,High,Medium,0,9,84,Low,1,0,Medium,Medium,Public,Positive,3,0,High School,Moderate,Female,64,1,,0,0.0,
920,16,82,Low,High,1,8,73,Low,1,3,Low,High,Public,Positive,1,0,College,Near,Male,67,1,,0,0.0,
921,3,60,Medium,Medium,1,5,76,Medium,1,0,Medium,High,Private,Neutral,4,0,High School,Moderate,Female,58,1,,0,0.0,
922,8,67,Low,Low,0,5,77,Low,1,1,Medium,High,Public,Positive,2,0,College,Near,Male,59,1,,0,0.0,
923,3,70,Medium,Medium,1,7,58,Medium,1,0,Medium,Medium,Private,Neutral,2,0,High School,Moderate,Male,58,1,,0,0.0,
924,19,77,Medium,Low,1,7,54,Low,1,2,Low,Medium,Private,Positive,4,0,High School,Near,Female,64,1,,0,0.0,
925,18,67,High,Low,0,4,73,Low,1,0,Medium,Medium,Private,Neutral,2,0,Postgraduate,Moderate,Male,62,1,,0,0.0,
926,15,81,Low,Low,1,7,75,Low,1,1,Medium,High,Public,Negative,1,0,Postgraduate,Moderate,Male,63,1,,0,0.0,
927,10,72,Medium,Medium,1,6,83,Medium,1,0,Medium,Medium,Public,Positive,4,0,High School,Near,Male,63,1,,0,0.0,
928,21,67,Medium,Low,0,6,61,Medium,1,0,Low,Medium,Private,Positive,3,0,High School,Moderate,Female,61,1,,0,0.0,
929,14,68,High,High,1,9,79,Low,1,2,Low,Medium,Private,Positive,4,0,College,Near,Female,66,1,,0,0.0,
930,11,74,Medium,High,1,7,98,Low,1,1,Low,Medium,Public,Positive,2,0,High School,Near,Male,65,1,,0,0.0,
931,16,68,Medium,Low,1,10,64,Medium,1,2,High,Low,Public,Negative,2,0,High School,Moderate,Male,61,1,,0,0.0,
932,1,81,Medium,Medium,1,8,66,Medium,1,1,Low,Medium,Public,Negative,2,0,College,Near,Male,60,1,,0,0.0,
933,20,68,Medium,Low,0,9,65,Low,1,1,High,Medium,Public,Negative,5,0,College,Near,Male,63,1,,0,0.0,
934,14,63,High,High,0,8,74,Medium,1,1,Low,Medium,Private,Neutral,4,0,Postgraduate,Moderate,Female,63,1,,0,0.0,
935,26,61,High,Medium,1,8,70,Low,1,1,Medium,Medium,Private,Neutral,4,1,Postgraduate,Moderate,Male,65,1,,0,0.0,
936,15,67,High,High,1,4,50,Low,1,0,Medium,Medium,Public,Positive,1,0,College,Near,Male,64,1,,0,0.0,
937,12,88,Low,Medium,1,4,56,Medium,1,0,Low,High,Private,Neutral,2,0,High School,Far,Male,62,1,,0,0.0,
938,20,85,Medium,Medium,0,6,58,Low,1,0,Low,Medium,Private,Negative,2,0,Postgraduate,Near,Male,65,1,,0,0.0,
939,13,60,Low,High,1,7,95,Medium,1,1,Low,Medium,Private,Positive,1,0,High School,Near,Female,61,1,,0,0.0,
940,17,64,High,High,0,7,80,Low,1,3,Medium,Medium,Private,Positive,4,0,High School,Near,Male,66,1,,0,0.0,
941,16,89,High,Medium,1,8,58,Low,1,2,Low,Medium,Public,Neutral,3,0,College,Moderate,Male,67,1,,0,0.0,
942,24,62,Medium,High,0,7,83,Low,1,1,Medium,Low,Public,Neutral,2,0,College,Moderate,Female,64,1,,0,0.0,
943,21,62,Medium,Low,0,6,58,Medium,1,2,Low,High,Private,Neutral,3,0,College,Moderate,Female,62,1,,0,0.0,
944,13,67,High,High,1,7,76,Medium,1,2,Low,Medium,Private,Neutral,5,0,High School,Near,Male,65,1,,0,0.0,
945,18,65,Medium,High,0,6,83,Low,1,1,Medium,High,Private,Neutral,2,0,High School,Near,Male,64,1,,0,0.0,
946,20,82,Low,Medium,0,8,66,Low,1,0,High,Medium,Public,Positive,2,0,Postgraduate,Near,Male,66,1,,0,0.0,
947,6,73,Medium,Medium,0,8,93,Low,1,0,Low,Medium,Private,Neutral,1,1,High School,Far,Female,58,1,,0,0.0,
948,13,82,Medium,High,0,5,73,Low,1,4,Low,Medium,Public,Negative,4,0,High School,Near,Male,66,1,,0,0.0,
949,10,75,Medium,Medium,0,8,87,Low,1,2,Medium,Medium,Public,Positive,4,1,High School,Near,Female,63,1,,0,0.0,
950,7,72,Medium,Medium,1,4,94,Medium,1,4,Medium,Medium,Private,Positive,4,0,Postgraduate,Near,Male,66,1,,0,0.0,
951,18,64,Medium,High,1,9,89,Low,1,1,Medium,High,Private,Neutral,3,0,High School,Moderate,Male,64,1,,0,0.0,
952,18,62,High,Medium,1,7,76,Medium,1,2,Medium,Medium,Private,Negative,3,1,College,Near,Female,63,1,,0,0.0,
953,19,64,Medium,Medium,1,7,56,Medium,1,0,Low,Medium,Private,Neutral,4,0,High School,Near,Female,62,1,,0,0.0,
954,12,63,Medium,Medium,0,8,56,Low,1,4,Medium,Medium,Public,Positive,4,0,College,Moderate,Male,61,1,,0,0.0,
955,25,60,Medium,Low,0,6,71,Low,1,2,High,Medium,Public,Positive,2,0,High School,Near,Male,63,1,,0,0.0,
956,9,80,Medium,Low,1,4,52,Low,1,1,High,Medium,Public,Positive,2,0,Postgraduate,Near,Female,63,1,,0,0.0,
957,24,66,High,Medium,1,7,71,Low,1,1,Low,High,Public,Neutral,3,0,High School,Near,Male,66,1,,0,0.0,
958,19,67,Medium,Low,1,8,55,Medium,0,0,Medium,High,Private,Positive,4,0,High School,Near,Male,62,1,,0,0.0,
959,9,78,Medium,Medium,0,7,98,Low,1,3,Low,Medium,Public,Positive,2,0,High School,Near,Male,64,1,,0,0.0,
960,17,76,Medium,Medium,1,8,79,Low,0,1,Low,Medium,Public,Neutral,4,1,Postgraduate,Far,Female,63,1,,0,0.0,
961,16,71,High,Low,1,6,77,Low,1,4,Medium,Medium,Public,Neutral,5,1,College,Moderate,Male,64,1,,0,0.0,
962,15,62,Low,High,0,10,96,Low,1,0,Medium,High,Private,Positive,4,0,High School,Far,Male,62,1,,0,0.0,
963,19,61,High,Low,1,10,67,Low,0,1,Medium,Medium,Public,Positive,6,0,Postgraduate,Near,Female,63,1,,0,0.0,
964,7,69,Low,Medium,0,9,82,Low,1,1,Medium,High,Private,Positive,3,0,Postgraduate,Near,Female,61,1,,0,0.0,
965,4,69,Medium,High,1,6,99,Medium,1,0,Medium,High,Public,Neutral,2,0,High School,Moderate,Male,61,1,,0,0.0,
966,10,71,Medium,High,1,6,86,Medium,1,1,Medium,Low,Public,Negative,2,1,Postgraduate,Near,Male,62,1,,0,0.0,
967,21,64,Low,High,1,6,51,Low,1,0,High,Low,Public,Negative,3,0,College,Moderate,Female,61,1,,0,0.0,
968,21,61,Medium,Medium,1,6,93,Low,1,3,Medium,High,Private,Neutral,3,0,High School,Near,Female,65,1,,0,0.0,
969,13,87,Low,Medium,0,10,54,Low,1,2,Low,Medium,Public,Positive,2,0,High School,Moderate,Female,63,1,,0,0.0,
970,12,61,Medium,Medium,1,7,81,Medium,1,2,High,Medium,Public,Neutral,3,0,College,Far,Male,62,1,,0,0.0,
971,13,63,Medium,Medium,0,10,73,Low,1,2,Low,High,Public,Negative,3,0,Postgraduate,Moderate,Male,61,1,,0,0.0,
972,19,69,Medium,Medium,1,7,82,Low,0,2,Low,Medium,Public,Neutral,3,0,College,Near,Male,64,1,,0,0.0,
973,14,65,Medium,High,1,9,97,Low,1,3,Low,High,Public,Positive,4,0,High School,Near,Female,65,1,,0,0.0,
974,18,60,Medium,High,0,5,91,Low,1,2,Low,Medium,Public,Negative,4,1,High School,Near,Male,62,1,,0,0.0,
975,24,73,Medium,Medium,1,5,50,Low,1,1,Low,Medium,Public,Negative,2,0,High School,Near,Male,63,1,,0,0.0,
976,15,64,High,Medium,0,5,78,Medium,1,2,Low,Medium,Public,Positive,2,0,High School,Moderate,Male,63,1,,0,0.0,
977,24,67,Medium,Medium,0,10,64,Low,1,1,Low,Medium,Public,Positive,2,1,College,Far,Female,62,1,,0,0.0,
978,17,64,Medium,High,1,8,67,Medium,1,3,Low,Medium,Public,Negative,3,0,College,Near,Male,64,1,,0,0.0,
979,7,74,Medium,Medium,1,6,66,Low,1,1,Low,High,Private,Positive,2,0,High School,Near,Female,61,1,,0,0.0,
980,12,98,Low,Medium,0,9,59,Low,1,1,High,Medium,Public,Neutral,2,0,Postgraduate,Near,Female,67,1,,0,0.0,
981,12,72,Medium,Medium,1,6,54,Low,1,3,Low,Medium,Public,Positive,2,0,Postgraduate,Near,Male,63,1,,0,0.0,
982,23,74,Medium,High,1,6,57,Low,0,1,High,High,Private,Neutral,3,0,College,Near,Male,67,1,,0,0.0,
983,12,77,Low,Medium,0,7,64,Low,1,2,High,High,Public,Positive,4,0,College,Moderate,Female,64,1,,0,0.0,
984,19,82,High,Medium,1,6,58,Low,1,2,Medium,High,Private,Positive,3,0,College,Near,Female,68,1,,0,0.0,
985,20,77,Low,Low,0,6,59,Low,1,1,High,Medium,Public,Negative,2,0,High School,Moderate,Female,62,1,,0,0.0,
986,14,70,Medium,High,1,7,53,Low,1,0,Medium,Medium,Public,Negative,3,0,High School,Moderate,Male,61,1,,0,0.0,
987,16,61,Low,Medium,1,4,51,Low,1,1,Low,Medium,Public,Neutral,3,0,High School,Near,Male,59,1,,0,0.0,
988,7,75,Medium,Medium,0,7,98,Low,0,1,Low,High,Public,Positive,3,0,College,Near,Male,62,1,,0,0.0,
989,7,79,Low,High,1,9,85,Medium,1,0,Medium,Medium,Public,Negative,2,0,High School,Near,Male,62,1,,0,0.0,
990,7,63,Low,Medium,0,5,97,Medium,1,1,Low,Medium,Public,Neutral,2,0,High School,Near,Female,59,1,,0,0.0,
991,15,67,Low,Medium,1,6,83,Low,1,3,Medium,Low,Public,Positive,3,0,High School,Moderate,Male,62,1,,0,0.0,
992,17,63,Medium,Medium,1,8,59,Medium,1,1,Low,High,Public,Positive,1,0,Postgraduate,Moderate,Male,62,1,,0,0.0,
993,9,69,High,High,1,10,92,Medium,1,2,Low,Medium,Private,Neutral,3,0,Postgraduate,Near,Male,65,1,,0,0.0,
994,12,67,Medium,Medium,1,8,65,Low,1,1,High,Medium,Public,Neutral,3,0,High School,Moderate,Male,61,1,,0,0.0,
995,16,62,Medium,Medium,0,7,88,Medium,1,1,Low,High,Public,Neutral,1,0,High School,Near,Female,62,1,,0,0.0,
996,20,65,High,Medium,1,8,71,Low,1,2,Low,Medium,Private,Neutral,3,1,College,Near,Female,63,1,,0,0.0,
997,16,69,Medium,High,1,4,54,Medium,1,4,Low,Low,Public,Positive,4,0,College,Near,Female,65,1,,0,0.0,
998,19,61,High,Medium,0,10,64,Medium,1,3,Low,Medium,Public,Positive,3,0,High School,Moderate,Male,63,1,,0,0.0,
999,10,66,Medium,Medium,0,4,74,Low,1,2,Low,Medium,Public,Negative,2,0,High School,Moderate,Male,59,1,,0,0.0,
1000,13,78,Medium,Low,1,5,54,Low,1,2,Low,High,Public,Positive,3,1,College,Near,Male,62,1,,0,0.0,
1001,14,63,Low,Low,1,9,72,Medium,1,3,Low,Low,Public,Positive,4,1,High School,Near,Female,59,1,,0,0.0,
1002,23,64,Medium,High,0,4,71,Low,1,2,Medium,Medium,Public,Negative,1,0,Postgraduate,Near,Male,65,1,,0,0.0,
1003,8,73,Medium,High,1,4,80,Low,1,0,Low,High,Public,Neutral,4,0,College,Moderate,Male,62,1,,0,0.0,
1004,13,69,Medium,Medium,1,7,72,Low,1,2,High,Medium,Public,Positive,2,0,High School,Moderate,Female,63,1,,0,0.0,
1005,17,68,Medium,Medium,1,7,63,Medium,0,0,Low,Medium,Public,Neutral,3,0,High School,Moderate,Male,61,1,,0,0.0,
1006,12,67,High,Medium,1,9,57,Low,1,0,Low,Medium,Private,Positive,2,0,College,Moderate,Male,61,1,,0,0.0,
1007,19,67,Medium,Low,0,10,50,Medium,1,0,High,Medium,Public,Positive,3,0,High School,Near,Male,62,1,,0,0.0,
1008,11,90,Low,Low,1,8,59,Low,1,1,Low,High,Public,Positive,4,0,High School,Near,Male,64,1,,0,0.0,
1009,20,81,Low,Medium,1,6,61,Low,0,0,Low,Medium,Public,Positive,4,1,High School,Near,Female,63,1,,0,0.0,
1010,14,66,Medium,Medium,1,10,63,Low,1,0,Low,Medium,Public,Positive,3,0,High School,Moderate,Male,60,1,,0,0.0,
1011,9,88,Low,Medium,1,5,93,Low,1,2,Medium,Medium,Public,Neutral,4,0,Postgraduate,Near,Male,66,1,,0,0.0,
1012,16,60,Medium,Low,0,8,87,Low,1,0,Low,Low,Public,Positive,5,0,High School,Near,Male,60,1,,0,0.0,
1013,12,85,High,High,0,8,58,Low,1,1,Low,High,Public,Positive,3,0,Postgraduate,Near,Male,67,1,,0,0.0,
1014,15,69,Medium,High,0,8,92,Low,1,0,Low,Medium,Public,Neutral,1,0,College,Moderate,Male,63,1,,0,0.0,
1015,23,67,High,High,1,8,69,Low,1,1,High,Medium,Public,Neutral,2,0,High School,Near,Female,67,1,,0,0.0,
1016,14,75,High,Medium,0,8,52,Medium,1,3,Medium,Medium,Public,Neutral,1,0,Postgraduate,Near,Male,65,1,,0,0.0,
1017,17,69,Medium,Medium,0,10,56,Medium,1,1,Medium,Medium,Public,Neutral,4,0,High School,Near,Female,63,1,,0,0.0,
1018,11,73,Medium,High,0,5,58,Medium,0,0,Medium,Medium,Private,Positive,4,0,College,Near,Male,62,1,,0,0.0,
1019,23,76,Medium,High,1,6,52,Low,1,3,Medium,Medium,Public,Neutral,4,0,College,Moderate,Male,67,1,,0,0.0,
1020,16,63,Medium,Medium,0,8,79,Medium,1,2,Low,High,Public,Positive,3,0,College,Moderate,Male,63,1,,0,0.0,
1021,23,62,High,High,1,7,67,Low,1,1,Low,Medium,Public,Negative,4,0,Postgraduate,Moderate,Female,65,1,,0,0.0,
1022,15,69,Low,Medium,1,9,62,Low,1,2,Medium,High,Public,Neutral,3,0,High School,Moderate,Male,62,1,,0,0.0,
1023,13,64,Medium,High,1,5,72,Medium,1,2,Medium,Medium,Private,Neutral,2,0,Postgraduate,Moderate,Male,63,1,,0,0.0,
1024,8,82,High,Low,0,4,59,Medium,1,1,Medium,Medium,Public,Neutral,2,0,College,Near,Male,62,1,,0,0.0,
1025,15,64,Low,Low,1,9,84,Low,1,0,Medium,Medium,Public,Neutral,3,0,College,Far,Male,59,1,,0,0.0,
1026,13,81,Low,Medium,1,6,85,Low,1,1,Low,Medium,Private,Neutral,3,0,High School,Moderate,Male,63,1,,0,0.0,
1027,22,63,Low,High,1,4,86,Low,1,0,Low,High,Public,Neutral,4,0,College,Near,Female,64,1,,0,0.0,
1028,12,69,High,High,1,7,53,Low,1,2,Low,High,Public,Neutral,3,0,College,Near,Male,64,1,,0,0.0,
1029,9,72,Medium,High,1,10,91,Medium,0,1,High,Medium,Public,Neutral,2,0,High School,Far,Female,62,1,,0,0.0,
1030,17,61,Low,High,1,7,75,Medium,0,2,Medium,High,Public,Negative,4,0,College,Near,Female,62,1,,0,0.0,
1031,15,60,High,Medium,0,7,63,Low,1,0,Low,High,Public,Positive,1,1,High School,Far,Female,58,1,,0,0.0,
1032,26,69,High,Medium,0,9,55,Low,1,1,Low,Medium,Public,Neutral,3,0,College,Near,Male,66,1,,0,0.0,
1033,18,69,Medium,Low,1,5,73,Low,1,1,Low,High,Public,Positive,4,0,Postgraduate,Moderate,Male,64,1,,0,0.0,
1034,17,70,Medium,Medium,1,6,79,Low,1,2,Medium,Medium,Public,Positive,3,0,High School,Near,Female,64,1,,0,0.0,
1035,21,67,Low,High,0,7,70,Low,1,2,Low,Medium,Private,Negative,2,0,Postgraduate,Moderate,Female,63,1,,0,0.0,
1036,19,79,Medium,Medium,1,8,57,Low,1,2,Low,Low,Public,Positive,3,0,High School,Moderate,Male,65,1,,0,0.0,
1037,23,66,Medium,Medium,0,7,76,Low,1,1,High,Medium,Public,Neutral,2,0,College,Moderate,Male,64,1,,0,0.0,
1038,13,77,Low,High,0,6,85,Low,1,2,Low,Medium,Public,Neutral,4,0,Postgraduate,Near,Female,65,1,,0,0.0,
1039,14,65,Medium,High,0,9,69,Low,1,4,Medium,Medium,Public,Neutral,3,0,College,Near,Male,64,1,,0,0.0,
1040,17,64,High,Low,1,10,63,Medium,1,0,High,Medium,Public,Positive,3,0,High School,Moderate,Female,62,1,,0,0.0,
1041,26,61,Medium,Medium,0,7,64,Low,1,0,Medium,Medium,Private,Negative,3,0,Postgraduate,Near,Male,63,1,,0,0.0,
1042,18,84,Medium,Low,1,9,68,Low,1,0,Medium,High,Private,Negative,2,0,Postgraduate,Near,Female,66,1,,0,0.0,
1043,19,67,High,Medium,1,8,92,Low,1,2,High,Medium,Public,Neutral,5,0,Postgraduate,Moderate,Female,68,1,,0,0.0,
1044,15,65,Medium,Medium,1,7,69,Medium,1,1,High,Medium,Public,Neutral,3,0,Postgraduate,Near,Female,64,1,,0,0.0,
1045,11,78,Low,High,1,8,65,Medium,1,0,Medium,Medium,Private,Neutral,2,0,High School,Near,Female,62,1,,0,0.0,
1046,12,68,High,Medium,1,6,68,Low,1,2,Medium,Medium,Public,Positive,4,0,College,Near,Male,64,1,,0,0.0,
1047,24,63,Medium,Low,0,6,99,Low,0,0,Low,Medium,Public,Positive,3,0,High School,Moderate,Female,62,1,,0,0.0,
1048,13,84,Low,Medium,0,10,71,Low,1,1,Medium,High,Public,Neutral,3,0,College,Moderate,Male,64,1,,0,0.0,
1049,11,78,Medium,Low,1,7,98,Low,1,2,Medium,Medium,Public,Neutral,3,0,High School,Near,Female,64,1,,0,0.0,
1050,12,71,Medium,High,1,8,78,Low,1,2,Medium,Medium,Public,Negative,2,0,Postgraduate,Near,Female,64,1,,0,0.0,
1051,19,67,Medium,Medium,1,6,55,Low,1,1,Medium,Medium,Public,Neutral,4,0,High School,Near,Male,63,1,,0,0.0,
1052,15,69,High,Low,1,6,75,Medium,0,2,Low,High,Public,Positive,2,0,High School,Near,Female,63,1,,0,0.0,
1053,18,64,Medium,High,1,5,76,Low,1,1,Low,Medium,Public,Positive,4,0,High School,Moderate,Male,64,1,,0,0.0,
1054,13,66,High,High,0,6,98,Low,1,1,High,High,Public,Positive,2,0,High School,Near,Male,65,1,,0,0.0,
1055,21,65,Medium,High,1,8,67,Low,0,1,Low,Medium,Public,Positive,4,0,High School,Near,Female,64,1,,0,0.0,
1056,10,63,Medium,High,0,4,77,Low,0,3,Low,Medium,Private,Neutral,3,0,High School,Near,Male,60,1,,0,0.0,
1057,17,79,Low,High,0,8,62,Low,1,1,Low,Medium,Public,Neutral,3,0,High School,Near,Female,64,1,,0,0.0,
1058,22,69,Medium,Medium,0,8,89,Low,0,0,Low,High,Public,Positive,5,0,High School,Moderate,Female,64,1,,0,0.0,
1059,25,68,Low,Medium,1,8,53,Low,1,2,Medium,Medium,Public,Neutral,3,0,College,Moderate,Female,64,1,,0,0.0,
1060,14,74,Low,Medium,1,7,66,Medium,1,0,Medium,High,Private,Negative,3,0,Postgraduate,Near,Male,63,1,,0,0.0,
1061,8,67,Medium,Medium,1,7,92,Medium,1,0,High,High,Private,Positive,2,0,College,Near,Male,63,1,,0,0.0,
1062,20,63,Low,Medium,1,7,75,Low,1,2,Medium,High,Public,Neutral,2,0,High School,Near,Female,63,1,,0,0.0,
1063,21,71,High,Medium,0,9,78,Low,1,2,Medium,Medium,Public,Neutral,4,0,High School,Near,Male,66,1,,0,0.0,
1064,20,70,Low,Medium,0,8,64,Low,1,0,Low,Low,Private,Positive,3,0,High School,Far,Male,61,1,,0,0.0,
1065,14,69,High,Medium,1,4,71,Medium,1,1,Medium,Medium,Public,Positive,4,0,High School,Near,Female,64,1,,0,0.0,
1066,19,68,Medium,Low,1,8,75,Low,1,1,Medium,Medium,Private,Neutral,4,0,Postgraduate,Near,Male,64,1,,0,0.0,
1067,17,67,Medium,Medium,0,6,59,Medium,1,0,Medium,Medium,Public,Negative,3,0,High School,Near,Female,61,1,,0,0.0,
1068,13,61,Medium,Low,1,8,85,Medium,1,4,Low,Medium,Private,Neutral,3,0,College,Moderate,Male,61,1,,0,0.0,
1069,13,62,Low,Medium,1,9,87,Medium,1,1,Low,Medium,Public,Negative,1,0,College,Moderate,Male,60,1,,0,0.0,
1070,7,84,Medium,High,0,7,67,Medium,1,1,Medium,Medium,Private,Neutral,3,0,College,Near,Male,64,1,,0,0.0,
1071,11,83,Medium,Low,1,6,55,Low,1,0,Low,Medium,Public,Positive,4,1,Postgraduate,Near,Female,62,1,,0,0.0,
1072,13,70,Medium,Medium,0,7,87,Medium,1,1,Low,Low,Public,Neutral,5,0,High School,Near,Male,62,1,,0,0.0,
1073,17,60,Low,Low,1,7,61,Medium,1,1,Low,Medium,Public,Positive,4,0,Postgraduate,Near,Female,61,1,,0,0.0,
1074,16,92,High,Low,1,6,58,Low,1,0,High,Medium,Private,Positive,4,0,High School,Near,Female,67,1,,0,0.0,
1075,8,71,High,Medium,1,5,77,Medium,0,0,High,Medium,Public,Neutral,4,0,High School,Moderate,Female,61,1,,0,0.0,
1076,13,65,Low,High,1,6,73,Medium,1,0,Low,Medium,Private,Positive,3,0,Postgraduate,Near,Female,62,1,,0,0.0,
1077,13,60,High,High,0,7,70,Medium,1,1,Medium,Medium,Public,Negative,3,0,College,Far,Female,61,1,,0,0.0,
1078,24,70,Medium,High,0,6,54,Low,1,1,High,Medium,Public,Neutral,1,0,High School,Moderate,Female,64,1,,0,0.0,
1079,15,86,High,Medium,1,8,66,Low,1,0,Medium,High,Private,Positive,5,0,College,Near,Male,68,1,,0,0.0,
1080,9,65,Low,Medium,1,7,89,Medium,1,2,Low,Medium,Public,Positive,4,0,High School,Moderate,Male,61,1,,0,0.0,
1081,18,76,Medium,Medium,0,8,88,Low,1,1,Medium,Medium,Public,Neutral,4,0,College,Near,Female,66,1,,0,0.0,
1082,16,65,Medium,Medium,0,5,77,Medium,1,1,High,High,Public,Positive,3,0,High School,Moderate,Male,63,1,,0,0.0,
1083,17,65,Medium,Medium,0,7,65,Medium,1,0,High,Medium,Private,Neutral,4,0,High School,Moderate,Male,62,1,,0,0.0,
1084,13,66,Medium,Medium,1,7,66,Low,1,3,Medium,Medium,Public,Negative,2,0,College,Near,Female,62,1,,0,0.0,
1085,16,64,Medium,Medium,0,7,65,Medium,1,2,Medium,High,Public,Neutral,4,0,High School,Near,Male,63,1,,0,0.0,
1086,8,71,High,Medium,0,8,55,High,1,1,Low,High,Public,Positive,2,0,College,Moderate,Male,62,1,,0,0.0,
1087,22,63,Medium,Medium,1,4,54,Medium,1,0,Medium,Medium,Private,Positive,3,0,High School,Moderate,Male,62,1,,0,0.0,
1088,21,76,Medium,Medium,1,7,64,Low,1,1,Medium,High,Private,Positive,2,0,High School,Moderate,Male,66,1,,0,0.0,
1089,29,72,Low,Medium,0,5,50,Low,1,0,Low,Medium,Public,Neutral,4,0,High School,Near,Female,64,1,,0,0.0,
1090,22,72,Low,High,0,6,78,Low,0,1,Low,High,Public,Neutral,3,0,Postgraduate,Near,Male,65,1,,0,0.0,
1091,6,76,Medium,Medium,1,8,63,Medium,1,5,Medium,Medium,Public,Neutral,3,0,College,Near,Male,64,1,,0,0.0,
1092,18,79,Low,High,0,4,74,Low,1,2,Low,Medium,Public,Negative,1,0,High School,Near,Female,64,1,,0,0.0,
1093,18,86,High,Medium,0,8,53,Low,1,5,Low,High,Private,Negative,3,0,High School,Near,Male,68,1,,0,0.0,
1094,19,87,High,Medium,0,8,50,Low,1,0,High,High,Public,Neutral,2,0,High School,Near,Female,67,1,,0,0.0,
1095,16,61,High,Medium,1,7,82,Medium,1,2,Low,Medium,Public,Negative,3,0,High School,Near,Female,63,1,,0,0.0,
1096,7,68,High,Medium,0,9,74,Medium,1,1,Low,High,Public,Positive,3,0,High School,Near,Female,62,1,,0,0.0,
1097,5,65,Low,High,0,7,71,Medium,1,0,Low,Medium,Private,Negative,2,0,College,Far,Male,56,1,,0,0.0,
1098,19,65,Low,High,0,10,58,Medium,1,2,Medium,High,Private,Positive,3,0,Postgraduate,Moderate,Female,64,1,,0,0.0,
1099,21,70,Medium,Medium,0,8,74,Low,1,2,Medium,Medium,Public,Positive,3,0,Postgraduate,Far,Male,65,1,,0,0.0,
1100,11,75,Low,High,0,8,64,Medium,1,3,Low,Medium,Public,Neutral,3,1,College,Moderate,Female,62,1,,0,0.0,
1101,24,61,Medium,Medium,0,10,64,Low,1,0,Low,Medium,Private,Positive,3,0,High School,Near,Female,62,1,,0,0.0,
1102,11,69,Low,Medium,1,8,65,Low,1,0,Low,Medium,Public,Negative,2,0,College,Moderate,Male,58,1,,0,0.0,
1103,16,66,Medium,Low,0,9,56,Medium,1,0,Low,High,Private,Positive,4,1,College,Near,Female,60,1,,0,0.0,
1104,16,62,Low,Low,0,7,89,High,1,0,Medium,Medium,Public,Neutral,3,0,High School,Far,Female,59,1,,0,0.0,
1105,14,62,Medium,Medium,0,5,64,Medium,1,2,Low,Medium,Public,Neutral,3,0,College,Near,Male,61,1,,0,0.0,
1106,13,93,Medium,High,1,7,51,Low,1,1,Low,High,Private,Neutral,3,0,High School,Near,Female,67,1,,0,0.0,
1107,18,85,Medium,Medium,1,6,57,Low,1,2,Medium,High,Public,Neutral,2,0,Postgraduate,Moderate,Male,67,1,,0,0.0,
1108,10,67,High,High,0,6,61,Medium,1,0,Low,High,Private,Neutral,2,0,High School,Near,Female,61,1,,0,0.0,
1109,17,77,High,Medium,1,4,77,Low,1,0,Medium,Medium,Private,Positive,4,0,High School,Near,Female,66,1,,0,0.0,
1110,19,64,High,Medium,0,9,57,Low,1,0,Medium,High,Private,Neutral,3,0,High School,Near,Female,62,1,,0,0.0,
1111,20,63,Medium,Medium,0,7,72,Low,1,3,Low,High,Public,Negative,5,1,Postgraduate,Near,Male,63,1,,0,0.0,
1112,14,74,High,Medium,0,5,63,Low,0,2,Low,High,Private,Positive,3,0,College,Far,Female,63,1,,0,0.0,
1113,18,61,Low,Low,0,9,54,Medium,1,0,Medium,Medium,Public,Neutral,2,0,College,Near,Female,59,1,,0,0.0,
1114,20,81,Low,Medium,0,6,54,Low,1,0,Low,Low,Public,Positive,2,0,College,Moderate,Female,63,1,,0,0.0,
1115,17,65,High,High,0,9,55,Medium,1,1,Medium,Medium,Public,Positive,2,0,High School,Near,Male,64,1,,0,0.0,
1116,15,70,Medium,Medium,0,6,73,Low,1,2,Medium,Low,Public,Positive,4,0,High School,Moderate,Male,63,1,,0,0.0,
1117,22,71,Medium,Medium,1,8,56,Low,1,0,Medium,High,Public,Neutral,2,0,Postgraduate,Near,Male,65,1,,0,0.0,
1118,22,60,Medium,Medium,1,5,52,Medium,1,0,Low,Medium,Public,Negative,2,0,High School,Near,Female,61,1,,0,0.0,
1119,19,84,Medium,Medium,1,7,56,Low,1,2,Low,Medium,Public,Neutral,3,0,High School,Moderate,Female,65,1,,0,0.0,
1120,12,97,Medium,Low,1,7,69,Low,1,0,Low,High,Public,Positive,5,0,High School,Near,Female,67,1,,0,0.0,
1121,22,80,Low,Low,0,4,57,Low,1,1,Low,Medium,Public,Neutral,3,0,Postgraduate,Moderate,Male,64,1,,0,0.0,
1122,14,70,Medium,Medium,1,9,51,Low,1,1,Low,High,Public,Negative,4,0,College,Near,Male,62,1,,0,0.0,
1123,19,68,Low,High,0,10,97,Low,0,0,Low,Medium,Public,Positive,3,0,College,Far,Female,62,1,,0,0.0,
1124,15,83,Medium,Low,1,7,83,Low,1,1,High,Medium,Public,Neutral,2,0,Postgraduate,Near,Female,66,1,,0,0.0,
1125,14,61,Medium,Medium,1,7,93,Low,1,3,Medium,High,Public,Negative,2,0,High School,Moderate,Male,62,1,,0,0.0,
1126,3,96,High,High,1,10,62,Medium,1,3,Low,Medium,Private,Neutral,4,0,High School,Far,Male,66,1,,0,0.0,
1127,16,72,Medium,High,0,5,53,Medium,1,1,High,High,Public,Positive,3,0,College,Near,Male,65,1,,0,0.0,
1128,19,61,Medium,Medium,0,6,66,Medium,1,0,High,Medium,Public,Neutral,1,0,High School,Near,Male,61,1,,0,0.0,
1129,20,66,Medium,High,1,6,91,Low,1,0,Medium,High,Public,Negative,5,0,High School,Far,Male,65,1,,0,0.0,
1130,15,68,Medium,High,0,6,55,Medium,0,0,High,Medium,Private,Positive,3,0,High School,Near,Female,62,1,,0,0.0,
1131,15,74,Low,Low,0,10,71,Medium,1,0,Low,High,Public,Negative,2,0,Postgraduate,Near,Male,61,1,,0,0.0,
1132,10,76,Medium,Low,1,7,79,Low,1,3,Medium,Medium,Private,Neutral,4,0,High School,Far,Female,62,1,,0,0.0,
1133,12,90,Medium,Low,1,7,87,Low,1,2,Low,High,Public,Neutral,2,0,Postgraduate,Far,Male,66,1,,0,0.0,
1134,14,74,High,High,1,6,96,Low,1,2,Low,High,Public,Neutral,4,0,College,Near,Male,68,1,,0,0.0,
1135,17,65,High,High,1,8,72,Low,1,1,Low,Medium,Public,Positive,4,0,College,Moderate,Male,65,1,,0,0.0,
1136,12,73,Low,Medium,0,7,82,Medium,0,1,Low,Medium,Public,Positive,3,0,High School,Far,Male,60,1,,0,0.0,
1137,14,69,High,Medium,0,6,55,Medium,1,3,Low,Low,Private,Positive,2,0,High School,Moderate,Male,62,1,,0,0.0,
1138,16,71,High,High,1,7,72,Low,1,1,Medium,Low,Private,Neutral,4,0,College,Moderate,Female,65,1,,0,0.0,
1139,19,61,Medium,High,0,7,97,Low,1,0,Medium,High,Public,Negative,3,1,College,Far,Male,62,1,,0,0.0,
1140,19,76,Low,High,1,10,70,Low,1,1,Low,Medium,Public,Negative,3,0,College,Far,Female,63,1,,0,0.0,
1141,20,77,High,Medium,0,8,55,Low,1,1,Medium,Medium,Public,Negative,3,0,College,Far,Female,64,1,,0,0.0,
1142,7,89,High,Low,1,6,53,Medium,1,3,Low,High,Private,Neutral,2,0,High School,Moderate,Male,64,1,,0,0.0,
1143,9,64,Medium,Low,1,10,68,Low,1,0,Medium,Medium,Private,Negative,3,0,High School,Near,Male,57,1,,0,0.0,
1144,15,67,Low,Medium,1,5,65,Medium,1,4,Medium,Medium,Private,Negative,2,0,College,Near,Male,63,1,,0,0.0,
1145,17,71,Medium,Medium,1,6,58,Medium,1,3,Medium,Medium,Private,Positive,3,1,High School,Near,Male,64,1,,0,0.0,
1146,14,77,High,Low,0,7,54,Medium,1,1,Medium,High,Public,Negative,2,0,High School,Moderate,Male,62,1,,0,0.0,
1147,14,83,Low,Low,0,4,81,Low,1,1,Low,Medium,Public,Negative,4,1,High School,Moderate,Male,61,1,,0,0.0,
1148,19,80,High,Low,0,6,63,Low,1,1,Low,Medium,Public,Neutral,3,0,High School,Near,Male,64,1,,0,0.0,
1149,14,76,Low,Medium,0,7,64,Medium,1,3,Medium,Medium,Private,Positive,3,0,College,Near,Male,64,1,,0,0.0,
1150,12,67,High,Medium,0,7,58,Medium,1,0,High,Medium,Public,Neutral,2,1,High School,Far,Male,59,1,,0,0.0,
1151,15,63,Medium,Medium,1,6,86,Low,1,4,High,Medium,Public,Positive,5,0,High School,Near,Male,65,1,,0,0.0,
1152,12,79,Medium,Medium,1,7,99,Low,1,2,Medium,Medium,Public,Negative,2,1,High School,Near,Female,64,1,,0,0.0,
1153,13,91,Medium,Low,1,9,71,Low,1,1,Low,Medium,Public,Positive,2,0,College,Far,Male,64,1,,0,0.0,
1154,16,61,High,Medium,1,7,81,Low,1,2,Medium,Medium,Public,Neutral,1,0,High School,Near,Female,63,1,,0,0.0,
1155,19,73,Medium,Medium,1,6,64,Low,1,4,Medium,Medium,Public,Positive,5,1,College,Near,Female,66,1,,0,0.0,
1156,10,63,High,Medium,0,9,59,Low,1,0,Medium,High,Public,Positive,5,0,Postgraduate,Moderate,Male,61,1,,0,0.0,
1157,10,64,Medium,Low,0,9,76,Low,1,1,Low,Medium,Private,Positive,1,0,High School,Near,Female,58,1,,0,0.0,
1158,23,72,Low,Medium,1,4,66,Low,0,3,Low,Medium,Private,Positive,4,0,Postgraduate,Near,Female,66,1,,0,0.0,
1159,19,62,High,Low,1,8,60,Medium,1,1,Low,Medium,Public,Positive,2,0,College,Far,Female,61,1,,0,0.0,
1160,6,66,High,Medium,1,7,62,Low,1,2,Low,Medium,Public,Neutral,4,0,Postgraduate,Near,Male,61,1,,0,0.0,
1161,5,93,Low,Low,0,7,63,Medium,1,2,Medium,High,Public,Neutral,3,0,Postgraduate,Near,Male,64,1,,0,0.0,
1162,15,78,High,Low,1,7,77,Low,1,0,High,Medium,Public,Neutral,3,0,College,Near,Male,65,1,,0,0.0,
1163,18,61,Low,Medium,1,7,67,Medium,1,5,High,High,Public,Positive,2,0,Postgraduate,Near,Male,66,1,,0,0.0,
1164,13,71,Low,Low,0,9,73,Low,1,1,High,High,Private,Neutral,3,0,High School,Moderate,Male,61,1,,0,0.0,
1165,10,65,Low,High,0,7,55,Medium,1,0,Low,High,Public,Neutral,3,0,High School,Near,Female,59,1,,0,0.0,
1166,19,63,Medium,Medium,1,6,78,Low,1,3,Medium,Medium,Public,Neutral,2,1,College,Near,Male,63,1,,0,0.0,
1167,20,66,Medium,Medium,1,6,55,Low,1,1,High,High,Public,Negative,3,0,Postgraduate,Moderate,Female,64,1,,0,0.0,
1168,21,70,Low,Low,0,8,73,Low,1,0,High,Medium,Public,Neutral,4,0,College,Near,Male,63,1,,0,0.0,
1169,13,60,High,Low,0,10,64,Low,1,1,Medium,Medium,Public,Neutral,4,0,College,Far,Male,59,1,,0,0.0,
1170,16,64,Medium,High,1,7,70,Medium,1,5,Low,Low,Public,Positive,4,0,High School,Moderate,Male,65,1,,0,0.0,
1171,11,68,High,Medium,1,5,87,Medium,1,1,Low,Medium,Public,Positive,4,1,High School,Far,Male,62,1,,0,0.0,
1172,7,96,High,Low,0,6,50,Medium,1,1,High,Medium,Private,Negative,3,0,College,Near,Male,65,1,,0,0.0,
1173,14,80,High,Medium,0,10,56,Low,1,1,Low,Medium,Public,Positive,3,0,Postgraduate,Moderate,Female,65,1,,0,0.0,
1174,14,77,Medium,Medium,1,6,77,Low,1,1,Low,High,Private,Neutral,2,0,College,Near,Male,64,1,,0,0.0,
1175,12,90,High,High,0,8,67,Low,1,2,Low,Low,Public,Neutral,3,0,High School,Near,Female,67,1,,0,0.0,
1176,9,64,Medium,High,1,6,99,Medium,1,6,Low,High,Public,Positive,6,1,High School,Moderate,Male,65,1,,0,0.0,
1177,7,62,High,Medium,1,7,74,Medium,1,3,Medium,Medium,Public,Neutral,3,0,Postgraduate,Near,Female,62,1,,0,0.0,
1178,16,72,Low,Medium,0,9,52,Medium,1,1,Medium,High,Public,Negative,1,1,College,Moderate,Female,60,1,,0,0.0,
1179,16,66,Medium,Medium,1,7,95,Low,1,1,Medium,Medium,Public,Positive,4,0,College,Near,Male,65,1,,0,0.0,
1180,10,98,Medium,Low,1,10,66,Low,1,1,Low,High,Public,Negative,2,0,College,Near,Female,66,1,,0,0.0,
1181,22,62,Low,Medium,0,8,60,Low,0,0,Medium,High,Public,Positive,2,0,College,Near,Male,61,1,,0,0.0,
1182,22,72,Medium,High,1,7,62,Low,1,5,High,Medium,Private,Neutral,2,0,College,Moderate,Female,68,1,,0,0.0,
1183,6,80,Medium,Medium,1,9,92,Low,1,5,Low,Medium,Public,Neutral,2,0,Postgraduate,Moderate,Male,65,1,,0,0.0,
1184,11,74,High,Medium,0,8,68,Low,1,0,Medium,Medium,Public,Positive,3,0,High School,Moderate,Male,62,1,,0,0.0,
1185,11,68,Low,High,1,8,50,Low,1,2,Low,High,Private,Positive,4,0,High School,Near,Female,61,1,,0,0.0,
1186,18,83,Medium,High,1,6,64,Low,0,1,Medium,High,Private,Negative,3,0,High School,Near,Female,66,1,,0,0.0,
1187,12,88,High,Medium,0,6,52,Low,0,1,Medium,High,Public,Negative,1,0,High School,Near,Male,63,1,,0,0.0,
1188,5,61,High,Medium,0,9,84,High,1,1,Medium,Medium,Public,Neutral,3,0,College,Near,Male,60,1,,0,0.0,
1189,3,60,Medium,Low,1,6,78,Low,1,1,Low,Medium,Public,Positive,1,0,Postgraduate,Near,Female,57,1,,0,0.0,
1190,19,79,Medium,Medium,1,9,60,Low,1,1,Low,Medium,Public,Neutral,3,1,High School,Near,Female,63,1,,0,0.0,
1191,9,67,Medium,High,1,8,54,Medium,1,3,Medium,High,Private,Positive,5,0,College,Moderate,Male,63,1,,0,0.0,
1192,13,70,Medium,Medium,1,6,53,Medium,1,2,Low,Medium,Public,Negative,0,1,College,Moderate,Female,60,1,,0,0.0,
1193,9,91,Medium,Low,0,4,88,Low,1,2,Medium,Medium,Public,Neutral,4,1,Postgraduate,Near,Female,65,1,,0,0.0,
1194,21,62,Low,High,1,7,50,Low,0,1,High,Medium,Public,Negative,2,0,High School,Moderate,Female,60,1,,0,0.0,
1195,22,63,Low,Low,1,7,53,Medium,1,1,High,Medium,Public,Neutral,4,0,High School,Near,Male,62,1,,0,0.0,
1196,14,66,Low,Medium,1,6,96,Low,1,0,High,Medium,Public,Negative,3,0,College,Moderate,Male,61,1,,0,0.0,
1197,11,75,High,High,1,9,77,Medium,0,1,High,High,Private,Neutral,2,1,College,Moderate,Male,64,1,,0,0.0,
1198,12,66,Low,High,1,7,83,Medium,0,1,Medium,Medium,Public,Neutral,3,0,High School,Near,Male,61,1,,0,0.0,
1199,11,70,Medium,High,1,6,89,Low,1,2,Medium,Medium,Public,Positive,4,0,High School,Near,Female,64,1,,0,0.0,
1200,11,78,High,High,0,8,63,Low,1,1,Low,Medium,Public,Neutral,3,0,High School,Near,Female,64,1,,0,0.0,
1201,20,67,Medium,Medium,0,6,93,Low,0,1,Low,Medium,Public,Negative,3,1,College,Near,Male,62,1,,0,0.0,
1202,15,65,Medium,High,1,6,55,Low,1,2,Medium,Medium,Private,Positive,3,0,High School,Near,Female,63,1,,0,0.0,
1203,20,71,High,Medium,1,8,60,Low,1,0,Medium,Medium,Public,Neutral,2,0,High School,Near,Male,64,1,,0,0.0,
1204,12,74,Low,Medium,0,8,54,Medium,1,2,Medium,Medium,Private,Positive,5,0,Postgraduate,Moderate,Female,63,1,,0,0.0,
1205,16,94,Low,Low,1,8,56,Low,1,2,Low,High,Public,Positive,2,0,College,Near,Female,66,1,,0,0.0,
1206,16,79,Medium,Medium,1,6,67,Low,0,2,Medium,High,Private,Positive,3,0,College,Near,Male,65,1,,0,0.0,
1207,17,93,Medium,Low,1,5,50,Low,1,3,High,Medium,Public,Positive,2,0,High School,Moderate,Male,67,1,,0,0.0,
1208,15,94,High,Medium,1,8,52,Low,1,1,Medium,Medium,Private,Positive,2,0,College,Far,Female,67,1,,0,0.0,
1209,13,72,Medium,High,0,8,56,Low,1,1,Low,High,Public,Positive,4,0,Postgraduate,Moderate,Female,64,1,,0,0.0,
1210,13,60,Low,Medium,0,5,67,High,1,1,Low,Medium,Public,Positive,4,1,High School,Far,Male,58,1,,0,0.0,
1211,14,63,High,Low,0,7,79,Medium,1,1,Low,Medium,Public,Neutral,3,0,High School,Near,Male,61,1,,0,0.0,
1212,19,80,High,Medium,1,6,69,Low,1,1,Low,Low,Private,Neutral,4,1,College,Near,Male,66,1,,0,0.0,
1213,10,61,High,Low,1,10,79,Medium,1,4,High,High,Public,Positive,2,1,College,Moderate,Male,62,1,,0,0.0,
1214,20,62,High,Medium,1,7,91,Low,1,1,Medium,Low,Public,Negative,3,0,College,Near,Male,64,1,,0,0.0,
1215,21,63,Low,Medium,1,6,77,Low,1,3,Medium,High,Public,Negative,1,0,High School,Near,Male,63,1,,0,0.0,
1216,18,69,Medium,Low,0,7,54,Medium,1,1,Low,High,Public,Neutral,4,0,High School,Moderate,Male,61,1,,0,0.0,
1217,11,85,Medium,Low,0,10,80,Low,0,0,Low,High,Public,Positive,3,0,College,Near,Female,63,1,,0,0.0,
1218,15,64,High,Medium,1,7,67,Medium,1,2,Low,High,Public,Positive,3,0,High School,Near,Male,64,1,,0,0.0,
1219,10,62,High,High,0,7,51,Medium,1,1,Medium,High,Private,Positive,2,0,High School,Near,Male,61,1,,0,0.0,
1220,25,64,Medium,Medium,1,4,53,Low,1,1,Medium,Medium,Public,Neutral,2,0,College,Near,Male,64,1,,0,0.0,
1221,12,86,High,Medium,1,5,76,Low,0,2,High,Medium,Public,Positive,3,0,Postgraduate,Near,Female,68,1,,0,0.0,
1222,18,66,Medium,High,1,9,59,Medium,0,0,Low,Medium,Private,Positive,3,0,High School,Near,Male,62,1,,0,0.0,
1223,15,68,Medium,Medium,1,5,67,Medium,1,3,Medium,High,Private,Negative,4,0,Postgraduate,Moderate,Male,64,1,,0,0.0,
1224,23,62,High,High,1,9,54,Low,1,3,Low,Medium,Private,Neutral,4,0,High School,Near,Male,65,1,,0,0.0,
1225,15,74,Medium,Medium,1,4,92,Low,1,1,Medium,Medium,Private,Positive,3,0,Postgraduate,Near,Male,66,1,,0,0.0,
1226,28,69,High,High,1,7,54,Low,0,1,Low,Medium,Public,Neutral,2,0,College,Far,Male,65,1,,0,0.0,
1227,19,76,High,Low,1,9,78,Low,1,1,Low,Medium,Public,Negative,1,0,Postgraduate,Near,Female,65,1,,0,0.0,
1228,19,61,High,Medium,1,6,52,Low,0,1,Low,Medium,Public,Neutral,3,0,High School,Far,Female,59,1,,0,0.0,
1229,13,69,Medium,Low,1,7,53,High,0,2,Medium,Medium,Private,Negative,3,1,High School,Near,Female,59,1,,0,0.0,
1230,22,63,Medium,Medium,0,9,87,Low,1,0,High,High,Public,Negative,2,0,College,Moderate,Female,63,1,,0,0.0,
1231,23,62,High,Medium,1,6,92,Low,1,0,High,Medium,Public,Neutral,2,0,High School,Moderate,Male,65,1,,0,0.0,
1232,15,74,High,High,0,8,60,Low,1,3,Low,Medium,Public,Positive,5,0,High School,Moderate,Male,66,1,,0,0.0,
1233,15,64,Medium,Medium,0,8,93,Medium,1,0,Low,Medium,Public,Negative,2,0,High School,Near,Female,61,1,,0,0.0,
1234,21,69,Medium,Medium,1,10,92,Low,1,2,Low,Medium,Private,Neutral,3,0,High School,Near,Male,65,1,,0,0.0,
1235,15,67,Low,Medium,1,5,59,Low,1,0,Low,Medium,Private,Neutral,3,0,High School,Near,Male,59,1,,0,0.0,
1236,11,77,Low,Low,1,6,92,Low,1,0,Low,Medium,Public,Neutral,5,0,High School,Near,Male,61,1,,0,0.0,
1237,20,68,High,High,0,6,76,Low,1,2,Medium,Medium,Public,Neutral,3,0,High School,Near,Female,66,1,,0,0.0,
1238,15,80,Medium,Medium,1,7,57,Low,1,1,Low,Medium,Private,Negative,4,0,High School,Near,Male,63,1,,0,0.0,
1239,13,74,Medium,Medium,0,6,64,Low,1,4,High,High,Private,Neutral,3,1,High School,Near,Male,63,1,,0,0.0,
1240,17,74,Medium,Low,1,8,98,Low,1,1,High,High,Public,Neutral,3,0,High School,Near,Female,65,1,,0,0.0,
1241,15,71,High,Low,0,6,68,Low,0,5,Low,Medium,Public,Positive,4,0,College,Near,Female,64,1,,0,0.0,
1242,14,84,High,Medium,0,6,51,Low,1,4,High,Medium,Public,Neutral,3,0,High School,Near,Male,67,1,,0,0.0,
1243,15,89,Medium,Medium,0,6,56,Low,1,2,Medium,Medium,Public,Positive,4,0,College,Near,Male,67,1,,0,0.0,
1244,10,81,Medium,High,0,8,63,Medium,1,1,Low,Low,Public,Neutral,2,0,High School,Near,Male,64,1,,0,0.0,
1245,14,62,Low,Medium,0,8,87,Medium,1,1,Medium,Medium,Public,Positive,1,0,High School,Moderate,Male,60,1,,0,0.0,
1246,16,79,Medium,Medium,0,8,82,Low,1,2,Low,Medium,Private,Neutral,3,1,Postgraduate,Moderate,Female,64,1,,0,0.0,
1247,4,91,Medium,Medium,0,4,86,Low,1,3,Low,Medium,Private,Neutral,4,1,College,Moderate,Male,64,1,,0,0.0,
1248,17,67,Low,Low,1,7,62,Medium,1,0,Low,Medium,Public,Positive,4,0,High School,Moderate,Female,60,1,,0,0.0,
1249,18,64,Medium,Medium,1,6,51,Medium,1,2,Low,Medium,Public,Positive,1,0,High School,Near,Female,62,1,,0,0.0,
1250,13,100,Low,Low,1,4,54,Low,1,3,Low,Low,Public,Positive,2,0,High School,Near,Female,65,1,,0,0.0,
1251,20,76,Medium,Medium,0,9,64,Low,1,2,Low,Medium,Public,Negative,2,0,College,Moderate,Male,64,1,,0,0.0,
1252,17,64,Medium,Medium,1,6,60,Medium,1,1,Medium,Medium,Private,Positive,2,1,High School,Near,Male,61,1,,0,0.0,
1253,12,71,Medium,Medium,0,8,54,Medium,1,0,Low,Low,Public,Positive,5,0,College,Near,Male,61,1,,0,0.0,
1254,22,75,Medium,High,0,6,54,Low,1,4,Low,High,Public,Positive,4,0,High School,Near,Male,68,1,,0,0.0,
1255,5,96,Medium,Low,1,8,72,Low,1,3,Medium,Medium,Public,Negative,5,0,High School,Near,Male,65,1,,0,0.0,
1256,23,71,Medium,Medium,1,6,63,Low,1,1,Low,High,Public,Positive,5,0,High School,Moderate,Male,66,1,,0,0.0,
1257,24,76,High,Medium,0,10,55,Low,1,2,Low,Medium,Public,Positive,4,0,High School,Near,Male,67,1,,0,0.0,
1258,10,88,Low,Medium,0,9,60,Medium,1,1,Low,Medium,Public,Positive,3,0,High School,Moderate,Female,63,1,,0,0.0,
1259,7,73,Medium,Medium,1,7,75,Medium,1,1,High,High,Private,Positive,3,0,College,Near,Male,64,1,,0,0.0,
1260,14,93,Medium,Low,1,5,75,Low,1,0,Medium,High,Public,Negative,3,0,High School,Moderate,Male,65,1,,0,0.0,
1261,18,65,Medium,Medium,1,6,53,Medium,1,1,Medium,Medium,Private,Positive,3,1,Postgraduate,Near,Male,63,1,,0,0.0,
1262,16,61,Medium,Low,0,4,86,Medium,1,3,Medium,High,Public,Positive,4,0,High School,Near,Female,63,1,,0,0.0,
1263,23,64,High,Medium,1,6,60,Low,1,2,Medium,Medium,Public,Negative,3,0,College,Near,Female,65,1,,0,0.0,
1264,8,68,High,Medium,1,7,96,Medium,1,2,Low,High,Public,Positive,3,0,Postgraduate,Near,Female,65,1,,0,0.0,
1265,15,65,Medium,Low,1,8,51,Medium,1,1,High,Medium,Public,Positive,3,0,High School,Moderate,Female,61,1,,0,0.0,
1266,20,68,Low,Medium,1,6,80,Low,1,4,Low,Medium,Private,Neutral,4,0,College,Near,Female,65,1,,0,0.0,
1267,27,60,High,High,0,6,53,Low,1,3,Low,Low,Private,Positive,2,0,High School,Moderate,Female,65,1,,0,0.0,
1268,17,79,Low,Low,1,10,88,Low,1,3,Medium,High,Private,Neutral,3,0,High School,Moderate,Female,65,1,,0,0.0,
1269,12,65,Low,Medium,0,7,65,Medium,1,2,Medium,Medium,Public,Neutral,2,0,High School,Near,Male,60,1,,0,0.0,
1270,12,64,High,High,1,9,81,Medium,0,1,High,High,Public,Neutral,3,0,High School,Moderate,Male,63,1,,0,0.0,
1271,17,74,Low,Medium,0,9,50,Medium,1,0,Low,High,Public,Negative,2,0,High School,Far,Female,60,1,,0,0.0,
1272,17,81,Low,Medium,1,8,78,Low,1,1,Low,High,Private,Positive,4,0,College,Moderate,Male,66,1,,0,0.0,
1273,17,62,Medium,Medium,1,7,78,Medium,1,0,Medium,High,Public,Negative,3,0,High School,Near,Male,62,1,,0,0.0,
1274,8,65,Medium,Medium,0,7,83,Low,1,3,Medium,Medium,Public,Negative,4,0,High School,Near,Female,60,1,,0,0.0,
1275,19,77,Medium,Low,0,9,57,Low,1,4,Medium,Medium,Public,Neutral,3,1,High School,Near,Female,64,1,,0,0.0,
1276,8,64,Medium,Medium,1,7,66,Medium,1,1,Low,Medium,Private,Positive,3,0,College,Near,Male,60,1,,0,0.0,
1277,19,81,Medium,Low,1,10,56,Low,1,1,Medium,High,Public,Positive,3,0,High School,Near,Male,65,1,,0,0.0,
1278,25,68,Low,Medium,0,6,62,Low,1,1,Low,High,Private,Negative,4,0,College,Moderate,Female,63,1,,0,0.0,
1279,20,63,Low,Low,0,9,53,Low,1,1,Medium,Medium,Public,Positive,4,0,High School,Near,Male,60,1,,0,0.0,
1280,11,61,Medium,Medium,1,5,61,Medium,1,3,Medium,High,Public,Neutral,0,1,Postgraduate,Near,Male,60,1,,0,0.0,
1281,12,82,High,Low,0,6,65,Low,1,3,Medium,Medium,Private,Negative,3,0,High School,Near,Female,64,1,,0,0.0,
1282,15,75,Medium,High,0,6,83,Low,1,1,High,Medium,Private,Negative,2,0,High School,Near,Female,65,1,,0,0.0,
1283,22,66,Medium,Medium,1,6,97,Low,1,0,High,Low,Public,Neutral,3,0,High School,Moderate,Female,64,1,,0,0.0,
1284,12,72,Medium,Medium,0,7,67,Low,1,0,Low,Medium,Public,Positive,2,0,High School,Near,Female,61,1,,0,0.0,
1285,16,73,High,High,1,7,65,Low,1,1,Medium,Medium,Private,Positive,4,0,College,Moderate,Male,66,1,,0,0.0,
1286,4,60,Medium,Medium,1,7,55,Medium,1,2,Low,Medium,Private,Neutral,2,0,Postgraduate,Near,Male,58,1,,0,0.0,
1287,21,76,Medium,Medium,1,6,65,Low,1,2,Low,High,Public,Negative,2,0,High School,Near,Female,65,1,,0,0.0,
1288,12,80,Medium,High,1,6,61,Medium,1,0,High,High,Private,Neutral,2,0,High School,Near,Male,65,1,,0,0.0,
1289,9,78,High,Medium,0,9,57,Low,1,1,Low,High,Public,Positive,5,0,High School,Moderate,Female,63,1,,0,0.0,
1290,12,92,Low,Medium,0,6,71,Low,1,0,Medium,High,Private,Negative,4,0,High School,Near,Male,64,1,,0,0.0,
1291,15,77,High,Medium,1,5,65,Low,0,2,Low,Medium,Public,Positive,4,1,Postgraduate,Near,Male,65,1,,0,0.0,
1292,6,67,Medium,Low,1,6,99,Low,1,0,Medium,Medium,Private,Neutral,2,0,College,Near,Male,60,1,,0,0.0,
1293,18,69,Low,Low,1,10,89,Low,1,2,Low,High,Public,Neutral,1,1,High School,Moderate,Male,61,1,,0,0.0,
1294,13,69,Medium,Low,0,8,70,Medium,1,1,High,High,Private,Neutral,3,0,High School,Moderate,Male,61,1,,0,0.0,
1295,16,83,Low,Medium,0,5,63,Low,1,2,High,Medium,Private,Positive,3,1,High School,Moderate,Female,64,1,,0,0.0,
1296,13,75,High,High,1,5,51,Medium,1,3,Medium,Medium,Private,Negative,3,0,High School,Near,Female,65,1,,0,0.0,
1297,24,68,Medium,Low,1,7,70,Low,1,1,Low,Low,Public,Neutral,3,0,College,Near,Male,64,1,,0,0.0,
1298,8,77,Medium,Low,1,7,90,Low,1,1,Medium,Medium,Public,Neutral,0,0,High School,Moderate,Male,61,1,,0,0.0,
1299,19,61,Medium,Medium,0,7,51,Low,1,1,Low,High,Public,Neutral,1,0,High School,Near,Female,60,1,,0,0.0,
1300,15,68,High,Medium,0,8,70,Medium,1,3,Medium,High,Public,Negative,3,0,High School,Near,Female,64,1,,0,0.0,
1301,14,77,Medium,Medium,1,4,81,Low,1,3,Medium,Medium,Private,Neutral,3,0,College,Near,Female,66,1,,0,0.0,
1302,27,63,Medium,Medium,1,8,55,Low,1,1,Medium,Medium,Private,Neutral,3,0,Postgraduate,Near,Female,65,1,,0,0.0,
1303,13,79,High,Medium,0,9,53,Medium,0,1,Medium,Medium,Private,Positive,2,0,College,Moderate,Male,63,1,,0,0.0,
1304,26,63,Medium,High,0,8,63,Low,1,1,High,High,Public,Neutral,3,0,Postgraduate,Near,Male,67,1,,0,0.0,
1305,18,63,Medium,Medium,1,7,66,Low,1,2,Medium,Medium,Private,Negative,2,0,College,Near,Female,62,1,,0,0.0,
1306,13,60,Medium,Medium,1,6,66,Medium,1,1,Medium,High,Public,Positive,5,1,College,Moderate,Male,61,1,,0,0.0,
1307,4,61,Low,High,1,6,63,Medium,1,4,Medium,Medium,Public,Neutral,3,0,High School,Moderate,Male,59,1,,0,0.0,
1308,17,65,Medium,Medium,0,6,61,Medium,1,5,Low,Medium,Public,Positive,4,0,High School,Near,Female,64,1,,0,0.0,
1309,4,80,Low,Medium,1,8,51,Medium,1,4,Medium,High,Public,Negative,5,0,High School,Near,Male,62,1,,0,0.0,
1310,20,63,Medium,Medium,1,4,86,Low,1,0,High,Medium,Public,Neutral,3,0,College,Near,Male,64,1,,0,0.0,
1311,19,62,Medium,Medium,1,8,86,Low,1,1,High,Medium,Public,Positive,3,0,College,Near,Male,65,1,,0,0.0,
1312,18,83,Medium,High,0,4,65,Low,1,3,Low,Medium,Public,Positive,4,0,College,Moderate,Male,68,1,,0,0.0,
1313,12,91,Medium,Low,1,8,81,Low,1,0,Low,Low,Public,Positive,4,0,High School,Moderate,Male,64,1,,0,0.0,
1314,16,77,Medium,Low,1,8,54,Medium,0,0,Medium,Medium,Public,Negative,3,0,Postgraduate,Near,Male,62,1,,0,0.0,
1315,22,76,Low,High,0,5,65,Low,1,0,Medium,High,Public,Neutral,3,0,High School,Far,Female,64,1,,0,0.0,
1316,9,90,High,High,1,7,79,Low,1,4,High,High,Public,Positive,4,0,High School,Near,Male,70,1,,0,0.0,
1317,9,87,Low,Medium,1,6,64,Medium,1,1,High,Medium,Public,Neutral,2,0,High School,Near,Female,64,1,,0,0.0,
1318,20,83,Medium,Low,0,6,51,Low,1,2,Medium,Medium,Public,Neutral,4,0,High School,Moderate,Female,65,1,,0,0.0,
