student_id,baseline_risk_prob,baseline_risk_category,followup_risk_prob,followup_risk_category,risk_change,risk_change_pct,status
0,0.6059970653660494,High Risk,0.5645882438668668,Medium Risk,-0.04140882149918257,-6.833171951776662,Stable
1,0.9228928685254538,High Risk,0.7072218523694439,High Risk,-0.21567101615600992,-23.369019689208013,Improved
2,0.8025966679962728,High Risk,0.5706789054782884,Medium Risk,-0.23191776251798446,-28.89592889750963,Improved
3,0.72926216630837,High Risk,0.6331500982193043,High Risk,-0.0961120680890657,-13.179357510838496,Improved
4,0.48581025224334007,Medium Risk,0.3761541373243161,Medium Risk,-0.109656114919024,-22.57179925962076,Improved
5,0.48579698618491146,Medium Risk,0.3441929497789569,Medium Risk,-0.14160403640595454,-29.148809159564248,Improved
6,0.4319459866925097,Medium Risk,0.38192176469282535,Medium Risk,-0.05002422199968437,-11.581129016321945,Improved
7,0.8763968801762143,High Risk,0.7918274320271453,High Risk,-0.08456944814906897,-9.649674714960744,Improved
8,0.7306132564587648,High Risk,0.6104659946736882,High Risk,-0.12014726178507662,-16.444714179896298,Improved
9,0.7894399177878251,High Risk,0.4866404070902566,Medium Risk,-0.3027995106975685,-38.35624521573165,Improved
10,0.41132147186269136,Medium Risk,0.3283221493344806,Medium Risk,-0.08299932252821074,-20.178699194171376,Improved
11,0.9334504186890968,High Risk,0.80944453552895,High Risk,-0.12400588316014682,-13.284678080095148,Improved
12,0.8578434524402319,High Risk,0.555690446768134,Medium Risk,-0.3021530056720979,-35.22239457707462,Improved
13,0.5167865108730519,Medium Risk,0.3514327924352001,Medium Risk,-0.16535371843785185,-31.996523701538877,Improved
14,0.5000037319639054,Medium Risk,0.4544400352692246,Medium Risk,-0.045563696694680744,-9.112671322615235,Stable
15,0.5008724804193886,Medium Risk,0.30405093410883355,Medium Risk,-0.19682154631055504,-39.295739735142405,Improved
16,0.5673332336277457,Medium Risk,0.4898664325764064,Medium Risk,-0.0774668010513393,-13.654550176090858,Improved
17,0.6886160373977308,High Risk,0.5273563829992937,Medium Risk,-0.16125965439843715,-23.41793476199521,Improved
18,0.6375697602531637,High Risk,0.482238802521603,Medium Risk,-0.1553309577315607,-24.36297444061376,Improved
19,0.5601760271089231,Medium Risk,0.33749697384808625,Medium Risk,-0.22267905326083687,-39.75162136267894,Improved
20,0.7365190920973087,High Risk,0.6531373096565389,High Risk,-0.08338178244076977,-11.321061916172757,Improved
21,0.476721623358623,Medium Risk,0.3460706827798855,Medium Risk,-0.1306509405787375,-27.406128477720177,Improved
22,0.56067955669437,Medium Risk,0.4425264160682208,Medium Risk,-0.11815314062614918,-21.073202904481,Improved
23,0.6014990138115304,High Risk,0.5034879014965884,Medium Risk,-0.09801111231494197,-16.294475978251914,Improved
24,0.6508384913193698,High Risk,0.5505575255114492,Medium Risk,-0.10028096580792056,-15.407964824672943,Improved
25,0.8318467787661574,High Risk,0.7774381936343969,High Risk,-0.0544085851317605,-6.54069794108747,Improved
26,0.5098205801870979,Medium Risk,0.4007031632447445,Medium Risk,-0.10911741694235338,-21.403101636718674,Improved
27,0.6828289411274864,High Risk,0.5052263918854297,Medium Risk,-0.17760254924205665,-26.00981571589504,Improved
28,0.7258280128741234,High Risk,0.6777754905550366,High Risk,-0.04805252231908674,-6.620373072790213,Stable
29,0.42554772699599874,Medium Risk,0.3509656290461912,Medium Risk,-0.07458209794980752,-17.526141774106758,Improved
30,0.7341496685457911,High Risk,0.5171002459605096,Medium Risk,-0.21704942258528148,-29.564737530320556,Improved
31,0.49378826802801035,Medium Risk,0.31812925706366074,Medium Risk,-0.1756590109643496,-35.57375141087501,Improved
32,0.43577837614190373,Medium Risk,0.389975487045984,Medium Risk,-0.04580288909591973,-10.51059244871866,Stable
33,0.9218870454893332,High Risk,0.6699939119992719,High Risk,-0.25189313349006126,-27.323643902204697,Improved
34,0.9310976181910076,High Risk,0.7738951954719996,High Risk,-0.15720242271900797,-16.883559752244913,Improved
35,0.8446185414640536,High Risk,0.6459522219761857,High Risk,-0.19866631948786784,-23.52142532219356,Improved
36,0.5675375730453539,Medium Risk,0.38003758737817533,Medium Risk,-0.18749998566717857,-33.03745770717365,Improved
37,0.45371966270351116,Medium Risk,0.36778076341288063,Medium Risk,-0.08593889929063053,-18.940968698283722,Improved
38,0.7763281645816862,High Risk,0.48228539018789524,Medium Risk,-0.29404277439379095,-37.87609258672611,Improved
39,0.6420838715567807,High Risk,0.4781405073535828,Medium Risk,-0.16394336420319788,-25.533013904508277,Improved
40,0.4671210291646284,Medium Risk,0.3696399841091364,Medium Risk,-0.09748104505549199,-20.868477111771508,Improved
41,0.6723473005611986,High Risk,0.506019632424996,Medium Risk,-0.1663276681362026,-24.73835590584974,Improved
42,0.41891368661337014,Medium Risk,0.36111836931775737,Medium Risk,-0.05779531729561277,-13.796473866215322,Improved
43,0.9001262211433301,High Risk,0.8009086689397954,High Risk,-0.09921755220353468,-11.022626590914069,Improved
44,0.5423289898800093,Medium Risk,0.4717910109803339,Medium Risk,-0.07053797889967545,-13.00649240883878,Improved
45,0.7643872563946901,High Risk,0.46901619677847284,Medium Risk,-0.29537105961621724,-38.641546826586925,Improved
46,0.571441091849176,Medium Risk,0.38169125989955016,Medium Risk,-0.18974983194962586,-33.20549303439097,Improved
47,0.6860374116477959,High Risk,0.5404689363428091,Medium Risk,-0.14556847530498673,-21.218737175767902,Improved
48,0.7006906536388038,High Risk,0.6496717654773668,High Risk,-0.05101888816143696,-7.281228584466961,Improved
49,0.5016699505390398,Medium Risk,0.447607423738345,Medium Risk,-0.05406252680069484,-10.776512873175909,Improved
50,0.9332715452705072,High Risk,0.8351726460559289,High Risk,-0.09809889921457826,-10.511292207686934,Improved
51,0.826323052848613,High Risk,0.5834856038198406,Medium Risk,-0.24283744902877236,-29.38771321841139,Improved
52,0.916724417860304,High Risk,0.6878245314239642,High Risk,-0.22889988643633985,-24.969323602245424,Improved
53,0.8921550427352067,High Risk,0.6822729652313021,High Risk,-0.20988207750390464,-23.5252918439422,Improved
54,0.7288449883460968,High Risk,0.47745181444909335,Medium Risk,-0.25139317389700344,-34.49199458275314,Improved
55,0.9070308292627142,High Risk,0.5540814107363734,Medium Risk,-0.35294941852634076,-38.91261544144403,Improved
56,0.4486708761285557,Medium Risk,0.41789923940550033,Medium Risk,-0.030771636723055384,-6.858398518881917,Stable
57,0.5077905743305299,Medium Risk,0.34745539834124856,Medium Risk,-0.16033517598928132,-31.575059501777265,Improved
58,0.42487500890079594,Medium Risk,0.29060690775233744,Low Risk,-0.1342681011484585,-31.601788369672917,Improved
59,0.5789316819197954,Medium Risk,0.3642537806942074,Medium Risk,-0.214677901225588,-37.08173311809342,Improved
60,0.6137725093292151,High Risk,0.5677258920922855,Medium Risk,-0.0460466172369296,-7.502228681967756,Stable
61,0.5492419674756428,Medium Risk,0.44099076425524625,Medium Risk,-0.10825120322039655,-19.709200977107994,Improved
62,0.855805630033561,High Risk,0.7132822422388561,High Risk,-0.14252338779470497,-16.653710000612616,Improved
63,0.5962143296814741,Medium Risk,0.5479519187863174,Medium Risk,-0.048262410895156704,-8.094808945793162,Stable
64,0.5545139803280594,Medium Risk,0.39978631363542716,Medium Risk,-0.15472766669263227,-27.903294088472375,Improved
65,0.6984828457370367,High Risk,0.571028975807758,Medium Risk,-0.12745386992927865,-18.247244110167056,Improved
66,0.47750832373611946,Medium Risk,0.29298946614798493,Low Risk,-0.18451885758813452,-38.64201908448894,Improved
67,0.8412083394147218,High Risk,0.5597151165613923,Medium Risk,-0.28149322285332956,-33.46296151191047,Improved
68,0.44100285402387396,Medium Risk,0.3929053327683375,Medium Risk,-0.04809752125553646,-10.906396821852011,Stable
69,0.9427878151302844,High Risk,0.8186876412623112,High Risk,-0.12410017386797323,-13.163107528158257,Improved
70,0.8247346231131616,High Risk,0.5960562826631001,Medium Risk,-0.22867834045006152,-27.727505798999864,Improved
71,0.5092936248437948,Medium Risk,0.372743712580855,Medium Risk,-0.13654991226293983,-26.811628027902568,Improved
72,0.4030371644179813,Medium Risk,0.31708709173751565,Medium Risk,-0.08595007268046567,-21.325594825624734,Improved
73,0.8485037856501587,High Risk,0.5091738440757889,Medium Risk,-0.3393299415743698,-39.99156483602028,Improved
74,0.7887715391161894,High Risk,0.539863256653636,Medium Risk,-0.24890828246255337,-31.556448238669034,Improved
75,0.8009539424225429,High Risk,0.5389467962684097,Medium Risk,-0.26200714615413323,-32.711886698712505,Improved
76,0.8241986906772701,High Risk,0.5667759152682109,Medium Risk,-0.2574227754090592,-31.233096863758274,Improved
77,0.4407245584537497,Medium Risk,0.38874860888429663,Medium Risk,-0.05197594956945306,-11.793295511329555,Improved
78,0.5971561506993499,Medium Risk,0.4167468276888906,Medium Risk,-0.1804093230104593,-30.211415020874494,Improved
79,0.4637279827388214,Medium Risk,0.30932161835731836,Medium Risk,-0.15440636438150301,-33.29675372824482,Improved
80,0.8747068842315764,High Risk,0.6792030827566823,High Risk,-0.1955038014748941,-22.3507788722439,Improved
81,0.7428139697551568,High Risk,0.6707430109065007,High Risk,-0.07207095884865611,-9.702423726954386,Improved
82,0.581993913668957,Medium Risk,0.3983587687461048,Medium Risk,-0.1836351449228522,-31.552760365687504,Improved
83,0.434957092657313,Medium Risk,0.2729302191360724,Low Risk,-0.16202687352124062,-37.25123150225205,Improved
84,0.5710402769436143,Medium Risk,0.4138566768384314,Medium Risk,-0.15718360010518284,-27.525834245261738,Improved
85,0.5788508271147108,Medium Risk,0.49878310323396746,Medium Risk,-0.08006772388074335,-13.832186140225785,Improved
86,0.8012833980859353,High Risk,0.635210755682955,High Risk,-0.16607264240298025,-20.72583093568219,Improved
87,0.7506566092453673,High Risk,0.6649899349877926,High Risk,-0.08566667425757468,-11.41223206489784,Improved
88,0.8879670084169795,High Risk,0.8310103640647363,High Risk,-0.056956644352243235,-6.414274833676818,Improved
89,0.6597182088390721,High Risk,0.578857779585225,Medium Risk,-0.08086042925384707,-12.256813313693408,Improved
90,0.46577683526606595,Medium Risk,0.37789922167535217,Medium Risk,-0.08787761359071378,-18.866892240468637,Improved
91,0.7922846329726472,High Risk,0.6121742154406664,High Risk,-0.18011041753198076,-22.733044418166685,Improved
92,0.8184317767392936,High Risk,0.5025369007798923,Medium Risk,-0.31589487595940124,-38.59758197781067,Improved
93,0.7087024586632229,High Risk,0.6693784674735496,High Risk,-0.039323991189673335,-5.548730741508573,Stable
94,0.8240319489750085,High Risk,0.6050194132757278,High Risk,-0.2190125356992807,-26.578160709873515,Improved
95,0.6715875780004149,High Risk,0.4387346489209641,Medium Risk,-0.23285292907945082,-34.67201251290967,Improved
96,0.6875030561600968,High Risk,0.5729293651749805,Medium Risk,-0.11457369098511627,-16.66519006112401,Improved
97,0.6351475600972023,High Risk,0.4442862906724376,Medium Risk,-0.19086126942476472,-30.04990988165892,Improved
98,0.41398051970925237,Medium Risk,0.3332635893875992,Medium Risk,-0.08071693032165317,-19.497760517413344,Improved
99,0.45934028484631745,Medium Risk,0.3699383191825948,Medium Risk,-0.08940196566372266,-19.4631232254393,Improved
100,0.41728605212770387,Medium Risk,0.31547052432467365,Medium Risk,-0.10181552780303021,-24.39945626839959,Improved
101,0.7500257261950791,High Risk,0.6695041008503356,High Risk,-0.0805216253447435,-10.735848455923511,Improved
102,0.5728957895919797,Medium Risk,0.39686695363617314,Medium Risk,-0.1760288359558066,-30.72615284555949,Improved
103,0.6797138801405865,High Risk,0.514557957946458,Medium Risk,-0.16515592219412856,-24.297859293379304,Improved
104,0.899161560659351,High Risk,0.7087121691199478,High Risk,-0.1904493915394032,-21.180775499316002,Improved
105,0.5371107260318813,Medium Risk,0.4470204200735388,Medium Risk,-0.09009030595834244,-16.773134773144516,Improved
106,0.6257106076695964,High Risk,0.5471151906432564,Medium Risk,-0.07859541702633999,-12.560985232304379,Improved
107,0.8155531261986768,High Risk,0.6020270855482845,High Risk,-0.21352604065039227,-26.18174509926104,Improved
108,0.5258389910203923,Medium Risk,0.434404230244682,Medium Risk,-0.09143476077571033,-17.38835695661915,Improved
109,0.44233895040583615,Medium Risk,0.2887207520584847,Low Risk,-0.15361819834735146,-34.72861664260183,Improved
110,0.5593632991025724,Medium Risk,0.5182091709089595,Medium Risk,-0.04115412819361297,-7.357316481013244,Stable
111,0.48867170798970244,Medium Risk,0.35871952521180844,Medium Risk,-0.129952182777894,-26.592941775264883,Improved
112,0.9113337087884151,High Risk,0.7794933373686841,High Risk,-0.13184037141973104,-14.466750230824665,Improved
113,0.8444662087604293,High Risk,0.5126917999609524,Medium Risk,-0.33177440879947695,-39.288062134123784,Improved
114,0.7483720660807329,High Risk,0.5027679537725454,Medium Risk,-0.24560411230818757,-32.81844999833175,Improved
115,0.8793033246032447,High Risk,0.6774846499649221,High Risk,-0.2018186746383226,-22.952110948674772,Improved
116,0.842019642294513,High Risk,0.7640388254302001,High Risk,-0.07798081686431291,-9.261163629367875,Improved
117,0.5026135323873198,Medium Risk,0.39432007011753234,Medium Risk,-0.10829346226978742,-21.54606975172631,Improved
118,0.8909074491694877,High Risk,0.8244944583051469,High Risk,-0.06641299086434083,-7.454533119714246,Improved
119,0.6966382330536078,High Risk,0.5359439351494552,Medium Risk,-0.16069429790415268,-23.06710861960212,Improved
120,0.8440920853402344,High Risk,0.6513497214901194,High Risk,-0.192742363850115,-22.83428161424176,Improved
121,0.8928502149579212,High Risk,0.5731307100233799,Medium Risk,-0.31971950493454127,-35.80886240248138,Improved
122,0.5749019112345252,Medium Risk,0.506448159830318,Medium Risk,-0.06845375140420717,-11.907031454672307,Improved
123,0.46052855849022223,Medium Risk,0.31612425398427313,Medium Risk,-0.1444043045059491,-31.356210563652816,Improved
124,0.5253643393980679,Medium Risk,0.4806371160565089,Medium Risk,-0.04472722334155904,-8.513562871968986,Stable
125,0.634909283744441,High Risk,0.5833473339181359,Medium Risk,-0.05156194982630513,-8.121152288436132,Improved
126,0.8499081212573711,High Risk,0.7905492964855364,High Risk,-0.05935882477183474,-6.984146084404759,Improved
127,0.8734018207909888,High Risk,0.6830706822193622,High Risk,-0.19033113857162665,-21.791932881391855,Improved
128,0.4038236717921549,Medium Risk,0.3379934774869353,Medium Risk,-0.06583019430521958,-16.30171753257246,Improved
129,0.6809110164176612,High Risk,0.5940816235671237,Medium Risk,-0.08682939285053748,-12.751944197841786,Improved
130,0.6295760517318284,High Risk,0.406614914254286,Medium Risk,-0.22296113747754243,-35.41448834723371,Improved
131,0.5221592957589016,Medium Risk,0.4231239624577393,Medium Risk,-0.09903533330116232,-18.966498175087594,Improved
132,0.46592595203352555,Medium Risk,0.2851486700312394,Low Risk,-0.18077728200228615,-38.799573454384095,Improved
133,0.5856883442719953,Medium Risk,0.4534095360042427,Medium Risk,-0.13227880826775262,-22.5851870813946,Improved
134,0.9186003371518855,High Risk,0.6009436911307763,High Risk,-0.3176566460211092,-34.58050614329204,Improved
135,0.5777616126114153,Medium Risk,0.3836470132074576,Medium Risk,-0.19411459940395775,-33.59769759132704,Improved
136,0.6853348419588514,High Risk,0.4987638409246689,Medium Risk,-0.1865710010341825,-27.22333516575895,Improved
137,0.7866604273923479,High Risk,0.5910596786717478,Medium Risk,-0.19560074872060007,-24.864699164922396,Improved
138,0.5999962813086117,Medium Risk,0.4908631668518514,Medium Risk,-0.10913311445676033,-18.18896514137344,Improved
139,0.9344801454965284,High Risk,0.5850312450499422,Medium Risk,-0.34944890044658616,-37.39500535465196,Improved
140,0.9293460122181612,High Risk,0.7214439827235031,High Risk,-0.20790202949465808,-22.37078835668945,Improved
141,0.5384802627039503,Medium Risk,0.3575071674626317,Medium Risk,-0.1809730952413186,-33.60812044114147,Improved
142,0.673486678240812,High Risk,0.5393896288531729,Medium Risk,-0.1340970493876391,-19.910868873889047,Improved
143,0.5654830703992233,Medium Risk,0.4654443732693621,Medium Risk,-0.10003869712986119,-17.690838570858585,Improved
144,0.5566622719076072,Medium Risk,0.44246202698521164,Medium Risk,-0.11420024492239556,-20.51517602065011,Improved
145,0.42028782104499307,Medium Risk,0.36077650661217586,Medium Risk,-0.05951131443281721,-14.159657133259243,Improved
146,0.7352603836889433,High Risk,0.5275222938049084,Medium Risk,-0.20773808988403486,-28.253676451568456,Improved
147,0.6764734627758737,High Risk,0.5870350845676728,Medium Risk,-0.08943837820820089,-13.221269292840423,Improved
148,0.42831331318749416,Medium Risk,0.3218639538242183,Medium Risk,-0.10644935936327588,-24.853152140213226,Improved
149,0.5532555553301363,Medium Risk,0.42571055042368083,Medium Risk,-0.12754500490645543,-23.05354255870912,Improved
150,0.8995462372816595,High Risk,0.7437769828521733,High Risk,-0.1557692544294862,-17.3164255458625,Improved
151,0.5317590398668348,Medium Risk,0.3224722067472278,Medium Risk,-0.209286833119607,-39.35745656002715,Improved
152,0.47969217965017275,Medium Risk,0.39761587753319744,Medium Risk,-0.08207630211697531,-17.110202250291316,Improved
153,0.6691990181526597,High Risk,0.5464042119326025,Medium Risk,-0.12279480622005723,-18.34951978247597,Improved
154,0.9421077497608303,High Risk,0.6674329293335081,High Risk,-0.2746748204273223,-29.155350913635203,Improved
155,0.5331303993313252,Medium Risk,0.33588707907787874,Medium Risk,-0.19724332025344649,-36.99720002851787,Improved
156,0.7696745510732332,High Risk,0.48630147619990177,Medium Risk,-0.28337307487333147,-36.81725925304356,Improved
157,0.8188907884307947,High Risk,0.755941270781845,High Risk,-0.06294951764894963,-7.687168855516996,Improved
158,0.5307006491958198,Medium Risk,0.44645073365562393,Medium Risk,-0.0842499155401959,-15.8752237570957,Improved
159,0.8005189917365227,High Risk,0.5159232147199041,Medium Risk,-0.28459577701661865,-35.55140851802408,Improved
160,0.6022807229955893,High Risk,0.43656505470957974,Medium Risk,-0.1657156682860096,-27.514689074188283,Improved
161,0.7477682068264687,High Risk,0.6037249051696223,High Risk,-0.14404330165684642,-19.26309521344412,Improved
162,0.748441340918492,High Risk,0.6679465471381537,High Risk,-0.0804947937803383,-10.754990321827302,Improved
163,0.6946760762411172,High Risk,0.42742121666985883,Medium Risk,-0.26725485957125833,-38.471867495044705,Improved
164,0.4496593735299246,Medium Risk,0.3070371310965847,Medium Risk,-0.14262224243333987,-31.71784039854969,Improved
165,0.8594163725740809,High Risk,0.7832825209538358,High Risk,-0.07613385162024511,-8.858785339661706,Improved
166,0.5764290357344547,Medium Risk,0.3477065726797244,Medium Risk,-0.22872246305473032,-39.67920574356643,Improved
167,0.5025851807199199,Medium Risk,0.3369781799980254,Medium Risk,-0.1656070007218945,-32.95103140221394,Improved
168,0.4224263278551202,Medium Risk,0.395246768056262,Medium Risk,-0.027179559798858166,-6.434153840946191,Stable
169,0.724991118753533,High Risk,0.5906434830865769,Medium Risk,-0.13434763566695607,-18.530935371724013,Improved
170,0.7726603990132552,High Risk,0.5343603253027209,Medium Risk,-0.2383000737105343,-30.841502167687278,Improved
171,0.4091233059103209,Medium Risk,0.2550666498482154,Low Risk,-0.1540566560621055,-37.655311696145326,Improved
172,0.6816511820646045,High Risk,0.41571654042770484,Medium Risk,-0.26593464163689967,-39.01330308434722,Improved
173,0.5245726763588658,Medium Risk,0.3596789093231018,Medium Risk,-0.16489376703576403,-31.433922212707554,Improved
174,0.7548450347251974,High Risk,0.6857918387691945,High Risk,-0.0690531959560029,-9.147996314388136,Improved
175,0.49590153595274533,Medium Risk,0.3697291985680961,Medium Risk,-0.12617233738464922,-25.44302209958717,Improved
176,0.7800157559563563,High Risk,0.6646644356955241,High Risk,-0.11535132026083217,-14.78833207919025,Improved
177,0.6127044404652956,High Risk,0.5645457258557233,Medium Risk,-0.04815871460957233,-7.860023761701479,Stable
178,0.915201493805204,High Risk,0.6798246302802743,High Risk,-0.2353768635249297,-25.718583843901428,Improved
179,0.4756365192802963,Medium Risk,0.31722438761023747,Medium Risk,-0.15841213167005885,-33.3052920136911,Improved
180,0.5875864930776422,Medium Risk,0.4588999248715097,Medium Risk,-0.1286865682061325,-21.90087242000782,Improved
181,0.462410436682324,Medium Risk,0.42441384300649915,Medium Risk,-0.03799659367582486,-8.217070952905098,Stable
182,0.9085814900532095,High Risk,0.8009427903471941,High Risk,-0.10763869970601547,-11.846895505180475,Improved
183,0.8825366443595395,High Risk,0.5498560237868748,Medium Risk,-0.3326806205726647,-37.69595548228962,Improved
184,0.5418678952433356,Medium Risk,0.45646977506428926,Medium Risk,-0.0853981201790463,-15.759951997284638,Improved
185,0.7629912253187985,High Risk,0.6105182121874888,High Risk,-0.15247301313130968,-19.983586713936628,Improved
186,0.8494722101106686,High Risk,0.7794859885681671,High Risk,-0.06998622154250156,-8.238788827875112,Improved
187,0.7053604463797043,High Risk,0.453454009229783,Medium Risk,-0.2519064371499213,-35.71315041023961,Improved
188,0.6913078180958036,High Risk,0.5439988599288382,Medium Risk,-0.14730895816696532,-21.308736037837026,Improved
189,0.5330187599952484,Medium Risk,0.4838807960223755,Medium Risk,-0.0491379639728729,-9.21880572708378,Stable
190,0.4512065222932446,Medium Risk,0.3354758057815838,Medium Risk,-0.11573071651166078,-25.649167464039003,Improved
191,0.8934686668743297,High Risk,0.6868077749300432,High Risk,-0.2066608919442865,-23.13017787934966,Improved
192,0.8952299314398318,High Risk,0.5592154365368474,Medium Risk,-0.3360144949029844,-37.53387628165646,Improved
193,0.7482058015002974,High Risk,0.5217615208021791,Medium Risk,-0.22644428069811828,-30.26497258428813,Improved
194,0.5864663850767854,Medium Risk,0.41848911556109386,Medium Risk,-0.16797726951569153,-28.64226727908684,Improved
195,0.5920652660369635,Medium Risk,0.5510901205409549,Medium Risk,-0.04097514549600867,-6.920714293928961,Stable
196,0.7992756233786316,High Risk,0.5586405698090435,Medium Risk,-0.24063505356958803,-30.10664238105943,Improved
197,0.8934106429739174,High Risk,0.6801571473706929,High Risk,-0.21325349560322449,-23.869594265562192,Improved
198,0.8878975333458146,High Risk,0.7413558596398889,High Risk,-0.14654167370592563,-16.50434517525022,Improved
199,0.8289315502216931,High Risk,0.5444125501416012,Medium Risk,-0.2845190000800919,-34.3235819657243,Improved
200,0.7531174053848583,High Risk,0.5800923231966417,Medium Risk,-0.17302508218821655,-22.974516450034404,Improved
201,0.4462769807472769,Medium Risk,0.38312372889382185,Medium Risk,-0.06315325185345505,-14.15113361834323,Improved
202,0.4888957927520376,Medium Risk,0.4416681289521589,Medium Risk,-0.047227663799878694,-9.660067544052692,Stable
203,0.8942048036898935,High Risk,0.7325243003294077,High Risk,-0.16168050336048578,-18.080925386815068,Improved
204,0.7335359828127744,High Risk,0.6118927794569903,High Risk,-0.12164320335578416,-16.583126963906828,Improved
205,0.4050583783891463,Medium Risk,0.2609382895513473,Low Risk,-0.14412008883779903,-35.58007845954009,Improved
206,0.45580934857631766,Medium Risk,0.4243684283338177,Medium Risk,-0.03144092024249995,-6.897822596377856,Stable
207,0.7649259730094307,High Risk,0.4944488581311342,Medium Risk,-0.27047711487829645,-35.359907288043125,Improved
208,0.4027838711154203,Medium Risk,0.3508793402395053,Medium Risk,-0.05190453087591501,-12.886447198637066,Improved
209,0.48844442827962425,Medium Risk,0.3383384768793179,Medium Risk,-0.15010595140030636,-30.731428737758847,Improved
210,0.7018035841516224,High Risk,0.650401805527095,High Risk,-0.05140177862452733,-7.324239970456199,Improved
211,0.7805423587309812,High Risk,0.6650110362062022,High Risk,-0.11553132252477905,-14.801416122068222,Improved
212,0.7585786927264302,High Risk,0.6552866729684937,High Risk,-0.10329201975793645,-13.616520045757092,Improved
213,0.5233481202033079,Medium Risk,0.3541343443739481,Medium Risk,-0.1692137758293598,-32.33292894290409,Improved
214,0.7916985717411447,High Risk,0.5977830838988871,Medium Risk,-0.19391548784225754,-24.493600817769384,Improved
215,0.5304869981232401,Medium Risk,0.43300185232345395,Medium Risk,-0.09748514579978612,-18.376538189374976,Improved
216,0.5789698339875973,Medium Risk,0.5034089246603252,Medium Risk,-0.07556090932727211,-13.050923362768978,Improved
217,0.8105702728149132,High Risk,0.5158353965821887,Medium Risk,-0.29473487623272454,-36.361421843066374,Improved
218,0.757298094475968,High Risk,0.7094579538048525,High Risk,-0.047840140671115416,-6.3172139240914955,Stable
219,0.8670728757717978,High Risk,0.7904038943743117,High Risk,-0.07666898139748612,-8.842276530590537,Improved
220,0.7616870907651888,High Risk,0.5290846154445812,Medium Risk,-0.23260247532060763,-30.53779933265454,Improved
221,0.7125697318345094,High Risk,0.6327377551102813,High Risk,-0.07983197672422815,-11.203391493868379,Improved
222,0.4515211223054509,Medium Risk,0.35282464319031737,Medium Risk,-0.09869647911513352,-21.858662693606178,Improved
223,0.6022436916826884,High Risk,0.4586882291142293,Medium Risk,-0.14355546256845914,-23.836773145329346,Improved
224,0.545861302224949,Medium Risk,0.38758987499672226,Medium Risk,-0.15827142722822674,-28.994806296600817,Improved
225,0.534194303858496,Medium Risk,0.42913912070985877,Medium Risk,-0.10505518314863721,-19.666099467894277,Improved
226,0.935155805113845,High Risk,0.7999894989967866,High Risk,-0.13516630611705838,-14.453880880374085,Improved
227,0.6162037485667182,High Risk,0.4583486878966428,Medium Risk,-0.15785506067007543,-25.617348326303468,Improved
228,0.8906256053474122,High Risk,0.7305149168426744,High Risk,-0.16011068850473775,-17.977328244709774,Improved
229,0.7471262442984945,High Risk,0.6311420093093566,High Risk,-0.1159842349891379,-15.524047759564377,Improved
230,0.8371462169479066,High Risk,0.7106472587849577,High Risk,-0.12649895816294887,-15.110736404465,Improved
231,0.6764504012078556,High Risk,0.4181736115002286,Medium Risk,-0.258276789707627,-38.1811865654087,Improved
232,0.7172971365444976,High Risk,0.6462214056356083,High Risk,-0.0710757309088893,-9.908826801022663,Improved
233,0.6708847316003752,High Risk,0.510133142188621,Medium Risk,-0.16075158941175416,-23.961133983223334,Improved
234,0.5073836432889245,Medium Risk,0.351031155629375,Medium Risk,-0.1563524876595495,-30.81543714063249,Improved
235,0.7973486633938279,High Risk,0.5458789104495437,Medium Risk,-0.2514697529442842,-31.53824223821114,Improved
236,0.5544247993424707,Medium Risk,0.4263831305130634,Medium Risk,-0.12804166882940726,-23.094506050461742,Improved
237,0.41337378153729964,Medium Risk,0.3763317863922698,Medium Risk,-0.03704199514502987,-8.96089611858644,Stable
238,0.7550097627489423,High Risk,0.5529854989083633,Medium Risk,-0.20202426384057892,-26.757834641107355,Improved
239,0.49741087367387693,Medium Risk,0.4289691327575169,Medium Risk,-0.06844174091636002,-13.75959886257598,Improved
240,0.9172522213941028,High Risk,0.5814338514611661,Medium Risk,-0.3358183699329367,-36.611344415447356,Improved
241,0.924660717351423,High Risk,0.7088632565096874,High Risk,-0.21579746084173557,-23.33801542471285,Improved
242,0.9031754146212466,High Risk,0.8553885381309214,High Risk,-0.0477868764903252,-5.290985086254256,Stable
243,0.6035872851404944,High Risk,0.5249116326992587,Medium Risk,-0.07867565244123575,-13.034676902268206,Improved
244,0.4085011390908771,Medium Risk,0.2752010780232011,Low Risk,-0.133300061067676,-32.63150290457855,Improved
245,0.9105752094232489,High Risk,0.7061551868780415,High Risk,-0.2044200225452074,-22.449548420573127,Improved
246,0.6355012815745229,High Risk,0.4332648617918869,Medium Risk,-0.202236419782636,-31.823133272300176,Improved
247,0.9316601504740182,High Risk,0.6925461485769946,High Risk,-0.2391140018970236,-25.665367545812177,Improved
248,0.929990987399089,High Risk,0.8119094814600903,High Risk,-0.11808150593899869,-12.697059169276242,Improved
249,0.869155200507048,High Risk,0.7561030409436384,High Risk,-0.11305215956340953,-13.007131464835869,Improved
250,0.5619468906382721,Medium Risk,0.3820312387234443,Medium Risk,-0.17991565191482778,-32.01648677341652,Improved
251,0.6118037507310589,High Risk,0.5645591402092104,Medium Risk,-0.047244610521848474,-7.722183864579903,Stable
252,0.8681251693342713,High Risk,0.7009232755022486,High Risk,-0.16720189383202266,-19.260113603231062,Improved
253,0.5743071028359528,Medium Risk,0.420951888295361,Medium Risk,-0.15335521454059176,-26.702649816329487,Improved
254,0.4932210106773509,Medium Risk,0.38258041746309124,Medium Risk,-0.11064059321425967,-22.43225467266988,Improved
255,0.7062406943520926,High Risk,0.5733084963673826,Medium Risk,-0.13293219798471,-18.822506129678978,Improved
256,0.9148851257884295,High Risk,0.7282135073524764,High Risk,-0.18667161843595315,-20.40383138539752,Improved
257,0.7828163881712351,High Risk,0.6029578744900973,High Risk,-0.1798585136811378,-22.975823756233773,Improved
258,0.7135336435491507,High Risk,0.5542204763367801,Medium Risk,-0.15931316721237065,-22.327351856871005,Improved
259,0.4534470715739227,Medium Risk,0.3000659554053538,Medium Risk,-0.15338111616856892,-33.825583135023976,Improved
260,0.7382539746845433,High Risk,0.6529535387466708,High Risk,-0.08530043593787251,-11.554348349336212,Improved
261,0.9445296175573448,High Risk,0.745815804264978,High Risk,-0.19871381329236681,-21.03838880206447,Improved
262,0.4770462083800882,Medium Risk,0.30811362788547814,Medium Risk,-0.16893258049461007,-35.41220484033539,Improved
263,0.6850813088000551,High Risk,0.5947567537446083,Medium Risk,-0.09032455505544679,-13.184501444602764,Improved
264,0.8825551895603754,High Risk,0.8175597589681639,High Risk,-0.06499543059221147,-7.364460756792722,Improved
265,0.8074227397648124,High Risk,0.7521606400518933,High Risk,-0.055262099712919066,-6.8442585267063345,Improved
266,0.7833586575473974,High Risk,0.5711908269439188,Medium Risk,-0.21216783060347866,-27.084379365608957,Improved
267,0.7863662461929101,High Risk,0.5091178110209653,Medium Risk,-0.27724843517194475,-35.256909425373614,Improved
268,0.5977201331708654,Medium Risk,0.4670823427559141,Medium Risk,-0.13063779041495127,-21.856013067842724,Improved
269,0.5614755143454714,Medium Risk,0.3590148723463981,Medium Risk,-0.20246064199907327,-36.05867697277728,Improved
270,0.8451486355131825,High Risk,0.7833645486277558,High Risk,-0.06178408688542669,-7.310440352058404,Improved
271,0.8455623670735494,High Risk,0.5616672287326436,Medium Risk,-0.28389513834090574,-33.5747130425699,Improved
272,0.876889775219057,High Risk,0.6037105944719039,High Risk,-0.2731791807471531,-31.153194901709263,Improved
273,0.9022823039060591,High Risk,0.6697847121591807,High Risk,-0.23249759174687845,-25.76772155902604,Improved
274,0.6812383193735158,High Risk,0.5001022031358122,Medium Risk,-0.18113611623770354,-26.589243600430606,Improved
275,0.6758339620779598,High Risk,0.5934714371267347,Medium Risk,-0.08236252495122509,-12.186798766073892,Improved
276,0.8390623484317263,High Risk,0.637444801137172,High Risk,-0.2016175472945544,-24.028911280716322,Improved
277,0.7574801619277708,High Risk,0.4997618463904704,Medium Risk,-0.2577183155373004,-34.023110899883214,Improved
278,0.7860817824917368,High Risk,0.5451661603251354,Medium Risk,-0.24091562216660134,-30.6476536579874,Improved
279,0.8376859681898555,High Risk,0.6518785795601417,High Risk,-0.1858073886297138,-22.18103151843674,Improved
280,0.8895029379996614,High Risk,0.5796080052693341,Medium Risk,-0.3098949327303273,-34.839112890085275,Improved
281,0.5858973362683447,Medium Risk,0.47696700263705183,Medium Risk,-0.1089303336312929,-18.59205135238951,Improved
282,0.6065706239519693,High Risk,0.48405036822803765,Medium Risk,-0.1225202557239316,-20.198844270709895,Improved
283,0.451690066912478,Medium Risk,0.3840024181357085,Medium Risk,-0.06768764877676947,-14.985418926620985,Improved
284,0.7180540775478956,High Risk,0.6664953644417599,High Risk,-0.05155871310613569,-7.180338461722142,Improved
285,0.41976825058820816,Medium Risk,0.3858883757745159,Medium Risk,-0.03387987481369226,-8.071090361459554,Stable
286,0.656078909972853,High Risk,0.610892437072784,High Risk,-0.04518647290006905,-6.887353367590913,Stable
287,0.6984545490891672,High Risk,0.4788956821444966,Medium Risk,-0.21955886694467053,-31.434954104170476,Improved
288,0.5575976886705565,Medium Risk,0.3602347920143019,Medium Risk,-0.19736289665625456,-35.395214267622585,Improved
289,0.7249582933129559,High Risk,0.5116732763028354,Medium Risk,-0.21328501701012048,-29.420315482624304,Improved
290,0.4167751374664772,Medium Risk,0.3806323185532465,Medium Risk,-0.036142818913230734,-8.672018953179,Stable
291,0.42054150381206795,Medium Risk,0.3954009927886084,Medium Risk,-0.025140511023459544,-5.9781283881779155,Stable
292,0.852430308362812,High Risk,0.7678383065763895,High Risk,-0.08459200178642245,-9.923626712533355,Improved
293,0.5981048527761946,Medium Risk,0.38189365817993337,Medium Risk,-0.21621119459626126,-36.149379760535986,Improved
294,0.4698832819585366,Medium Risk,0.43774317117683154,Medium Risk,-0.03214011078170509,-6.840020067907244,Stable
295,0.6872337930301424,High Risk,0.5141713558491992,Medium Risk,-0.17306243718094327,-25.182469042722506,Improved
296,0.823496454204236,High Risk,0.49678131952318466,Medium Risk,-0.32671513468105134,-39.674139823317624,Improved
297,0.5187015651232637,Medium Risk,0.39153555307834637,Medium Risk,-0.12716601204491734,-24.516219073813232,Improved
298,0.7425897617004501,High Risk,0.45752752982613515,Medium Risk,-0.28506223187431495,-38.387579061358636,Improved
299,0.4469411057465724,Medium Risk,0.3532431532641574,Medium Risk,-0.09369795248241503,-20.964272759360888,Improved
300,0.42842494664273423,Medium Risk,0.307820714884781,Medium Risk,-0.1206042317579532,-28.150609039703212,Improved
301,0.6922450473624814,High Risk,0.5300535742275917,Medium Risk,-0.16219147313488969,-23.429777324208303,Improved
302,0.6973493168855586,High Risk,0.5680674664008746,Medium Risk,-0.129281850484684,-18.539037373990908,Improved
303,0.7505864458240136,High Risk,0.6785904818176751,High Risk,-0.07199596400633845,-9.591961646376305,Improved
304,0.7993502335474638,High Risk,0.6647920530368729,High Risk,-0.13455818051059087,-16.83344482348251,Improved
305,0.936718643704394,High Risk,0.7043347698064443,High Risk,-0.23238387389794968,-24.808289603263674,Improved
306,0.6839651915656574,High Risk,0.6065401600578547,High Risk,-0.07742503150780267,-11.320025121537231,Improved
307,0.5776260601176852,Medium Risk,0.5296563808543732,Medium Risk,-0.04796967926331208,-8.304625184940368,Stable
308,0.8373524071227869,High Risk,0.5375098979328028,Medium Risk,-0.2998425091899841,-35.80840117487309,Improved
309,0.5489577381941408,Medium Risk,0.4315776963963738,Medium Risk,-0.11738004179776707,-21.3823457856523,Improved
310,0.6414342813880999,High Risk,0.44873407238816004,Medium Risk,-0.19270020899993984,-30.04208140901446,Improved
311,0.4431510097382463,Medium Risk,0.273189931918479,Low Risk,-0.16996107781976727,-38.35285807430684,Improved
312,0.41394290887850166,Medium Risk,0.34522480262090816,Medium Risk,-0.0687181062575935,-16.60086567101051,Improved
313,0.9294566280728588,High Risk,0.838341783009683,High Risk,-0.0911148450631758,-9.803022788927105,Improved
314,0.8597890662817131,High Risk,0.5648951121848037,Medium Risk,-0.29489395409690944,-34.29840709329122,Improved
315,0.7827858133515339,High Risk,0.6922525480272771,High Risk,-0.09053326532425676,-11.565521983163489,Improved
316,0.6249241194278484,High Risk,0.5616121237131286,Medium Risk,-0.0633119957147198,-10.131149326207048,Improved
317,0.4953118760389652,Medium Risk,0.455696413621781,Medium Risk,-0.03961546241718422,-7.998084506673074,Stable
318,0.48604037346909734,Medium Risk,0.3367529664027671,Medium Risk,-0.14928740706633026,-30.715021881988168,Improved
319,0.5376335939905275,Medium Risk,0.49267859372719425,Medium Risk,-0.04495500026333321,-8.361642718353881,Stable
320,0.7020746655883663,High Risk,0.5000400180573985,Medium Risk,-0.20203464753096778,-28.776803584224876,Improved
321,0.7930277574850342,High Risk,0.6291234361555451,High Risk,-0.16390432132948907,-20.668169529057405,Improved
322,0.7631085571947522,High Risk,0.47135507343488386,Medium Risk,-0.29175348375986837,-38.23223852087014,Improved
323,0.5539636433202686,Medium Risk,0.3408861706471239,Medium Risk,-0.2130774726731447,-38.464161907093974,Improved
324,0.9251759043647567,High Risk,0.7883707211182354,High Risk,-0.13680518324652136,-14.786937554372903,Improved
325,0.8058433041826727,High Risk,0.6088694074434362,High Risk,-0.1969738967392365,-24.44320077077732,Improved
326,0.7048947288812704,High Risk,0.48616753788633965,Medium Risk,-0.2187271909949307,-31.02976686207739,Improved
327,0.7364464104288937,High Risk,0.49094811373300273,Medium Risk,-0.24549829669589096,-33.335527639128145,Improved
328,0.6307800343352845,High Risk,0.5263756706896981,Medium Risk,-0.10440436364558636,-16.55162781992737,Improved
329,0.5362520442256367,Medium Risk,0.3218265916169342,Medium Risk,-0.21442545260870244,-39.98594595911312,Improved
330,0.5957849732581939,Medium Risk,0.5255192309960531,Medium Risk,-0.07026574226214077,-11.793809078110112,Improved
331,0.816815360755403,High Risk,0.5127455199205012,Medium Risk,-0.30406984083490174,-37.226263785452495,Improved
332,0.40791641874636575,Medium Risk,0.27208896652697373,Low Risk,-0.13582745221939202,-33.29786347821582,Improved
333,0.4638399522788039,Medium Risk,0.34100712627463575,Medium Risk,-0.12283282600416817,-26.48172616453187,Improved
334,0.42530145311196405,Medium Risk,0.3273547661615315,Medium Risk,-0.09794668695043257,-23.029944109936373,Improved
335,0.4224008412754336,Medium Risk,0.3059230872142278,Medium Risk,-0.11647775406120581,-27.57517094651204,Improved
336,0.870503321206054,High Risk,0.6200153443931365,High Risk,-0.25048797681291746,-28.775074225549712,Improved
337,0.787011822659013,High Risk,0.7377217477385823,High Risk,-0.04929007492043069,-6.262939577438406,Stable
338,0.6607956059980289,High Risk,0.5448609255909551,Medium Risk,-0.11593468040707378,-17.544711156481206,Improved
339,0.45380878835805083,Medium Risk,0.27600720139385343,Low Risk,-0.1778015869641974,-39.17984656214142,Improved
340,0.6703887313142578,High Risk,0.5031680173149341,Medium Risk,-0.1672207139993237,-24.943843204449053,Improved
341,0.6604094739293112,High Risk,0.5984980966361068,Medium Risk,-0.061911377293204395,-9.374695508961045,Improved
342,0.49526102845050834,Medium Risk,0.34941144239038546,Medium Risk,-0.14584958606012288,-29.449033475626617,Improved
343,0.6386184070808851,High Risk,0.40430594204625486,Medium Risk,-0.23431246503463027,-36.69052793289641,Improved
344,0.6191776039185554,High Risk,0.5358577653536114,Medium Risk,-0.08331983856494396,-13.456532994352873,Improved
345,0.738717553928719,High Risk,0.5999161018084085,Medium Risk,-0.13880145212031048,-18.789515882237158,Improved
346,0.7493015079772041,High Risk,0.5991485125327536,Medium Risk,-0.1501529954444505,-20.039062226072364,Improved
347,0.4249172053746245,Medium Risk,0.26291828391846306,Low Risk,-0.16199892145616146,-38.12482041374073,Improved
348,0.6060369380445592,High Risk,0.3934238192199042,Medium Risk,-0.21261311882465495,-35.0825346571569,Improved
349,0.74422295364283,High Risk,0.6086942148390974,High Risk,-0.13552873880373262,-18.21077113254102,Improved
350,0.6767249422190482,High Risk,0.4552588173174689,Medium Risk,-0.2214661249015793,-32.72616554894074,Improved
351,0.8710694126535772,High Risk,0.6763196574980919,High Risk,-0.19474975515548532,-22.357547208805155,Improved
352,0.7622814973904197,High Risk,0.6027425280687377,High Risk,-0.159538969321682,-20.929140988971227,Improved
353,0.48961393489478633,Medium Risk,0.34235153578670363,Medium Risk,-0.1472623991080827,-30.07724834051712,Improved
354,0.43881281107023645,Medium Risk,0.4089510746496529,Medium Risk,-0.02986173642058354,-6.805119556047753,Stable
355,0.7533306030134735,High Risk,0.674127259574962,High Risk,-0.07920334343851154,-10.513756260754876,Improved
356,0.414581220797892,Medium Risk,0.35356760421199657,Medium Risk,-0.061013616585895436,-14.716927232852045,Improved
357,0.7221765697004048,High Risk,0.45301981183566936,Medium Risk,-0.2691567578647354,-37.27021467567069,Improved
358,0.9171266327837266,High Risk,0.5843431132063894,Medium Risk,-0.3327835195773372,-36.28544932418433,Improved
359,0.7165107978317334,High Risk,0.5534855830478432,Medium Risk,-0.1630252147838902,-22.752652894726552,Improved
360,0.613493459413587,High Risk,0.40260488164734476,Medium Risk,-0.21088857776624226,-34.37503277831551,Improved
361,0.7538085201432942,High Risk,0.7103838065656328,High Risk,-0.04342471357766142,-5.760708776468413,Stable
362,0.6520390897703341,High Risk,0.42739994004909476,Medium Risk,-0.22463914972123933,-34.45179180904067,Improved
363,0.7000892341237642,High Risk,0.5394983847307384,Medium Risk,-0.16059084939302581,-22.93862575876092,Improved
364,0.9178056448270888,High Risk,0.6676507133755919,High Risk,-0.2501549314514969,-27.255763010547312,Improved
365,0.6123564507904258,High Risk,0.5044502103780834,Medium Risk,-0.10790624041234242,-17.621475249106584,Improved
366,0.9286548101031528,High Risk,0.5991334846896522,Medium Risk,-0.32952132541350054,-35.48372568887013,Improved
367,0.8979428530758351,High Risk,0.6740055582381264,High Risk,-0.22393729483770874,-24.93892501851633,Improved
368,0.507685124134113,Medium Risk,0.3534233550188039,Medium Risk,-0.15426176911530914,-30.38532385174998,Improved
369,0.43814871548134104,Medium Risk,0.3990277458593304,Medium Risk,-0.03912096962201067,-8.92869663649092,Stable
370,0.45542790075758466,Medium Risk,0.2797260934419403,Low Risk,-0.17570180731564433,-38.57950007528567,Improved
371,0.4100220041083524,Medium Risk,0.37714013487051223,Medium Risk,-0.032881869237840144,-8.019537709773934,Stable
372,0.45194362841576063,Medium Risk,0.40292941474880273,Medium Risk,-0.049014213666957906,-10.845205150644984,Stable
373,0.7756537253789962,High Risk,0.5461763773972531,Medium Risk,-0.22947734798174313,-29.585024924571464,Improved
374,0.43915375665312595,Medium Risk,0.3848092386243051,Medium Risk,-0.05434451802882084,-12.374827086301327,Improved
375,0.5754365966615687,Medium Risk,0.351548456722798,Medium Risk,-0.22388813993877066,-38.90752538814383,Improved
376,0.8646814210331999,High Risk,0.8114195899114283,High Risk,-0.05326183112177163,-6.159705739731236,Improved
377,0.41279956465470424,Medium Risk,0.32376209586047444,Medium Risk,-0.0890374687942298,-21.569177009357375,Improved
378,0.8479576654239147,High Risk,0.5987839140447874,Medium Risk,-0.24917375137912734,-29.385164087709413,Improved
379,0.55502012612537,Medium Risk,0.4034464188100558,Medium Risk,-0.15157370731531422,-27.309587559186312,Improved
380,0.46499065519191096,Medium Risk,0.289801647199993,Low Risk,-0.17518900799191794,-37.6758126288826,Improved
381,0.7832054409502829,High Risk,0.7411256374099049,High Risk,-0.04207980354037799,-5.372767008528632,Stable
382,0.7459185657289362,High Risk,0.4578091464173883,Medium Risk,-0.28810941931154793,-38.62478191972577,Improved
383,0.882609607439879,High Risk,0.7318753260688168,High Risk,-0.15073428137106226,-17.07825068982493,Improved
384,0.8042890740921371,High Risk,0.6072041287321049,High Risk,-0.19708494536003218,-24.50424253027397,Improved
385,0.8419145117116666,High Risk,0.7847659240990716,High Risk,-0.057148587612595,-6.787932363394976,Improved
386,0.5551190149142186,Medium Risk,0.38086710567642273,Medium Risk,-0.17425190923779582,-31.390009089262172,Improved
387,0.49759174907884757,Medium Risk,0.39122175413210186,Medium Risk,-0.1063699949467457,-21.37696116216961,Improved
388,0.812838113402472,High Risk,0.6249299967418142,High Risk,-0.18790811666065788,-23.11753269960365,Improved
389,0.8437591065969952,High Risk,0.7138229509692492,High Risk,-0.12993615562774596,-15.399674458246457,Improved
390,0.9447778281003703,High Risk,0.5893557925916357,Medium Risk,-0.3554220355087345,-37.61964188166528,Improved
391,0.6269397223012846,High Risk,0.41868676955741807,Medium Risk,-0.20825295274386652,-33.217380449182585,Improved
392,0.6046099471860308,High Risk,0.4081707769021298,Medium Risk,-0.196439170283901,-32.49023129675026,Improved
393,0.8270271284080982,High Risk,0.7098810217330064,High Risk,-0.11714610667509184,-14.164723580540862,Improved
394,0.5874419471391599,Medium Risk,0.3913529697008357,Medium Risk,-0.19608897743832415,-33.38014562856411,Improved
395,0.9119165290819605,High Risk,0.7301917340237689,High Risk,-0.1817247950581916,-19.92778826381583,Improved
396,0.8721270135136565,High Risk,0.5889781907309621,Medium Risk,-0.2831488227826944,-32.46646628246662,Improved
397,0.6359467150562601,High Risk,0.5733496738495031,Medium Risk,-0.06259704120675702,-9.843126747060762,Improved
398,0.8129790872853235,High Risk,0.755879427166767,High Risk,-0.057099660118556494,-7.0235090928626525,Improved
399,0.8149985807465753,High Risk,0.6368990119946936,High Risk,-0.1780995687518817,-21.85274587702159,Improved
400,0.45671812785976296,Medium Risk,0.33034792562439,Medium Risk,-0.12637020223537293,-27.66918905267876,Improved
401,0.8964040986737616,High Risk,0.6112760813025084,High Risk,-0.28512801737125315,-31.807977874387543,Improved
402,0.6778888048463214,High Risk,0.418544377177071,Medium Risk,-0.2593444276692504,-38.25766494669347,Improved
403,0.8545516063592579,High Risk,0.5930374738133082,Medium Risk,-0.2615141325459497,-30.602497333087662,Improved
404,0.5760272805668365,Medium Risk,0.4775165483501005,Medium Risk,-0.09851073221673601,-17.101747701913887,Improved
405,0.8925377756729103,High Risk,0.7022183095299906,High Risk,-0.1903194661429196,-21.323407404177626,Improved
406,0.6140609233037897,High Risk,0.5713311546246005,Medium Risk,-0.042729768679189206,-6.958555260167537,Stable
407,0.40596070831416414,Medium Risk,0.29988197434797353,Low Risk,-0.10607873396619061,-26.130295812790482,Improved
408,0.897960087030595,High Risk,0.7568476077609476,High Risk,-0.14111247926964743,-15.714783018506198,Improved
409,0.45020767223237346,Medium Risk,0.34722850262831745,Medium Risk,-0.10297916960405601,-22.873703838370748,Improved
410,0.5756225006747282,Medium Risk,0.44864114152367635,Medium Risk,-0.12698135915105185,-22.059832442652596,Improved
411,0.9225340818779426,High Risk,0.6399812751425972,High Risk,-0.28255280673534544,-30.6278989888559,Improved
412,0.9228339308156558,High Risk,0.700645763291652,High Risk,-0.22218816752400383,-24.076722810530022,Improved
413,0.7153908384678074,High Risk,0.5471128488935291,Medium Risk,-0.1682779895742783,-23.522525104555253,Improved
414,0.7475104666933896,High Risk,0.6333842184423125,High Risk,-0.11412624825107709,-15.267511738787313,Improved
415,0.6466450370880759,High Risk,0.6008780877589268,High Risk,-0.04576694932914904,-7.077600028486013,Stable
416,0.5612659244339355,Medium Risk,0.4014524385950551,Medium Risk,-0.15981348583888044,-28.47375528811236,Improved
417,0.5807654999534537,Medium Risk,0.35703730165393294,Medium Risk,-0.2237281982995208,-38.52298359965456,Improved
418,0.7698851508423711,High Risk,0.5956626771508603,Medium Risk,-0.17422247369151078,-22.62967060747762,Improved
419,0.813805991190724,High Risk,0.643363657640571,High Risk,-0.17044233355015304,-20.94385337477911,Improved
420,0.8353684740492167,High Risk,0.550469558588007,Medium Risk,-0.2848989154612097,-34.10458071038297,Improved
421,0.8342899785370046,High Risk,0.7226307871390767,High Risk,-0.1116591913979279,-13.38373878033767,Improved
422,0.4501633566767797,Medium Risk,0.4252806617467092,Medium Risk,-0.024882694930070504,-5.527481204547807,Stable
423,0.6719311675864198,High Risk,0.6255821290074757,High Risk,-0.046349038578944124,-6.897884904703871,Stable
424,0.43165731800915436,Medium Risk,0.2887731832342017,Low Risk,-0.14288413477495265,-33.101288641172175,Improved
425,0.7022408852780545,High Risk,0.6364950809515544,High Risk,-0.06574580432650012,-9.362286603473374,Improved
426,0.6428417757553574,High Risk,0.5442123445369472,Medium Risk,-0.09862943121841017,-15.342722725591033,Improved
427,0.8882373005170648,High Risk,0.6740355866499178,High Risk,-0.21420171386714704,-24.1153702667581,Improved
428,0.5930032569036433,Medium Risk,0.4680063822655544,Medium Risk,-0.1249968746380889,-21.07861519863449,Improved
429,0.46438685903518323,Medium Risk,0.416722220264656,Medium Risk,-0.047664638770527235,-10.263993875613957,Stable
430,0.4786454251290597,Medium Risk,0.3676222923833194,Medium Risk,-0.11102313274574033,-23.195277112656946,Improved
431,0.8188308474446098,High Risk,0.5982563056776894,Medium Risk,-0.22057454176692037,-26.937742081320554,Improved
432,0.7400199348239436,High Risk,0.5717665030687734,Medium Risk,-0.16825343175517016,-22.73633774409049,Improved
433,0.45561747186753465,Medium Risk,0.36572206313967726,Medium Risk,-0.0898954087278574,-19.730456858773277,Improved
434,0.4462587433632486,Medium Risk,0.29728739067856824,Low Risk,-0.14897135268468037,-33.38228211775779,Improved
435,0.785533022302516,High Risk,0.7190122836418248,High Risk,-0.06652073866069119,-8.468229440655321,Improved
436,0.4400196535003065,Medium Risk,0.3678412197666363,Medium Risk,-0.07217843373367017,-16.40345679096352,Improved
437,0.8520230326096958,High Risk,0.7000597157583887,High Risk,-0.15196331685130715,-17.83558789318788,Improved
438,0.7884332249360728,High Risk,0.500516080628443,Medium Risk,-0.2879171443076298,-36.51763208367767,Improved
439,0.4447418293530449,Medium Risk,0.3608905954904361,Medium Risk,-0.08385123386260879,-18.853912163959286,Improved
440,0.4466607427468556,Medium Risk,0.28690637838162214,Low Risk,-0.15975436436523344,-35.76637682165276,Improved
441,0.9426517681756464,High Risk,0.5915556368413772,Medium Risk,-0.3510961313342692,-37.24558136816105,Improved
442,0.6058489376658662,High Risk,0.47532412368012283,Medium Risk,-0.1305248139857434,-21.544118652516243,Improved
443,0.60385318088679,High Risk,0.44744007261428015,Medium Risk,-0.15641310827250982,-25.902506308372676,Improved
444,0.8470397619916263,High Risk,0.6827848560769492,High Risk,-0.16425490591467717,-19.39164054453219,Improved
445,0.9209867175611223,High Risk,0.5813523816291264,Medium Risk,-0.3396343359319959,-36.87722411799665,Improved
446,0.942300585102579,High Risk,0.7075208083631429,High Risk,-0.23477977673943606,-24.915592800345966,Improved
447,0.8143580018924179,High Risk,0.5384334371429808,Medium Risk,-0.27592456474943716,-33.88246497341947,Improved
448,0.6069427720420036,High Risk,0.5738553050769913,Medium Risk,-0.0330874669650123,-5.45149699265592,Stable
449,0.44592539418426785,Medium Risk,0.35513613189741994,Medium Risk,-0.09078926228684792,-20.359742564768908,Improved
450,0.8274308037600901,High Risk,0.6955407342899693,High Risk,-0.13189006947012083,-15.939709867069654,Improved
451,0.7071223373546928,High Risk,0.5048120897517965,Medium Risk,-0.2023102476028963,-28.610360176108735,Improved
452,0.633322105085837,High Risk,0.40099335018106286,Medium Risk,-0.23232875490477412,-36.68413798272296,Improved
453,0.8984949118021048,High Risk,0.8459821987566911,High Risk,-0.05251271304541372,-5.844519802576215,Improved
454,0.46115861526838325,Medium Risk,0.3228989562889101,Medium Risk,-0.13825965897947318,-29.980933761588595,Improved
455,0.6709438073599725,High Risk,0.5020893014887209,Medium Risk,-0.16885450587125161,-25.1667135189249,Improved
456,0.4062445046220805,Medium Risk,0.3361479792035871,Medium Risk,-0.07009652541849343,-17.254762740409877,Improved
457,0.6577633530967695,High Risk,0.4003437539265176,Medium Risk,-0.25741959917025187,-39.13559458098611,Improved
458,0.43096680162501055,Medium Risk,0.3807982560632803,Medium Risk,-0.05016854556173023,-11.640930431894958,Improved
459,0.46534985394743955,Medium Risk,0.3666037161948837,Medium Risk,-0.09874613775255586,-21.219763348998296,Improved
460,0.4646394357274077,Medium Risk,0.3240283983197081,Medium Risk,-0.1406110374076996,-30.262398452591217,Improved
461,0.7570656661638349,High Risk,0.4705638513475601,Medium Risk,-0.28650181481627474,-37.84372051476358,Improved
462,0.8103246835959828,High Risk,0.532281577144051,Medium Risk,-0.27804310645193175,-34.31255545839455,Improved
463,0.7208528208034377,High Risk,0.6583273811362427,High Risk,-0.06252543966719504,-8.673814940129713,Improved
464,0.929194901660998,High Risk,0.7806245149506092,High Risk,-0.1485703867103888,-15.989152162243819,Improved
465,0.6061788187380373,High Risk,0.41672708689068044,Medium Risk,-0.1894517318473568,-31.253439742708856,Improved
466,0.5571416474550234,Medium Risk,0.3470771098625382,Medium Risk,-0.21006453759248517,-37.70397322692398,Improved
467,0.877729520504203,High Risk,0.7387984187504157,High Risk,-0.1389311017537873,-15.828464066467731,Improved
468,0.5229777111856989,Medium Risk,0.41856139554849076,Medium Risk,-0.10441631563720816,-19.965729591128216,Improved
469,0.9297723966923361,High Risk,0.6895023187329337,High Risk,-0.24027007795940247,-25.841816643961778,Improved
470,0.406684961079399,Medium Risk,0.29576733446929915,Low Risk,-0.11091762661009985,-27.273599278347767,Improved
471,0.9334333546892014,High Risk,0.630893599737277,High Risk,-0.3025397549519244,-32.41150034248121,Improved
472,0.4237379515728169,Medium Risk,0.35355166671204785,Medium Risk,-0.07018628486076905,-16.56360602118688,Improved
473,0.890128712533939,High Risk,0.8364840461776689,High Risk,-0.053644666356270077,-6.026619027214529,Improved
474,0.6902356099974649,High Risk,0.4565910879620915,Medium Risk,-0.2336445220353734,-33.8499663957111,Improved
475,0.9461306378656151,High Risk,0.7654109977207689,High Risk,-0.1807196401448462,-19.10091829945739,Improved
476,0.4405881106044694,Medium Risk,0.32976467865290154,Medium Risk,-0.11082343195156785,-25.153523048890836,Improved
477,0.7046198564207264,High Risk,0.5329329238956051,Medium Risk,-0.17168693252512135,-24.36589473893673,Improved
478,0.9331163945905044,High Risk,0.6428719845590498,High Risk,-0.2902444100314546,-31.104845195526497,Improved
479,0.6877038142935818,High Risk,0.6112292290308055,High Risk,-0.0764745852627764,-11.12027935185034,Improved
480,0.7461692509743943,High Risk,0.5744305343218226,Medium Risk,-0.1717387166525718,-23.01605385484656,Improved
481,0.7826617789415394,High Risk,0.6184531142039814,High Risk,-0.16420866473755802,-20.980795173060766,Improved
482,0.6499975856222753,High Risk,0.45933140150197105,Medium Risk,-0.19066618412030423,-29.3333680520936,Improved
483,0.7451569440462349,High Risk,0.49451071066508256,Medium Risk,-0.25064623338115233,-33.63670370165677,Improved
484,0.7213728715577051,High Risk,0.4545144211367001,Medium Risk,-0.26685845042100503,-36.993136412901286,Improved
485,0.895636905770044,High Risk,0.7612391536672302,High Risk,-0.1343977521028138,-15.005830067627942,Improved
486,0.4249955091878018,Medium Risk,0.2841868464757925,Low Risk,-0.1408086627120093,-33.13180014092506,Improved
487,0.5545297542757267,Medium Risk,0.4666514133719532,Medium Risk,-0.0878783409037735,-15.847362603392078,Improved
488,0.9227263162421072,High Risk,0.6797095067482714,High Risk,-0.24301680949383586,-26.33682438835661,Improved
489,0.889645081140004,High Risk,0.663249250980845,High Risk,-0.22639583015915898,-25.4478819653622,Improved
490,0.6506112140321421,High Risk,0.4972049775346028,Medium Risk,-0.15340623649753926,-23.578787636752992,Improved
491,0.7410729287908452,High Risk,0.5400183446452939,Medium Risk,-0.20105458414555133,-27.13020221553599,Improved
492,0.552559650639623,Medium Risk,0.35099527919529216,Medium Risk,-0.20156437144433081,-36.47830079720936,Improved
493,0.5034666378480688,Medium Risk,0.35664123293237193,Medium Risk,-0.14682540491569684,-29.1628866499004,Improved
494,0.6550341227169902,High Risk,0.5451895027661908,Medium Risk,-0.10984461995079942,-16.76929737571216,Improved
495,0.5943437254143291,Medium Risk,0.4951029087707128,Medium Risk,-0.09924081664361634,-16.69754594858952,Improved
496,0.7210108615179796,High Risk,0.5048363089334611,Medium Risk,-0.21617455258451845,-29.982149246600194,Improved
497,0.44275405033074167,Medium Risk,0.33695173571512516,Medium Risk,-0.10580231461561651,-23.89640807048092,Improved
498,0.9359171442163915,High Risk,0.6249179885489633,High Risk,-0.3109991556674282,-33.229347019582185,Improved
499,0.9424159094637815,High Risk,0.6348398444675241,High Risk,-0.30757606499625745,-32.63697714645575,Improved
500,0.7839889427108597,High Risk,0.47671739749187675,Medium Risk,-0.307271545218983,-39.19335190576875,Improved
501,0.6948530014892662,High Risk,0.6349992620160488,High Risk,-0.05985373947321737,-8.613870753228943,Improved
502,0.5702401889574803,Medium Risk,0.3841978063519084,Medium Risk,-0.18604238260557188,-32.625266722378285,Improved
503,0.8475872608388217,High Risk,0.576051541928508,Medium Risk,-0.2715357189103137,-32.03631430722379,Improved
504,0.7766021449046336,High Risk,0.5419599622514965,Medium Risk,-0.2346421826531372,-30.21394985742038,Improved
505,0.4894393166396902,Medium Risk,0.3154890718245611,Medium Risk,-0.1739502448151291,-35.540717490659986,Improved
506,0.9010099514716133,High Risk,0.7421997476564631,High Risk,-0.1588102038151502,-17.625799088652304,Improved
507,0.852395483607743,High Risk,0.5338553200343787,Medium Risk,-0.31854016357336423,-37.36999663878448,Improved
508,0.9223899523105582,High Risk,0.5967594107530281,Medium Risk,-0.32563054155753013,-35.30291507857775,Improved
509,0.799145729613598,High Risk,0.659826542411099,High Risk,-0.13931918720249903,-17.433514569346755,Improved
510,0.7373783577646844,High Risk,0.5300874513435896,Medium Risk,-0.20729090642109482,-28.11187828314951,Improved
511,0.6300336699598403,High Risk,0.5341310405647293,Medium Risk,-0.09590262939511107,-15.22182606545839,Improved
512,0.9130006658447073,High Risk,0.7259256065715788,High Risk,-0.1870750592731285,-20.490133936545035,Improved
513,0.8763351392252245,High Risk,0.6043272061539479,High Risk,-0.2720079330712767,-31.039258942847052,Improved
514,0.4248702685584042,Medium Risk,0.3517032672734433,Medium Risk,-0.0731670012849609,-17.221021732873524,Improved
515,0.4145018359734886,Medium Risk,0.26556958046897083,Low Risk,-0.14893225550451777,-35.93042118974919,Improved
516,0.6070548517829273,High Risk,0.4782035950281712,Medium Risk,-0.12885125675475606,-21.225636592198942,Improved
517,0.845804331930008,High Risk,0.6368922154877343,High Risk,-0.2089121164422737,-24.699816323423796,Improved
518,0.9430018711232194,High Risk,0.6542129741113962,High Risk,-0.2887888970118232,-30.62442460138957,Improved
519,0.48272929010694055,Medium Risk,0.3916873903871059,Medium Risk,-0.09104189971983462,-18.859825079117496,Improved
520,0.7267718934436743,High Risk,0.6577044037203835,High Risk,-0.0690674897232908,-9.503324268090124,Improved
521,0.6094899711470618,High Risk,0.5787818215112789,Medium Risk,-0.030708149635782944,-5.038335508292305,Stable
522,0.9334529187980317,High Risk,0.7586330269259319,High Risk,-0.1748198918720998,-18.728303093980152,Improved
523,0.8631654077246398,High Risk,0.6401640834931471,High Risk,-0.22300132423149266,-25.835294398479043,Improved
524,0.8610807875911257,High Risk,0.5845210000835236,Medium Risk,-0.27655978750760213,-32.117751492432944,Improved
525,0.6577812378872336,High Risk,0.4538582871107394,Medium Risk,-0.20392295077649425,-31.00163687117109,Improved
526,0.6281507262857158,High Risk,0.48229993323255654,Medium Risk,-0.14585079305315923,-23.2190757647582,Improved
527,0.5503738895618884,Medium Risk,0.40097335368825765,Medium Risk,-0.14940053587363072,-27.14528045517518,Improved
528,0.4310065231580099,Medium Risk,0.3964549209675618,Medium Risk,-0.034551602190448116,-8.016491708126948,Stable
529,0.8755973069402792,High Risk,0.6382258660373449,High Risk,-0.23737144090293427,-27.109658632050177,Improved
530,0.8470955550215427,High Risk,0.6189774716350731,High Risk,-0.22811808338646955,-26.929439309909757,Improved
531,0.9498447203073718,High Risk,0.6974112132762993,High Risk,-0.2524335070310725,-26.576292064810808,Improved
532,0.9481502603906479,High Risk,0.8465247408422494,High Risk,-0.10162551954839849,-10.718292637131977,Improved
533,0.7054874380814451,High Risk,0.5839855076715292,Medium Risk,-0.12150193040991586,-17.222408770358438,Improved
534,0.8229430783492808,High Risk,0.6706649485172523,High Risk,-0.15227812983202849,-18.50409023883876,Improved
535,0.9196211514353354,High Risk,0.6593224377072568,High Risk,-0.26029871372807856,-28.30499421656483,Improved
536,0.8673060648725763,High Risk,0.7686642774915312,High Risk,-0.09864178738104512,-11.373353810864618,Improved
537,0.5360414559587587,Medium Risk,0.32882249060931373,Medium Risk,-0.207218965349445,-38.65726485255046,Improved
538,0.6477992744205514,High Risk,0.5861151863951649,Medium Risk,-0.061684088025386496,-9.522098968166052,Improved
539,0.4710376783333223,Medium Risk,0.367156189827595,Medium Risk,-0.10388148850572726,-22.05375350721247,Improved
540,0.9247280649922973,High Risk,0.6837324481691684,High Risk,-0.24099561682312887,-26.061241779780552,Improved
541,0.733396048947984,High Risk,0.5676548111393878,Medium Risk,-0.1657412378085963,-22.59914517488101,Improved
542,0.5257535430269045,Medium Risk,0.43826575376341265,Medium Risk,-0.08748778926349182,-16.64045643131592,Improved
543,0.7694353764232211,High Risk,0.4650989856192332,Medium Risk,-0.30433639080398794,-39.553210071873586,Improved
544,0.7399705322518426,High Risk,0.6697052612390775,High Risk,-0.07026527101276514,-9.495685023961327,Improved
545,0.5969894949180623,Medium Risk,0.45153827820229153,Medium Risk,-0.14545121671577077,-24.364116614101253,Improved
546,0.462456675709796,Medium Risk,0.3329865102289673,Medium Risk,-0.12947016548082868,-27.996171810497273,Improved
547,0.7693652575760397,High Risk,0.49884562187010084,Medium Risk,-0.27051963570593884,-35.161405202808005,Improved
548,0.6861692354970863,High Risk,0.5172432082810924,Medium Risk,-0.16892602721599392,-24.618711897454524,Improved
549,0.8247751154546016,High Risk,0.6381392041188484,High Risk,-0.1866359113357532,-22.628703005046745,Improved
550,0.6860899256115964,High Risk,0.5085822310763968,Medium Risk,-0.17750769453519966,-25.872365692728284,Improved
551,0.868699825175197,High Risk,0.727563061806401,High Risk,-0.141136763368796,-16.246896716058615,Improved
552,0.703548761325967,High Risk,0.5257716878048136,Medium Risk,-0.17777707352115335,-25.26862149342709,Improved
553,0.7085158843444624,High Risk,0.6635223994939741,High Risk,-0.044993484850488374,-6.350384775369931,Stable
554,0.8821594814620897,High Risk,0.7143261094085556,High Risk,-0.1678333720535341,-19.025286876174288,Improved
555,0.6219155764168184,High Risk,0.5489134328782779,Medium Risk,-0.07300214353854051,-11.738272252183187,Improved
556,0.4737083756478524,Medium Risk,0.3023560079190347,Medium Risk,-0.17135236772881768,-36.17254339116825,Improved
557,0.41583047197233647,Medium Risk,0.3073203222330704,Medium Risk,-0.10851014973926609,-26.094804746893306,Improved
558,0.8153254906204904,High Risk,0.5853194754786687,Medium Risk,-0.23000601514182173,-28.210330449349662,Improved
559,0.7411702532444056,High Risk,0.5924313439883426,Medium Risk,-0.14873890925606292,-20.06811641521929,Improved
560,0.787243872454573,High Risk,0.7096135432273947,High Risk,-0.07763032922717827,-9.861026797850096,Improved
561,0.5171302888299009,Medium Risk,0.32445704611013065,Medium Risk,-0.1926732427197702,-37.25816237832977,Improved
562,0.4750043115727234,Medium Risk,0.29706825663759906,Low Risk,-0.17793605493512432,-37.45988206843512,Improved
563,0.40799956611733507,Medium Risk,0.3662249792669665,Medium Risk,-0.041774586850368556,-10.238880214484041,Stable
564,0.5928231573436283,Medium Risk,0.39985775542231966,Medium Risk,-0.19296540192130868,-32.55024698865749,Improved
565,0.7244547277700482,High Risk,0.6042413465762496,High Risk,-0.12021338119379854,-16.59363609425652,Improved
566,0.6157342248048527,High Risk,0.4864345609803519,Medium Risk,-0.1292996638245008,-20.999265367371827,Improved
567,0.640611207113051,High Risk,0.5711130641939333,Medium Risk,-0.06949814291911771,-10.848724178946984,Improved
568,0.8972872819715616,High Risk,0.5776566099520992,Medium Risk,-0.3196306720194624,-35.62188815572588,Improved
569,0.5915405068628152,Medium Risk,0.38179446258168864,Medium Risk,-0.2097460442811266,-35.457596199708604,Improved
570,0.682694219037896,High Risk,0.5426643678883939,Medium Risk,-0.14002985114950206,-20.51135739025924,Improved
571,0.8310091570076287,High Risk,0.7738627586326512,High Risk,-0.05714639837497748,-6.876747132457034,Improved
572,0.6180985302766986,High Risk,0.46063744474699986,Medium Risk,-0.15746108552969873,-25.4750784570236,Improved
573,0.7421476851253304,High Risk,0.5302123740811107,Medium Risk,-0.2119353110442197,-28.557026491085676,Improved
574,0.8743000398107098,High Risk,0.7102299986850513,High Risk,-0.16407004112565848,-18.765873688074,Improved
575,0.9222363430117031,High Risk,0.853674535961474,High Risk,-0.06856180705022907,-7.43429898092392,Improved
576,0.48089041451097086,Medium Risk,0.42939894906492937,Medium Risk,-0.051491465446041496,-10.707525850438175,Improved
577,0.9096231938388218,High Risk,0.8627041597965669,High Risk,-0.04691903404225495,-5.158073624337313,Stable
578,0.6706639611937459,High Risk,0.40769595410941045,Medium Risk,-0.2629680070843355,-39.2100995879168,Improved
579,0.542034413564427,Medium Risk,0.34663119753852917,Medium Risk,-0.19540321602589789,-36.049964935053325,Improved
580,0.6525246659310437,High Risk,0.5307072615989171,Medium Risk,-0.12181740433212662,-18.668628282168235,Improved
581,0.9390179164070124,High Risk,0.8330983422547922,High Risk,-0.1059195741522202,-11.279824623315273,Improved
582,0.6709399516960783,High Risk,0.4695476098547555,Medium Risk,-0.20139234184132282,-30.016448019263176,Improved
583,0.5808133856581295,Medium Risk,0.3971159820697195,Medium Risk,-0.18369740358840997,-31.627611918802344,Improved
584,0.7483704698741991,High Risk,0.6551545889914059,High Risk,-0.0932158808827932,-12.455847021657974,Improved
585,0.5320800903280062,Medium Risk,0.32974793585868445,Medium Risk,-0.20233215446932173,-38.0266351151369,Improved
586,0.4417248304597652,Medium Risk,0.3221428188582279,Medium Risk,-0.11958201160153731,-27.07160733460953,Improved
587,0.47088384705085706,Medium Risk,0.365892395643342,Medium Risk,-0.10499145140751504,-22.296677209268466,Improved
588,0.47042521142677485,Medium Risk,0.3745158771174522,Medium Risk,-0.09590933430932264,-20.387796397738693,Improved
589,0.48354648143176193,Medium Risk,0.4134396422438067,Medium Risk,-0.07010683918795524,-14.498469512252818,Improved
590,0.47635494495717556,Medium Risk,0.3449743472428905,Medium Risk,-0.13138059771428506,-27.580399679926952,Improved
591,0.7524811096417681,High Risk,0.6128503542243716,High Risk,-0.13963075541739645,-18.556047936388747,Improved
592,0.5000340464195296,Medium Risk,0.40246810231816443,Medium Risk,-0.09756594410136521,-19.511860202316537,Improved
593,0.5901170058281248,Medium Risk,0.4671753542782466,Medium Risk,-0.12294165154987818,-20.83343647711886,Improved
594,0.8932336254483064,High Risk,0.7361756001593548,High Risk,-0.15705802528895163,-17.58308474002258,Improved
595,0.6606789021445798,High Risk,0.4564017490130002,Medium Risk,-0.20427715313157963,-30.91927901261733,Improved
596,0.7671567561865649,High Risk,0.48302265583726584,Medium Risk,-0.28413410034929903,-37.03729362453799,Improved
597,0.4947759291608964,Medium Risk,0.31752002082115105,Medium Risk,-0.17725590833974536,-35.82549147860898,Improved
598,0.505758960344769,Medium Risk,0.3432099695338372,Medium Risk,-0.16254899081093177,-32.13961660711347,Improved
599,0.4224777389465634,Medium Risk,0.32744951585682985,Medium Risk,-0.09502822308973352,-22.493072256702515,Improved
600,0.4929142846896905,Medium Risk,0.4407417538366239,Medium Risk,-0.05217253085306661,-10.584503730889303,Improved
601,0.5532246864675773,Medium Risk,0.4677252881350723,Medium Risk,-0.08549939833250497,-15.454733026906567,Improved
602,0.4973557663522108,Medium Risk,0.43576532284639863,Medium Risk,-0.061590443505812165,-12.38357885292836,Improved
603,0.4487863935663806,Medium Risk,0.32440141571185366,Medium Risk,-0.12438497785452696,-27.7158531625868,Improved
604,0.46634972910533046,Medium Risk,0.34585839444293914,Medium Risk,-0.12049133466239131,-25.837119042300756,Improved
605,0.6534283224179991,High Risk,0.4820920064660195,Medium Risk,-0.17133631595197957,-26.22113399032855,Improved
606,0.5134835451231858,Medium Risk,0.3425734301036458,Medium Risk,-0.17091011501954,-33.284438545842455,Improved
607,0.6003484235764415,High Risk,0.3730720176204539,Medium Risk,-0.22727640595598758,-37.85741696497497,Improved
608,0.6768794989701712,High Risk,0.5461203454783092,Medium Risk,-0.13075915349186196,-19.317936751047068,Improved
609,0.7797171557461509,High Risk,0.7377885200323595,High Risk,-0.04192863571379135,-5.377416080279485,Stable
610,0.42162167691260444,Medium Risk,0.2775916631335503,Low Risk,-0.1440300137790541,-34.160960326740806,Improved
611,0.8396757193999734,High Risk,0.5175254700468774,Medium Risk,-0.322150249353096,-38.36603130352541,Improved
612,0.7453452142199992,High Risk,0.650564201465117,High Risk,-0.09478101275488227,-12.71639113616235,Improved
613,0.44496746757187955,Medium Risk,0.30631787505163616,Medium Risk,-0.1386495925202434,-31.15948976603466,Improved
614,0.8804682432587274,High Risk,0.7839472042955888,High Risk,-0.09652103896313857,-10.962466812647513,Improved
615,0.9064798202924972,High Risk,0.7672244263762598,High Risk,-0.13925539391623742,-15.362216653791961,Improved
616,0.4335928779201751,Medium Risk,0.4036687854280884,Medium Risk,-0.029924092492086718,-6.901426203221857,Stable
617,0.5522827064809621,Medium Risk,0.4104148280696929,Medium Risk,-0.1418678784112692,-25.687546748516475,Improved
618,0.8434107038861838,High Risk,0.7014557792165794,High Risk,-0.14195492466960435,-16.831055619227808,Improved
619,0.8115428297110121,High Risk,0.61896304530567,High Risk,-0.19257978440534207,-23.73008267153554,Improved
620,0.5014865606460075,Medium Risk,0.4115730513360322,Medium Risk,-0.08991350930997527,-17.929395594200976,Improved
621,0.5151421278351906,Medium Risk,0.39014784469073427,Medium Risk,-0.12499428314445638,-24.264038289729196,Improved
622,0.6037596565352601,High Risk,0.4021167830305219,Medium Risk,-0.2016428735047382,-33.397871375157386,Improved
623,0.6664876418550617,High Risk,0.5183701579967674,Medium Risk,-0.14811748385829426,-22.22359043988167,Improved
624,0.7400401243416628,High Risk,0.5809348059598788,Medium Risk,-0.159105318381784,-21.499552949689523,Improved
625,0.6029025017633748,High Risk,0.5327917818772994,Medium Risk,-0.07011071988607542,-11.628865310894373,Improved
626,0.6543940938732313,High Risk,0.5610985983514153,Medium Risk,-0.09329549552181604,-14.256775297224667,Improved
627,0.8111090159735661,High Risk,0.6751079894014638,High Risk,-0.13600102657210233,-16.76729316204945,Improved
628,0.4201757615898289,Medium Risk,0.26878033518378863,Low Risk,-0.15139542640604026,-36.031451655659964,Improved
629,0.5388403193892114,Medium Risk,0.45920818090993354,Medium Risk,-0.07963213847927786,-14.778429826769985,Improved
630,0.7923422722365039,High Risk,0.6141498868810538,High Risk,-0.17819238535545012,-22.489319527591984,Improved
631,0.8923637607279595,High Risk,0.8146699650134613,High Risk,-0.07769379571449819,-8.706516236284436,Improved
632,0.6814225931636164,High Risk,0.6282408489570452,High Risk,-0.05318174420657118,-7.804517305431008,Improved
633,0.6926624168959237,High Risk,0.4289691642114443,Medium Risk,-0.26369325268447935,-38.06951932893751,Improved
634,0.45894460623687683,Medium Risk,0.40718691996460193,Medium Risk,-0.051757686272274894,-11.277545387593248,Improved
635,0.6460768017529,High Risk,0.39617047435528835,Medium Risk,-0.2499063273976117,-38.68059133520653,Improved
636,0.6929394965502627,High Risk,0.5048129153823376,Medium Risk,-0.18812658116792502,-27.149063100674216,Improved
637,0.5333587769991013,Medium Risk,0.4212494243168262,Medium Risk,-0.11210935268227507,-21.019500853262226,Improved
638,0.5480837770221596,Medium Risk,0.35726034199533974,Medium Risk,-0.19082343502681987,-34.81647204805054,Improved
639,0.6075062897075425,High Risk,0.523190391155491,Medium Risk,-0.08431589855205146,-13.879016560082313,Improved
640,0.41103915877774955,Medium Risk,0.2478254339678132,Low Risk,-0.16321372480993634,-39.70758535397515,Improved
641,0.5771435410707481,Medium Risk,0.3803431727844813,Medium Risk,-0.19680036828626674,-34.099033304808714,Improved
642,0.5162964038480996,Medium Risk,0.41473000242576386,Medium Risk,-0.10156640142233575,-19.672110955128357,Improved
643,0.580123543697853,Medium Risk,0.49312569164067216,Medium Risk,-0.08699785205718086,-14.99643532869477,Improved
644,0.4658691725005882,Medium Risk,0.42898402080598813,Medium Risk,-0.03688515169460005,-7.917491405712937,Stable
645,0.8897900044069422,High Risk,0.7535843568060625,High Risk,-0.13620564760087972,-15.307617182288165,Improved
646,0.7264758494547268,High Risk,0.6066965052744041,High Risk,-0.11977934418032266,-16.487725541079694,Improved
647,0.7735062755294693,High Risk,0.5708626383082849,Medium Risk,-0.2026436372211844,-26.19805987772675,Improved
648,0.834044181234036,High Risk,0.5008014524133216,Medium Risk,-0.3332427288207144,-39.95504510656195,Improved
649,0.6741432094109815,High Risk,0.4328375175601557,Medium Risk,-0.2413056918508258,-35.79442594425324,Improved
650,0.447806158448083,Medium Risk,0.3524655810777078,Medium Risk,-0.09534057737037521,-21.290590933538635,Improved
651,0.6954085980002013,High Risk,0.5815670533842071,Medium Risk,-0.11384154461599416,-16.37045399544531,Improved
652,0.7227626149114835,High Risk,0.5392581735876516,Medium Risk,-0.18350444132383192,-25.389310063623817,Improved
653,0.8099917108013814,High Risk,0.6931404063889189,High Risk,-0.1168513044124625,-14.426234596506344,Improved
654,0.6374127504263236,High Risk,0.49887223860981156,Medium Risk,-0.13854051181651206,-21.734819663373752,Improved
655,0.4701691665375601,Medium Risk,0.2943078759433627,Low Risk,-0.17586129059419736,-37.40383315419907,Improved
656,0.5560767481892985,Medium Risk,0.37101756926679413,Medium Risk,-0.1850591789225044,-33.27943121612179,Improved
657,0.5996952630192494,Medium Risk,0.5361271922099421,Medium Risk,-0.06356807080930726,-10.600062186461995,Improved
658,0.7552544827323806,High Risk,0.644775450156711,High Risk,-0.1104790325756696,-14.628053868144614,Improved
659,0.7139280675679015,High Risk,0.651935334253107,High Risk,-0.06199273331479449,-8.683330454562691,Improved
660,0.5958531992438154,Medium Risk,0.3820283215903435,Medium Risk,-0.2138248776534719,-35.88549628076723,Improved
661,0.9425833868361387,High Risk,0.892228590741313,High Risk,-0.05035479609482574,-5.342211288472407,Improved
662,0.7331761506462879,High Risk,0.493641893346428,Medium Risk,-0.23953425729985994,-32.67076501175232,Improved
663,0.530474735454797,Medium Risk,0.32047196563777447,Medium Risk,-0.21000276981702248,-39.587704329967536,Improved
664,0.4559803599412221,Medium Risk,0.4327700607318782,Medium Risk,-0.02321029920934392,-5.090197133125609,Stable
665,0.4840725265513826,Medium Risk,0.33806456698709,Medium Risk,-0.14600795956429263,-30.162414009421045,Improved
666,0.5352767506114795,Medium Risk,0.4463173990270516,Medium Risk,-0.08895935158442791,-16.619319162060407,Improved
667,0.48837475529275565,Medium Risk,0.3232253668582971,Medium Risk,-0.16514938843445853,-33.81611900382933,Improved
668,0.5026118632282182,Medium Risk,0.4036375282203056,Medium Risk,-0.09897433500791258,-19.692001373030042,Improved
669,0.5568023427816159,Medium Risk,0.5102604851140252,Medium Risk,-0.04654185766759067,-8.358775474090436,Stable
670,0.49535547741211516,Medium Risk,0.352724509714728,Medium Risk,-0.14263096769738715,-28.793659140004646,Improved
671,0.8932209835445338,High Risk,0.7454723106241622,High Risk,-0.14774867292037164,-16.54111083844743,Improved
672,0.4441285601139032,Medium Risk,0.2956858086849884,Low Risk,-0.14844275142891483,-33.42337439205543,Improved
673,0.68848126426364,High Risk,0.5636447326637745,Medium Risk,-0.12483653159986552,-18.132161044844626,Improved
674,0.6257182548443139,High Risk,0.4491140473499411,Medium Risk,-0.17660420749437278,-28.224237686387145,Improved
675,0.9403082392997335,High Risk,0.6336952465952799,High Risk,-0.30661299270445364,-32.6077109494217,Improved
676,0.4616213961924288,Medium Risk,0.3275728751433343,Medium Risk,-0.13404852104909454,-29.038628225372783,Improved
677,0.6188205794751579,High Risk,0.4100270344618782,Medium Risk,-0.20879354501327968,-33.74056260222702,Improved
678,0.9332087383014528,High Risk,0.8545118405480733,High Risk,-0.07869689775337951,-8.432936225674108,Improved
679,0.8760289192416891,High Risk,0.6473988711100915,High Risk,-0.2286300481315976,-26.098458978900496,Improved
680,0.8493896390221038,High Risk,0.5825519785223819,Medium Risk,-0.2668376604997219,-31.415224325897146,Improved
681,0.5418465548747169,Medium Risk,0.4101468182664827,Medium Risk,-0.1316997366082342,-24.305725564442348,Improved
682,0.49398817306453624,Medium Risk,0.3518122802433693,Medium Risk,-0.14217589282116694,-28.781234161772655,Improved
683,0.767753770958437,High Risk,0.6606880038262986,High Risk,-0.10706576713213845,-13.945326116533597,Improved
684,0.9111567940201721,High Risk,0.8564208438328527,High Risk,-0.05473595018731947,-6.007303084007698,Improved
685,0.7062195911576614,High Risk,0.5320035371758045,Medium Risk,-0.1742160539818569,-24.668822015582357,Improved
686,0.714386979208445,High Risk,0.6439210548863779,High Risk,-0.07046592432206711,-9.863831000971597,Improved
687,0.5539885015131563,Medium Risk,0.4421116735719166,Medium Risk,-0.11187682794123965,-20.194792425413326,Improved
688,0.8232211132555652,High Risk,0.539236569695163,Medium Risk,-0.28398454356040226,-34.49675172170184,Improved
689,0.5028740617066378,Medium Risk,0.4232781292200797,Medium Risk,-0.07959593248655816,-15.82820402715305,Improved
690,0.578023580022334,Medium Risk,0.450686184160872,Medium Risk,-0.12733739586146198,-22.029792600596302,Improved
691,0.6339900412390292,High Risk,0.5247613445208614,Medium Risk,-0.10922869671816782,-17.228771686176376,Improved
692,0.6791857082764503,High Risk,0.6190034663741152,High Risk,-0.06018224190233512,-8.860940559991734,Improved
693,0.5333253528282942,Medium Risk,0.4022084346744964,Medium Risk,-0.13111691815379778,-24.58479002703839,Improved
694,0.463160253606562,Medium Risk,0.42398253194380536,Medium Risk,-0.039177721662756626,-8.458783187392564,Stable
695,0.7358410233428979,High Risk,0.6348351834870248,High Risk,-0.10100583985587308,-13.726584500142078,Improved
696,0.5587468042821406,Medium Risk,0.43080033688107705,Medium Risk,-0.12794646740106358,-22.898827594270532,Improved
697,0.7196810217824368,High Risk,0.5837532461026995,Medium Risk,-0.13592777567973724,-18.88722525197127,Improved
698,0.4848994934008113,Medium Risk,0.34619564021725263,Medium Risk,-0.13870385318355866,-28.6046603618346,Improved
699,0.6646270560201496,High Risk,0.6275801157842523,High Risk,-0.037046940235897274,-5.574094509142902,Stable
700,0.6929241879033723,High Risk,0.5776028296880966,Medium Risk,-0.11532135821527567,-16.642709293236152,Improved
701,0.42850294525233484,Medium Risk,0.2636777440535986,Low Risk,-0.16482520119873623,-38.46536016261795,Improved
702,0.5851323530066563,Medium Risk,0.4179703772928415,Medium Risk,-0.16716197571381486,-28.568233298819706,Improved
703,0.47392807231643586,Medium Risk,0.3877490162033158,Medium Risk,-0.08617905611312004,-18.18399481843299,Improved
704,0.43485623376002225,Medium Risk,0.26948764721271046,Low Risk,-0.1653685865473118,-38.0283352770266,Improved
705,0.9444781278144698,High Risk,0.5745822103941952,Medium Risk,-0.3698959174202746,-39.16405330383,Improved
706,0.5772946147360977,Medium Risk,0.43730556833469647,Medium Risk,-0.1399890464014012,-24.249151616526905,Improved
707,0.8454309452200491,High Risk,0.6057018677110801,High Risk,-0.239729077508969,-28.355843710756556,Improved
708,0.5400523601200702,Medium Risk,0.4068778852690206,Medium Risk,-0.1331744748510496,-24.659548718839197,Improved
709,0.7748264972231611,High Risk,0.5361355063322956,Medium Risk,-0.23869099089086554,-30.805734154199833,Improved
710,0.8181253229393275,High Risk,0.5380411097326441,Medium Risk,-0.2800842132066834,-34.23487885699568,Improved
711,0.7276013073343144,High Risk,0.6120583470184667,High Risk,-0.11554296031584765,-15.879982505688186,Improved
712,0.6593669037025871,High Risk,0.5143720495054516,Medium Risk,-0.14499485419713554,-21.990010930626973,Improved
713,0.6265125027809977,High Risk,0.41979719220979766,Medium Risk,-0.20671531057120002,-32.99460260627216,Improved
714,0.5918775465986474,Medium Risk,0.42133175989596144,Medium Risk,-0.170545786702686,-28.814370080900066,Improved
715,0.9112410293363041,High Risk,0.7354924940337552,High Risk,-0.17574853530254897,-19.286723231783597,Improved
716,0.8568406742832511,High Risk,0.535765569786841,Medium Risk,-0.3210751044964101,-37.471972810463285,Improved
717,0.9307648008665819,High Risk,0.606494305302334,High Risk,-0.3242704955642479,-34.83914467568372,Improved
718,0.4683634729170496,Medium Risk,0.2930250316807053,Low Risk,-0.1753384412363443,-37.43640385624135,Improved
719,0.8019771113620043,High Risk,0.7091972346169777,High Risk,-0.09277987674502663,-11.568893355005832,Improved
720,0.9160872512515708,High Risk,0.7908977279452644,High Risk,-0.1251895233063064,-13.665676837579694,Improved
721,0.4996781863911131,Medium Risk,0.43155182568990763,Medium Risk,-0.06812636070120548,-13.634047384226001,Improved
722,0.43657294705172767,Medium Risk,0.3713986614182463,Medium Risk,-0.06517428563348138,-14.928612978339025,Improved
723,0.8076163571095325,High Risk,0.6737821303439877,High Risk,-0.1338342267655448,-16.57151017155459,Improved
724,0.7159602122489515,High Risk,0.549103658890688,Medium Risk,-0.16685655335826344,-23.305282961763886,Improved
725,0.8630058272170495,High Risk,0.7118049255605465,High Risk,-0.15120090165650302,-17.520264277250977,Improved
726,0.47687480714445923,Medium Risk,0.2925276649511225,Low Risk,-0.18434714219333675,-38.657345582420895,Improved
727,0.8373970215229396,High Risk,0.6845825726941064,High Risk,-0.15281444882883322,-18.24874520701254,Improved
728,0.5108950260262595,Medium Risk,0.4456318633311841,Medium Risk,-0.06526316269507537,-12.774280306209306,Improved
729,0.49001076857613746,Medium Risk,0.37981980580309027,Medium Risk,-0.11019096277304719,-22.487457386546357,Improved
730,0.4903461888620461,Medium Risk,0.3555645676388159,Medium Risk,-0.13478162122323023,-27.48703350504671,Improved
731,0.8480160961272601,High Risk,0.5911514754888967,Medium Risk,-0.25686462063836346,-30.29006428196574,Improved
732,0.7658584713829101,High Risk,0.6318184712683727,High Risk,-0.13404000011453743,-17.501928244327114,Improved
733,0.6876859836230156,High Risk,0.5793619759810639,Medium Risk,-0.10832400764195171,-15.751958047953199,Improved
734,0.5973567662679263,Medium Risk,0.5405114959030647,Medium Risk,-0.056845270364861644,-9.516134004811024,Improved
735,0.8824602974472096,High Risk,0.6352098611505209,High Risk,-0.24725043629668864,-28.018307113865326,Improved
736,0.6158448090824494,High Risk,0.535427983337061,Medium Risk,-0.08041682574538844,-13.057969241504514,Improved
737,0.8491296917093674,High Risk,0.676310179302223,High Risk,-0.17281951240714433,-20.352546153373172,Improved
738,0.6415241997136201,High Risk,0.5831408604342544,Medium Risk,-0.058383339279365676,-9.100722826267244,Improved
739,0.6073194361836991,High Risk,0.4765843549175785,Medium Risk,-0.1307350812661206,-21.52657620965328,Improved
740,0.6544738821182836,High Risk,0.5112556504231136,Medium Risk,-0.14321823169517,-21.882956006071158,Improved
741,0.5657578307902782,Medium Risk,0.45388316789496586,Medium Risk,-0.11187466289531234,-19.77430214956819,Improved
742,0.8111851590969381,High Risk,0.6994528189094109,High Risk,-0.1117323401875272,-13.773962570014792,Improved
743,0.6764962145508635,High Risk,0.6343110387297679,High Risk,-0.0421851758210956,-6.23583324100387,Stable
744,0.5277169823307495,Medium Risk,0.3302174103523548,Medium Risk,-0.19749957197839468,-37.42528260244821,Improved
745,0.8947660153010126,High Risk,0.5535936223718191,Medium Risk,-0.34117239292919355,-38.1297889163144,Improved
746,0.6111401717552662,High Risk,0.5672252390344747,Medium Risk,-0.0439149327207915,-7.185738190743159,Stable
747,0.6989540736126938,High Risk,0.5489979986050249,Medium Risk,-0.14995607500766894,-21.45435310686278,Improved
748,0.8985596610305008,High Risk,0.7325202621358651,High Risk,-0.1660393988946357,-18.47839449015725,Improved
749,0.7433308977526956,High Risk,0.5715086677562917,Medium Risk,-0.17182222999640384,-23.1151739441845,Improved
750,0.46429392238960027,Medium Risk,0.29379595854501,Low Risk,-0.17049796384459026,-36.721989158738396,Improved
751,0.9169076679874113,High Risk,0.7966380650625626,High Risk,-0.12026960292484867,-13.116871755346683,Improved
752,0.7452394291892799,High Risk,0.6420451013072611,High Risk,-0.10319432788201877,-13.847137421899468,Improved
753,0.5841980880613974,Medium Risk,0.4142526223973092,Medium Risk,-0.1699454656640882,-29.090383747751574,Improved
754,0.476599639964863,Medium Risk,0.3370435138855562,Medium Risk,-0.13955612607930679,-29.281626417005995,Improved
755,0.8367138540986627,High Risk,0.7473900342884784,High Risk,-0.08932381981018434,-10.67555166830685,Improved
756,0.7410400157606825,High Risk,0.46339087765237086,Medium Risk,-0.2776491381083116,-37.46749597905357,Improved
757,0.6934036005869768,High Risk,0.6298786791803439,High Risk,-0.0635249214066329,-9.161319807520192,Improved
758,0.8916409206780267,High Risk,0.615082075325366,High Risk,-0.27655884535266073,-31.016840853642996,Improved
759,0.8337284661734918,High Risk,0.6732729721777571,High Risk,-0.16045549399573478,-19.245533828557722,Improved
760,0.48342118385301314,Medium Risk,0.4484205052442068,Medium Risk,-0.035000678608806346,-7.240203734937792,Stable
761,0.5714471372875516,Medium Risk,0.4784971891542174,Medium Risk,-0.09294994813333418,-16.26571244621738,Improved
762,0.5366690268979561,Medium Risk,0.3998454915997391,Medium Risk,-0.13682353529821706,-25.494956563653727,Improved
763,0.8091704609149724,High Risk,0.6807850263218058,High Risk,-0.12838543459316654,-15.866302688310476,Improved
764,0.41844283910467867,Medium Risk,0.301443238927853,Medium Risk,-0.11699960017682565,-27.960712728927057,Improved
765,0.713439326679224,High Risk,0.4972960662642434,Medium Risk,-0.21614326041498066,-30.295955427778487,Improved
766,0.8193522771573798,High Risk,0.7774335159775894,High Risk,-0.04191876117979043,-5.116085272286215,Stable
767,0.8822211002189622,High Risk,0.7611597044561557,High Risk,-0.1210613957628065,-13.722341908707438,Improved
768,0.5881449617937491,Medium Risk,0.48560305933896303,Medium Risk,-0.10254190245478606,-17.43480079163638,Improved
769,0.851691517569607,High Risk,0.6169239219353432,High Risk,-0.23476759563426386,-27.564862487323854,Improved
770,0.460847455325364,Medium Risk,0.28443794825144453,Low Risk,-0.17640950707391945,-38.27937097957331,Improved
771,0.865548760453985,High Risk,0.5287376904669217,Medium Risk,-0.33681106998706334,-38.91300933876956,Improved
772,0.47011876428259036,Medium Risk,0.37325711101961156,Medium Risk,-0.0968616532629788,-20.603656059292042,Improved
773,0.618508009808202,High Risk,0.5360679754794284,Medium Risk,-0.08244003432877356,-13.328854763633222,Improved
774,0.8385124511787545,High Risk,0.6608171704742888,High Risk,-0.17769528070446572,-21.191728334465072,Improved
775,0.4824545850418256,Medium Risk,0.43144696557220674,Medium Risk,-0.05100761946961885,-10.572522482131003,Improved
776,0.5260882673779528,Medium Risk,0.3218078178345843,Medium Risk,-0.2042804495433685,-38.83007134173725,Improved
777,0.7972389126161865,High Risk,0.5806795068830526,Medium Risk,-0.21655940573313393,-27.163677325092106,Improved
778,0.7960200951003409,High Risk,0.543661535424985,Medium Risk,-0.2523585596753559,-31.702536308903774,Improved
779,0.7526311980869135,High Risk,0.5693997753157427,Medium Risk,-0.18323142277117077,-24.345446114500728,Improved
780,0.781671644456905,High Risk,0.4888040876749112,Medium Risk,-0.2928675567819938,-37.46682623820572,Improved
781,0.6984984438411779,High Risk,0.6523598797046646,High Risk,-0.046138564136513294,-6.605392545012473,Stable
782,0.538489482398824,Medium Risk,0.3651709293168981,Medium Risk,-0.1733185530819259,-32.18606096257237,Improved
783,0.5901327964271557,Medium Risk,0.5445791012057164,Medium Risk,-0.04555369522143926,-7.7192278580745315,Stable
784,0.49987874424078416,Medium Risk,0.3744404739766392,Medium Risk,-0.12543827026414495,-25.09373957371614,Improved
785,0.8996478087334956,High Risk,0.8501073046680593,High Risk,-0.04954050406543631,-5.506655336067382,Stable
786,0.7208654871213662,High Risk,0.5723098405431722,Medium Risk,-0.14855564657819398,-20.607956578892626,Improved
787,0.6204682792200019,High Risk,0.5744242604488073,Medium Risk,-0.04604401877119457,-7.420849753846732,Stable
788,0.654103192004273,High Risk,0.3936864919051739,Medium Risk,-0.2604167000990991,-39.8127853957022,Improved
789,0.9210058367864984,High Risk,0.7937998098028687,High Risk,-0.1272060269836297,-13.811641783668499,Improved
790,0.4843432717138441,Medium Risk,0.4436912407747551,Medium Risk,-0.040652030939089034,-8.393227141411959,Stable
791,0.7224264076092385,High Risk,0.46878408411064915,Medium Risk,-0.25364232349858934,-35.10978015573662,Improved
792,0.6782387733864563,High Risk,0.42976196195121374,Medium Risk,-0.24847681143524258,-36.635595189374705,Improved
793,0.7362998294890564,High Risk,0.551194356090294,Medium Risk,-0.18510547339876238,-25.139958748491548,Improved
794,0.4099606011014623,Medium Risk,0.37994640861878226,Medium Risk,-0.030014192482680058,-7.321238285347269,Stable
795,0.8796681499192833,High Risk,0.6947929536319025,High Risk,-0.1848751962873808,-21.016470393334647,Improved
796,0.9126650553659867,High Risk,0.7160859121526019,High Risk,-0.19657914321338488,-21.53902376973937,Improved
797,0.7108232509740648,High Risk,0.4616044547568449,Medium Risk,-0.24921879621721993,-35.06058585952374,Improved
798,0.7831579531322908,High Risk,0.47011118104148353,Medium Risk,-0.3130467720908072,-39.972367111737356,Improved
799,0.9073746596475126,High Risk,0.8017100019759463,High Risk,-0.1056646576715663,-11.645096823908856,Improved
800,0.7889812488723692,High Risk,0.49757189014943853,Medium Risk,-0.29140935872293067,-36.93489029548165,Improved
801,0.48389647360284377,Medium Risk,0.397689076389645,Medium Risk,-0.08620739721319876,-17.81525634426366,Improved
802,0.7169585980917472,High Risk,0.6596849047123479,High Risk,-0.05727369337939936,-7.988424091968306,Improved
803,0.7336932755105707,High Risk,0.49379624226870716,Medium Risk,-0.23989703324186357,-32.69718303945492,Improved
804,0.6332718692163123,High Risk,0.5274176219196924,Medium Risk,-0.10585424729661985,-16.715450731708135,Improved
805,0.8050443295935975,High Risk,0.5052011427800721,Medium Risk,-0.2998431868135254,-37.24554981523716,Improved
806,0.9139018581229581,High Risk,0.7414616466053457,High Risk,-0.17244021151761235,-18.868569965683548,Improved
807,0.909062682098727,High Risk,0.5975960827350087,Medium Risk,-0.31146659936371823,-34.262389766637895,Improved
808,0.6479616542722726,High Risk,0.5556813828520079,Medium Risk,-0.09228027142026474,-14.241625381968776,Improved
809,0.46228092521241543,Medium Risk,0.32610727370854087,Medium Risk,-0.13617365150387456,-29.456904682213214,Improved
810,0.941662659429284,High Risk,0.717722899054881,High Risk,-0.223939760374403,-23.78131469183739,Improved
811,0.8613939475452637,High Risk,0.6975574128338877,High Risk,-0.16383653471137594,-19.019931029033245,Improved
812,0.4685644746617968,Medium Risk,0.3092271072894043,Medium Risk,-0.1593373673723925,-34.00543062668163,Improved
813,0.9064630354395548,High Risk,0.7791713651550473,High Risk,-0.1272916702845075,-14.04267634838328,Improved
814,0.8784429991341705,High Risk,0.6201141004512989,High Risk,-0.25832889868287157,-29.407588077711488,Improved
815,0.6853609314193396,High Risk,0.5701038870511215,Medium Risk,-0.11525704436821815,-16.81698490305364,Improved
816,0.725201489659711,High Risk,0.47529638025010085,Medium Risk,-0.24990510940961014,-34.46009322552192,Improved
817,0.6194514871285717,High Risk,0.5208603198373248,Medium Risk,-0.09859116729124684,-15.915881927777747,Improved
818,0.4301189013521173,Medium Risk,0.2773689803765587,Low Risk,-0.15274992097555856,-35.51341745163384,Improved
819,0.5843584829052455,Medium Risk,0.4376113266421237,Medium Risk,-0.1467471562631218,-25.112522630550576,Improved
820,0.8415693967289062,High Risk,0.5777560112577955,Medium Risk,-0.26381338547111066,-31.347787419139312,Improved
821,0.4025476126525316,Medium Risk,0.34696840210046415,Medium Risk,-0.05557921055206744,-13.806866270013613,Improved
822,0.5834245444301294,Medium Risk,0.4035619052532872,Medium Risk,-0.17986263917684214,-30.82877484225938,Improved
823,0.6189927814750188,High Risk,0.562417495671133,Medium Risk,-0.05657528580388582,-9.139894276161131,Improved
824,0.6955675816158575,High Risk,0.6344529786589986,High Risk,-0.06111460295685889,-8.786292600768558,Improved
825,0.9059205890270182,High Risk,0.6058384346147648,High Risk,-0.3000821544122534,-33.124553967202495,Improved
826,0.5904902969012786,Medium Risk,0.48115870415250717,Medium Risk,-0.10933159274877147,-18.51539192472965,Improved
827,0.5908242610429253,Medium Risk,0.37263355542312426,Medium Risk,-0.21819070561980103,-36.92988253980125,Improved
828,0.8056256864603616,High Risk,0.5937767325006584,Medium Risk,-0.21184895395970316,-26.296201513942986,Improved
829,0.6487198674893939,High Risk,0.551193012737416,Medium Risk,-0.09752685475197787,-15.033739467455472,Improved
830,0.5235326526169901,Medium Risk,0.43494995213741977,Medium Risk,-0.08858270047957034,-16.920186360252934,Improved
831,0.6488417338729814,High Risk,0.5311711932450772,Medium Risk,-0.11767054062790416,-18.135476570768734,Improved
832,0.47747136120888994,Medium Risk,0.33369962649484874,Medium Risk,-0.1437717347140412,-30.11106977181448,Improved
833,0.4970128425784228,Medium Risk,0.3639668446864385,Medium Risk,-0.13304599789198435,-26.769126769795943,Improved
834,0.6741022750067138,High Risk,0.42875004562499996,Medium Risk,-0.24535222938171386,-36.39688493548998,Improved
835,0.6304089972275013,High Risk,0.5368928576611335,Medium Risk,-0.09351613956636784,-14.834201284823958,Improved
836,0.903165245587455,High Risk,0.7011823444684382,High Risk,-0.20198290111901684,-22.363892112305432,Improved
837,0.5993166445141482,Medium Risk,0.5082612508920101,Medium Risk,-0.0910553936221381,-15.193202867902084,Improved
838,0.7193235926529239,High Risk,0.49426898831035343,Medium Risk,-0.22505460434257046,-31.286976632109447,Improved
839,0.7477453583557416,High Risk,0.5335562278507053,Medium Risk,-0.2141891305050363,-28.644661997772687,Improved
840,0.40720195112358354,Medium Risk,0.2919537687738609,Low Risk,-0.11524818234972262,-28.302463195895992,Improved
841,0.7649455546091908,High Risk,0.46585937243088593,Medium Risk,-0.29908618217830485,-39.099015658847435,Improved
842,0.49791978177836327,Medium Risk,0.3581869379125476,Medium Risk,-0.1397328438658157,-28.06332445092819,Improved
843,0.9285886746082003,High Risk,0.8182320399953558,High Risk,-0.1103566346128445,-11.88433992686884,Improved
844,0.48176450026421214,Medium Risk,0.440358996645973,Medium Risk,-0.04140550361823914,-8.594552648759151,Stable
845,0.6280432680498631,High Risk,0.490738194410267,Medium Risk,-0.1373050736395961,-21.862358952742543,Improved
846,0.44694231744325413,Medium Risk,0.33941943460716567,Medium Risk,-0.10752288283608846,-24.057440667327292,Improved
847,0.948280838515271,High Risk,0.5791991414526659,Medium Risk,-0.3690816970626051,-38.92113834552204,Improved
848,0.6762072556821834,High Risk,0.6138078767151792,High Risk,-0.062399378967004204,-9.22784818451162,Improved
849,0.727461759526024,High Risk,0.43978960717832244,Medium Risk,-0.28767215234770155,-39.54464253009446,Improved
850,0.4368920625636351,Medium Risk,0.40659907144075075,Medium Risk,-0.03029299112288436,-6.93374719264259,Stable
851,0.8124782587195478,High Risk,0.6266041032867219,High Risk,-0.18587415543282593,-22.87743129591683,Improved
852,0.5154480762025722,Medium Risk,0.3709561626366811,Medium Risk,-0.14449191356589108,-28.032292724884567,Improved
853,0.8939298591923925,High Risk,0.8255231748781049,High Risk,-0.06840668431428765,-7.6523547805069,Improved
854,0.5128268022651039,Medium Risk,0.31207400560931475,Medium Risk,-0.20075279665578916,-39.14631524114661,Improved
855,0.5048782463650167,Medium Risk,0.40566902127907406,Medium Risk,-0.0992092250859426,-19.65012867958196,Improved
856,0.4201023173164522,Medium Risk,0.33277412934726097,Medium Risk,-0.08732818796919123,-20.787361642523187,Improved
857,0.6596368198104996,High Risk,0.44641722607742335,Medium Risk,-0.21321959373307625,-32.32378595760163,Improved
858,0.7106626232944391,High Risk,0.5330755674481374,Medium Risk,-0.17758705584630163,-24.98893990274263,Improved
859,0.4361397516855938,Medium Risk,0.3612512425663746,Medium Risk,-0.07488850911921924,-17.17075979196805,Improved
860,0.8265401891822558,High Risk,0.7062752184702414,High Risk,-0.12026497071201436,-14.550408109132537,Improved
861,0.6493088591114151,High Risk,0.38974822741496873,Medium Risk,-0.2595606316964464,-39.97490994526971,Improved
862,0.688414648130169,High Risk,0.6387790574270782,High Risk,-0.04963559070309076,-7.210129946814468,Stable
863,0.6424195108160254,High Risk,0.4224447147269105,Medium Risk,-0.21997479608911497,-34.24161196625157,Improved
864,0.6204196834814293,High Risk,0.42297307476254936,Medium Risk,-0.19744660871887992,-31.824684802217433,Improved
865,0.7078021822195198,High Risk,0.4899517872683626,Medium Risk,-0.21785039495115727,-30.77842940071531,Improved
866,0.4853821352618919,Medium Risk,0.29765430767956824,Low Risk,-0.18772782758232365,-38.67629522067877,Improved
867,0.5000604717723991,Medium Risk,0.3215730091047502,Medium Risk,-0.17848746266764892,-35.693175674338626,Improved
868,0.8739820915574346,High Risk,0.8261075139662493,High Risk,-0.0478745775911853,-5.477752696954337,Stable
869,0.920363504173498,High Risk,0.6537579958494424,High Risk,-0.2666055083240556,-28.967414191794997,Improved
870,0.6053201239538641,High Risk,0.38761999897593563,Medium Risk,-0.2177001249779285,-35.964461838133275,Improved
871,0.5489095702289546,Medium Risk,0.34990072665373845,Medium Risk,-0.19900884357521614,-36.255305858888185,Improved
872,0.7541997487814587,High Risk,0.6424356336751283,High Risk,-0.11176411510633033,-14.818901131550993,Improved
873,0.624803794103953,High Risk,0.561760486725851,Medium Risk,-0.06304330737810204,-10.090096758857563,Improved
874,0.4139624956131897,Medium Risk,0.2856065126732397,Low Risk,-0.12835598293995,-31.00666951720355,Improved
875,0.4858839285514047,Medium Risk,0.2950862157299811,Low Risk,-0.1907977128214236,-39.26816706826678,Improved
876,0.7937847258660686,High Risk,0.5382507427169272,Medium Risk,-0.25553398314914144,-32.19184935441255,Improved
877,0.7624081680505832,High Risk,0.47252570933061405,Medium Risk,-0.28988245871996915,-38.021950822113496,Improved
878,0.4149027958769159,Medium Risk,0.2639562744267118,Low Risk,-0.1509465214502041,-36.38117721794855,Improved
879,0.5220846890631222,Medium Risk,0.39210013734047744,Medium Risk,-0.12998455172264478,-24.897215805332515,Improved
880,0.5270911381234393,Medium Risk,0.3586704603945943,Medium Risk,-0.168420677728845,-31.952857019842856,Improved
881,0.7695410089793007,High Risk,0.6006891345662885,High Risk,-0.1688518744130122,-21.941894251610186,Improved
882,0.4108407957649003,Medium Risk,0.28295542881730557,Low Risk,-0.12788536694759473,-31.127718635998335,Improved
883,0.4572597200915156,Medium Risk,0.42488027011819657,Medium Risk,-0.03237944997331904,-7.081194461396828,Stable
884,0.8399538469552541,High Risk,0.770305200518103,High Risk,-0.06964864643715107,-8.291961122580748,Improved
885,0.49819956412988353,Medium Risk,0.39775363253976004,Medium Risk,-0.1004459315901235,-20.161786324633688,Improved
886,0.7590103593185311,High Risk,0.5495602341194276,Medium Risk,-0.20945012519910355,-27.595160280441494,Improved
887,0.5310005295756997,Medium Risk,0.38943653641771975,Medium Risk,-0.1415639931579799,-26.65985912878426,Improved
888,0.45469276601763986,Medium Risk,0.3383588484453619,Medium Risk,-0.11633391757227796,-25.585170089942615,Improved
889,0.5337447050496997,Medium Risk,0.45616638677243154,Medium Risk,-0.07757831827726819,-14.534723725276951,Improved
890,0.7972468125206125,High Risk,0.6043717998679591,High Risk,-0.1928750126526534,-24.192635156840677,Improved
891,0.8706330574584571,High Risk,0.7834439289350017,High Risk,-0.0871891285234554,-10.014451872293591,Improved
892,0.8566209255118453,High Risk,0.7970285275602089,High Risk,-0.0595923979516364,-6.956682492437241,Improved
893,0.6184509412901502,High Risk,0.4437887399470925,Medium Risk,-0.1746622013430577,-28.241884631737317,Improved
894,0.7674468251138553,High Risk,0.6110742149250321,High Risk,-0.1563726101888232,-20.37569315185119,Improved
895,0.5127413624787015,Medium Risk,0.3247036138600335,Medium Risk,-0.188037748618668,-36.67302121086025,Improved
896,0.5612312516435574,Medium Risk,0.3761170740939314,Medium Risk,-0.18511417754962595,-32.98358332817743,Improved
897,0.8929847001866158,High Risk,0.6650173314150549,High Risk,-0.22796736877156087,-25.52869816514441,Improved
898,0.40715105793090484,Medium Risk,0.2736751136332152,Low Risk,-0.13347594429768966,-32.78290494343774,Improved
899,0.44702969196995745,Medium Risk,0.40536481334858476,Medium Risk,-0.04166487862137269,-9.320382822394887,Stable
900,0.514337440330315,Medium Risk,0.33709685592150584,Medium Risk,-0.1772405844088092,-34.45998103793158,Improved
901,0.41459271213060084,Medium Risk,0.31487540681513443,Medium Risk,-0.09971730531546641,-24.051871245641788,Improved
902,0.49978948929938855,Medium Risk,0.4058264335000972,Medium Risk,-0.09396305579929137,-18.800526583904357,Improved
903,0.7206728585333306,High Risk,0.6069163542636095,High Risk,-0.11375650426972117,-15.78476321437045,Improved
904,0.6317835028258738,High Risk,0.46377601957641357,Medium Risk,-0.16800748324946024,-26.592572059572262,Improved
905,0.8909694410923361,High Risk,0.8056009136858411,High Risk,-0.08536852740649503,-9.581532594634503,Improved
906,0.8495939589561425,High Risk,0.6787505565038966,High Risk,-0.17084340245224594,-20.10882971227261,Improved
907,0.5879995434338318,Medium Risk,0.44325035704387106,Medium Risk,-0.1447491863899607,-24.617227684335692,Improved
908,0.5426828883872109,Medium Risk,0.3383813525588479,Medium Risk,-0.20430153582836302,-37.64657780817872,Improved
909,0.6088308244919968,High Risk,0.4643195399673742,Medium Risk,-0.14451128452462259,-23.735868604419228,Improved
910,0.7246622183831443,High Risk,0.6429620203191153,High Risk,-0.08170019806402895,-11.274245571449445,Improved
911,0.5474350024525819,Medium Risk,0.44620844380756847,Medium Risk,-0.10122655864501345,-18.491064362253955,Improved
912,0.7432818993170237,High Risk,0.6624550907920471,High Risk,-0.08082680852497659,-10.874314119480855,Improved
913,0.6251764087051822,High Risk,0.48320139995241174,Medium Risk,-0.14197500875277047,-22.709591529024312,Improved
914,0.7036259494685891,High Risk,0.4513490250841239,Medium Risk,-0.25227692438446525,-35.85384032169315,Improved
915,0.6398695910244242,High Risk,0.38697645751647897,Medium Risk,-0.25289313350794523,-39.52260539574417,Improved
916,0.5619561677480547,Medium Risk,0.3968123337099314,Medium Risk,-0.16514383403812327,-29.387315864849313,Improved
917,0.9216493188291861,High Risk,0.7781454462093326,High Risk,-0.14350387261985353,-15.570333497577273,Improved
918,0.8199831867878684,High Risk,0.7187898541213957,High Risk,-0.10119333266647268,-12.340903362040718,Improved
919,0.4770622466715489,Medium Risk,0.335619727113138,Medium Risk,-0.14144251955841092,-29.64865078828848,Improved
920,0.877657386743852,High Risk,0.6788494457724182,High Risk,-0.19880794097143373,-22.652112769086358,Improved
921,0.6680871590372325,High Risk,0.4993227417904226,Medium Risk,-0.1687644172468099,-25.260838344807148,Improved
922,0.8920037247917503,High Risk,0.663367983338724,High Risk,-0.22863574145302623,-25.63170254770003,Improved
923,0.8399203907710233,High Risk,0.5719623100210193,Medium Risk,-0.26795808075000405,-31.902795037994743,Improved
924,0.6338674274580784,High Risk,0.4105748770084704,Medium Risk,-0.22329255044960805,-35.227011323968966,Improved
925,0.4123581195760646,Medium Risk,0.2758020151506614,Low Risk,-0.13655610442540322,-33.115900461907536,Improved
926,0.5477725476617203,Medium Risk,0.339271875536667,Medium Risk,-0.20850067212505335,-38.06336644928288,Improved
927,0.6978988180634769,High Risk,0.4671356145273361,Medium Risk,-0.23076320353614077,-33.065424036174804,Improved
928,0.748413020904381,High Risk,0.45145793759802333,Medium Risk,-0.29695508330635767,-39.67796858311172,Improved
929,0.5418382269882612,Medium Risk,0.4440583390753885,Medium Risk,-0.09777988791287273,-18.04595597774077,Improved
930,0.4766458407400533,Medium Risk,0.3387671621593546,Medium Risk,-0.1378786785806987,-28.926860741431103,Improved
931,0.8592116302396144,High Risk,0.8081750170312293,High Risk,-0.05103661320838515,-5.939935100058202,Improved
932,0.9414211993869537,High Risk,0.6286819880314063,High Risk,-0.3127392113555474,-33.219903222829565,Improved
933,0.6891296002664772,High Risk,0.4968900067062485,Medium Risk,-0.19223959356022868,-27.896000039164214,Improved
934,0.4944236072165669,Medium Risk,0.35857795509307605,Medium Risk,-0.13584565212349087,-27.475559447546345,Improved
935,0.549769029585653,Medium Risk,0.33148764752747384,Medium Risk,-0.21828138205817915,-39.704197637813884,Improved
936,0.4101148721011067,Medium Risk,0.36652900507511726,Medium Risk,-0.04358586702598943,-10.627721643618935,Stable
937,0.9028643436082744,High Risk,0.551828936205022,Medium Risk,-0.35103540740325234,-38.88019389494863,Improved
938,0.4647630955895776,Medium Risk,0.43179416899362744,Medium Risk,-0.03296892659595019,-7.093705784476559,Stable
939,0.7170840615328394,High Risk,0.6541427415247236,High Risk,-0.06294132000811581,-8.777397711723282,Improved
940,0.5507303713779633,Medium Risk,0.43366308713124935,Medium Risk,-0.11706728424671398,-21.256732936991288,Improved
941,0.7047979013836864,High Risk,0.5569724979698398,Medium Risk,-0.14782540341384653,-20.974154878104777,Improved
942,0.7582812135935253,High Risk,0.628480359050062,High Risk,-0.12980085454346324,-17.11777269653454,Improved
943,0.8563579920389608,High Risk,0.6298234750871019,High Risk,-0.2265345169518589,-26.45324958227896,Improved
944,0.5135316994683318,Medium Risk,0.4244482253754753,Medium Risk,-0.0890834740928565,-17.34722008107506,Improved
945,0.40604770576216426,Medium Risk,0.24999095898846868,Low Risk,-0.15605674677369558,-38.43310639590296,Improved
946,0.475287096537844,Medium Risk,0.29416310687994024,Low Risk,-0.18112398965790377,-38.10833304275957,Improved
947,0.8950102530164578,High Risk,0.680235221552553,High Risk,-0.21477503146390475,-23.996935313315944,Improved
948,0.8806395426593834,High Risk,0.6977904217541258,High Risk,-0.18284912090525762,-20.76321946128878,Improved
949,0.7285772061936695,High Risk,0.6635416173180662,High Risk,-0.06503558887560335,-8.92638258824634,Improved
950,0.7302842732385093,High Risk,0.46492176918264394,Medium Risk,-0.26536250405586537,-36.33687781322364,Improved
951,0.7657701710004405,High Risk,0.6799478379584122,High Risk,-0.08582233304202835,-11.20732254821388,Improved
952,0.4964542032428973,Medium Risk,0.33437013116325764,Medium Risk,-0.16208407207963965,-32.64834319477757,Improved
953,0.9029265702587278,High Risk,0.6662959511557098,High Risk,-0.23663061910301797,-26.207072302148887,Improved
954,0.6303237886906402,High Risk,0.4480409893945679,Medium Risk,-0.18228279929607233,-28.918914781040545,Improved
955,0.6107261905372237,High Risk,0.45197057121949813,Medium Risk,-0.15875561931772553,-25.99456544971104,Improved
956,0.6854047379055606,High Risk,0.44734545733767883,Medium Risk,-0.23805928056788173,-34.73265756745951,Improved
957,0.4258312817262803,Medium Risk,0.3305513306135606,Medium Risk,-0.0952799511127197,-22.375047395875583,Improved
958,0.4914558528158437,Medium Risk,0.43276369161318284,Medium Risk,-0.05869216120266085,-11.942509355902153,Improved
959,0.8059184890345037,High Risk,0.6080952412963692,High Risk,-0.19782324773813453,-24.546309636738606,Improved
960,0.44553926735881955,Medium Risk,0.3438292250219827,Medium Risk,-0.10171004233683684,-22.82852484356303,Improved
961,0.7317336602065134,High Risk,0.6564153302687971,High Risk,-0.07531832993771637,-10.293134515154005,Improved
962,0.5349420103247265,Medium Risk,0.45316025773252994,Medium Risk,-0.08178175259219661,-15.287965987668931,Improved
963,0.6141125877230871,High Risk,0.4738855317255506,Medium Risk,-0.1402270559975365,-22.83409570180754,Improved
964,0.558781555223885,Medium Risk,0.38566738440868287,Medium Risk,-0.17311417081520208,-30.980652313378716,Improved
965,0.5956199940557221,Medium Risk,0.5418500187268751,Medium Risk,-0.053769975328846975,-9.027563860426188,Improved
966,0.7954752478513349,High Risk,0.6379370551783268,High Risk,-0.15753819267300817,-19.804285940830457,Improved
967,0.5634169435927463,Medium Risk,0.3816595748556403,Medium Risk,-0.18175736873710602,-32.259833646125735,Improved
968,0.7115225521632935,High Risk,0.49393320193006907,Medium Risk,-0.21758935023322445,-30.58080865766964,Improved
969,0.6618277212095047,High Risk,0.583134142453222,Medium Risk,-0.07869357875628269,-11.890341887231385,Improved
970,0.7650191409494564,High Risk,0.4708317545643805,Medium Risk,-0.29418738638507597,-38.45490532693906,Improved
971,0.9152563566286168,High Risk,0.86696035216607,High Risk,-0.04829600446254678,-5.276773453991298,Stable
972,0.8029146534656376,High Risk,0.5183802378907856,Medium Risk,-0.28453441557485204,-35.43769120998229,Improved
973,0.5182172082249162,Medium Risk,0.45531806801037406,Medium Risk,-0.06289914021454218,-12.137601611107199,Improved
974,0.4171507242837066,Medium Risk,0.30792871783244696,Medium Risk,-0.10922200645125962,-26.1828639129911,Improved
975,0.5442452243649039,Medium Risk,0.42030734210720566,Medium Risk,-0.1239378822576982,-22.77243358493867,Improved
976,0.7272928618851402,High Risk,0.6605475247128391,High Risk,-0.06674533717230113,-9.177229788739776,Improved
977,0.4282841974163377,Medium Risk,0.3188656865529071,Medium Risk,-0.10941851086343063,-25.548108364377548,Improved
978,0.67300143596068,High Risk,0.5304077853911019,Medium Risk,-0.14259365056957807,-21.1877186214368,Improved
979,0.7282635669042891,High Risk,0.44952424194022117,Medium Risk,-0.2787393249640679,-38.274511815679055,Improved
980,0.5838341399493284,Medium Risk,0.35078017135485734,Medium Risk,-0.23305396859447108,-39.91783841463914,Improved
981,0.824001712060202,High Risk,0.5650014572990609,Medium Risk,-0.2590002547611411,-31.432004444939597,Improved
982,0.4586290392235745,Medium Risk,0.38442473304014474,Medium Risk,-0.07420430618342977,-16.179591747843148,Improved
983,0.44132577995469485,Medium Risk,0.2835265312478123,Low Risk,-0.15779924870688256,-35.75572873243021,Improved
984,0.8005038159119818,High Risk,0.5121756982922213,Medium Risk,-0.2883281176197605,-36.01833144184077,Improved
985,0.6725202239134092,High Risk,0.5002448963956093,Medium Risk,-0.17227532751779984,-25.616378718743377,Improved
986,0.7786213180352548,High Risk,0.6437196959267706,High Risk,-0.13490162210848422,-17.32570364871208,Improved
987,0.6391550362320604,High Risk,0.5427865617410077,Medium Risk,-0.09636847449105268,-15.077480271322438,Improved
988,0.5355211182815087,Medium Risk,0.35476010756184295,Medium Risk,-0.18076101071966577,-33.75422640655689,Improved
989,0.8505062747208099,High Risk,0.5339953413891503,Medium Risk,-0.3165109333316596,-37.21441484197851,Improved
990,0.8396787334329385,High Risk,0.7801782266953835,High Risk,-0.059500506737555026,-7.086103811905946,Improved
991,0.7820830589699347,High Risk,0.5406018020276393,Medium Risk,-0.24148125694229539,-30.87667661032644,Improved
992,0.5496798254764794,Medium Risk,0.49398146914267255,Medium Risk,-0.055698356333806875,-10.132872583694667,Improved
993,0.7246268667779978,High Risk,0.6537743065502599,High Risk,-0.07085256022773789,-9.777799233801362,Improved
994,0.5985356433170147,Medium Risk,0.5209551932433415,Medium Risk,-0.0775804500736732,-12.961709288310953,Improved
995,0.4503701403296488,Medium Risk,0.2968352494899568,Low Risk,-0.15353489083969196,-34.090823767160046,Improved
996,0.9045224665042335,High Risk,0.8028817389180258,High Risk,-0.10164072758620768,-11.236948926102983,Improved
997,0.4752502470054288,Medium Risk,0.41310542960427715,Medium Risk,-0.06214481740115163,-13.076230426544472,Improved
998,0.9226305446014413,High Risk,0.7462725268291296,High Risk,-0.17635801777231175,-19.11469534628241,Improved
999,0.6453031751268756,High Risk,0.4633410454599447,Medium Risk,-0.18196212966693093,-28.197928769086662,Improved
1000,0.5018231108612408,Medium Risk,0.3472003760640523,Medium Risk,-0.15462273479718847,-30.812198850670956,Improved
1001,0.6980455210580969,High Risk,0.44860678913015645,Medium Risk,-0.24943873192794047,-35.733877577187435,Improved
1002,0.8801202097320245,High Risk,0.6850987496608265,High Risk,-0.19502146007119803,-22.1585026584695,Improved
1003,0.8027236875252586,High Risk,0.646065181368889,High Risk,-0.15665850615636956,-19.515869357155367,Improved
1004,0.8436086313237974,High Risk,0.6122646946838828,High Risk,-0.2313439366399146,-27.423135331947453,Improved
1005,0.7623308516908945,High Risk,0.5842318200379878,Medium Risk,-0.17809903165290675,-23.36243263116961,Improved
1006,0.7807521104848189,High Risk,0.5677864042148708,Medium Risk,-0.21296570626994804,-27.27699399207567,Improved
1007,0.8670576083609256,High Risk,0.7147607776684292,High Risk,-0.15229683069249644,-17.56478799377545,Improved
1008,0.5373174048725523,Medium Risk,0.49188223345129095,Medium Risk,-0.045435171421261356,-8.455927727120294,Stable
1009,0.6691837300037273,High Risk,0.4399027083351534,Medium Risk,-0.22928102166857395,-34.262790828356934,Improved
1010,0.5216651930007812,Medium Risk,0.3826378109510776,Medium Risk,-0.1390273820497036,-26.650691653390684,Improved
1011,0.9432174043981558,High Risk,0.6124348442817966,High Risk,-0.3307825601163592,-35.069598861719854,Improved
1012,0.9192326368276372,High Risk,0.7526036305759312,High Risk,-0.16662900625170607,-18.12696803572589,Improved
1013,0.42168474625267827,Medium Risk,0.36058459929727255,Medium Risk,-0.06110014695540572,-14.48953216789915,Improved
1014,0.7880663448836287,High Risk,0.7298829782551842,High Risk,-0.05818336662844448,-7.383054359089048,Improved
1015,0.9088865745786162,High Risk,0.6340439771790838,High Risk,-0.27484259739953243,-30.239482580866234,Improved
1016,0.4993164398200335,Medium Risk,0.46564949062845973,Medium Risk,-0.03366694919157376,-6.742607794709943,Stable
1017,0.7123698768039461,High Risk,0.44319517368828154,Medium Risk,-0.2691747031156646,-37.78580648627639,Improved
1018,0.903518563673423,High Risk,0.7328031150998708,High Risk,-0.17071544857355214,-18.894514782239412,Improved
1019,0.4186702882221894,Medium Risk,0.25957409315934993,Low Risk,-0.15909619506283945,-38.000354822983454,Improved
1020,0.7835811469857619,High Risk,0.7152692993089274,High Risk,-0.06831184767683451,-8.717903428331946,Improved
1021,0.5635419540549029,Medium Risk,0.4426245433869771,Medium Risk,-0.12091741066792583,-21.456683002548107,Improved
1022,0.9084179074570917,High Risk,0.7578675543301832,High Risk,-0.15055035312690856,-16.572807723302137,Improved
1023,0.9340820348409522,High Risk,0.8323146135968614,High Risk,-0.10176742124409077,-10.894912593134167,Improved
1024,0.9193465690123886,High Risk,0.5999735856807967,Medium Risk,-0.3193729833315919,-34.7391282130611,Improved
1025,0.6608178191616051,High Risk,0.40541638862626217,Medium Risk,-0.2554014305353429,-38.64929533216532,Improved
1026,0.8741234580441224,High Risk,0.7933617940927665,High Risk,-0.08076166395135587,-9.239159893050179,Improved
1027,0.8645021691942887,High Risk,0.6139924619179351,High Risk,-0.2505097072763536,-28.97733703893736,Improved
1028,0.5755052602837906,Medium Risk,0.3712829701624842,Medium Risk,-0.20422229012130638,-35.48573822254921,Improved
1029,0.8559035107828725,High Risk,0.6538772725907073,High Risk,-0.20202623819216525,-23.60385670195197,Improved
1030,0.42035419909352095,Medium Risk,0.3402376843978082,Medium Risk,-0.08011651469571274,-19.059287350639337,Improved
1031,0.7279484331651291,High Risk,0.44465981068153565,Medium Risk,-0.2832886224835935,-38.91602888021215,Improved
1032,0.5265048605082367,Medium Risk,0.36655978137668077,Medium Risk,-0.15994507913155598,-30.37865196100194,Improved
1033,0.4663117871775034,Medium Risk,0.2851403111041419,Low Risk,-0.18117147607336148,-38.852004400308644,Improved
1034,0.442324260896065,Medium Risk,0.3304681456616646,Medium Risk,-0.11185611523440042,-25.288261378157546,Improved
1035,0.7829588267329768,High Risk,0.7150645600380121,High Risk,-0.06789426669496468,-8.671498982681447,Improved
1036,0.5869312300724364,Medium Risk,0.5540210240575101,Medium Risk,-0.032910206014926335,-5.6071655977250865,Stable
1037,0.7986217243408188,High Risk,0.6572390400876497,High Risk,-0.14138268425316913,-17.703335627373047,Improved
1038,0.4359459874394183,Medium Risk,0.28623044887217497,Low Risk,-0.14971553856724334,-34.34268071753929,Improved
1039,0.5734096858068357,Medium Risk,0.5258437964218369,Medium Risk,-0.04756588938499884,-8.295271350024306,Stable
1040,0.6967202108064354,High Risk,0.5439202287567696,Medium Risk,-0.15279998204966583,-21.931326187997882,Improved
1041,0.83489774066143,High Risk,0.5458663780528993,Medium Risk,-0.2890313626085307,-34.61877407639788,Improved
1042,0.5753138766126384,Medium Risk,0.530787076150405,Medium Risk,-0.04452680046223345,-7.739566569191856,Stable
1043,0.744240257040355,High Risk,0.6438527905778095,High Risk,-0.10038746646254548,-13.4885832246914,Improved
1044,0.8872877615299029,High Risk,0.759604253654895,High Risk,-0.12768350787500782,-14.39031545468969,Improved
1045,0.7387247535002675,High Risk,0.6265961213093442,High Risk,-0.11212863219092328,-15.17867536719584,Improved
1046,0.5281277111144986,Medium Risk,0.3539083805749625,Medium Risk,-0.17421933053953614,-32.98810626162451,Improved
1047,0.41342042985609595,Medium Risk,0.27858432492954094,Low Risk,-0.134836104926555,-32.61476579023658,Improved
1048,0.8785543806455114,High Risk,0.7387786185148715,High Risk,-0.1397757621306399,-15.909745055046074,Improved
1049,0.41169817596771296,Medium Risk,0.2786797149842988,Low Risk,-0.1330184609834142,-32.30970374613611,Improved
1050,0.8810859199763097,High Risk,0.6639291614266349,High Risk,-0.21715675854967476,-24.646490611893284,Improved
1051,0.6909154237149666,High Risk,0.6036532471656203,High Risk,-0.08726217654934632,-12.629936104212062,Improved
1052,0.9164872341820929,High Risk,0.8013612067738078,High Risk,-0.11512602740828504,-12.561661866575562,Improved
1053,0.839330779675516,High Risk,0.6367512627312422,High Risk,-0.20257951694427379,-24.13583796159492,Improved
1054,0.9488637607933356,High Risk,0.8324063699090726,High Risk,-0.11645739088426299,-12.273352160366429,Improved
1055,0.5928914984984406,Medium Risk,0.5297590057965262,Medium Risk,-0.06313249270191434,-10.648237133068015,Improved
1056,0.8219535589121197,High Risk,0.6815404760173809,High Risk,-0.14041308289473886,-17.082848705050903,Improved
1057,0.6210620024850831,High Risk,0.4222905175299601,Medium Risk,-0.19877148495512303,-32.0050951692053,Improved
1058,0.6639315911671498,High Risk,0.462032731772762,Medium Risk,-0.20189885939438784,-30.409587686505834,Improved
1059,0.7451280047701035,High Risk,0.5291857395442909,Medium Risk,-0.2159422652258126,-28.980559560694257,Improved
1060,0.8805224128024862,High Risk,0.5643104698499911,Medium Risk,-0.3162119429524951,-35.911856229311674,Improved
1061,0.9412459080596123,High Risk,0.6547361760578821,High Risk,-0.28650973200173013,-30.43941328705192,Improved
1062,0.822550377625485,High Risk,0.5538492675526162,Medium Risk,-0.2687011100728688,-32.666827149061376,Improved
1063,0.6297717301920336,High Risk,0.47822664921581876,Medium Risk,-0.15154508097621483,-24.063493756698932,Improved
1064,0.6317463512523886,High Risk,0.5799135479245728,Medium Risk,-0.05183280332781581,-8.204685824470733,Improved
1065,0.8056702658738903,High Risk,0.5128639991265466,Medium Risk,-0.2928062667473438,-36.34318891361147,Improved
1066,0.5313274301725663,Medium Risk,0.4527407948768845,Medium Risk,-0.07858663529568183,-14.790622661841155,Improved
1067,0.4607607622222671,Medium Risk,0.38729202167489113,Medium Risk,-0.07346874054737595,-15.945094845540527,Improved
1068,0.5950421867024271,Medium Risk,0.37696753773696035,Medium Risk,-0.2180746489654668,-36.64860304678248,Improved
1069,0.5579814454097449,Medium Risk,0.514961266640416,Medium Risk,-0.043020178769328954,-7.70996582829699,Stable
1070,0.5629694662507946,Medium Risk,0.44979305202980024,Medium Risk,-0.11317641422099434,-20.103472924511312,Improved
1071,0.5284842630774504,Medium Risk,0.38436868274641905,Medium Risk,-0.1441155803310314,-27.26960676025105,Improved
1072,0.42315125429999906,Medium Risk,0.36593634026633365,Medium Risk,-0.05721491403366541,-13.521149577664277,Improved
1073,0.4098306641033776,Medium Risk,0.2828150883189307,Low Risk,-0.1270155757844469,-30.992208955942814,Improved
1074,0.9432473143548173,High Risk,0.7949013405582964,High Risk,-0.14834597379652092,-15.72715570337879,Improved
1075,0.6352752235547243,High Risk,0.38999477532666516,Medium Risk,-0.24528044822805917,-38.61010773497136,Improved
1076,0.611379655937825,High Risk,0.5464467425914454,Medium Risk,-0.06493291334637952,-10.620718683675493,Improved
1077,0.7738060054811884,High Risk,0.5856626558060536,Medium Risk,-0.1881433496751348,-24.31402035425385,Improved
1078,0.5200396383257853,Medium Risk,0.4279107265130241,Medium Risk,-0.09212891181276117,-17.715747997472047,Improved
1079,0.9224786511726238,High Risk,0.6249176986648488,High Risk,-0.29756095250777503,-32.256676306766074,Improved
1080,0.8324897579285536,High Risk,0.6967737806599186,High Risk,-0.13571597726863505,-16.302420056954325,Improved
1081,0.44917605127174276,Medium Risk,0.3909107739786058,Medium Risk,-0.05826527729313696,-12.971590343735311,Improved
1082,0.6296694266817106,High Risk,0.4820904126383299,Medium Risk,-0.14757901404338064,-23.437538459046042,Improved
1083,0.8835150691591905,High Risk,0.7211289076073968,High Risk,-0.16238616155179375,-18.37955765783721,Improved
1084,0.9196026122602756,High Risk,0.6986350464123718,High Risk,-0.22096756584790378,-24.02859266621605,Improved
1085,0.6570708311874283,High Risk,0.5998609744169724,Medium Risk,-0.05720985677045587,-8.706802075975407,Improved
1086,0.7373762640658892,High Risk,0.5709166791519515,Medium Risk,-0.16645958491393764,-22.574578681998833,Improved
1087,0.4918686703506414,Medium Risk,0.44004196785024313,Medium Risk,-0.05182670250039828,-10.536695183991341,Improved
1088,0.9451427443753371,High Risk,0.8321728758727309,High Risk,-0.11296986850260615,-11.952677960541305,Improved
1089,0.5274194357608939,Medium Risk,0.3922295388949732,Medium Risk,-0.1351898968659207,-25.63233125280752,Improved
1090,0.9185024757743191,High Risk,0.6250680968575199,High Risk,-0.29343437891679924,-31.947042784988376,Improved
1091,0.7573056569458027,High Risk,0.562018297827727,Medium Risk,-0.1952873591180756,-25.787125360408012,Improved
1092,0.7342552371833725,High Risk,0.6528821946352237,High Risk,-0.08137304254814881,-11.082391847867305,Improved
1093,0.6819786810590798,High Risk,0.4635213964259328,Medium Risk,-0.21845728463314695,-32.032861246321275,Improved
1094,0.5268683964447674,Medium Risk,0.41282916566965944,Medium Risk,-0.11403923077510791,-21.644727894978775,Improved
1095,0.4970904176030295,Medium Risk,0.43850028973710586,Medium Risk,-0.05859012786592366,-11.786613821373848,Improved
1096,0.5212674149885964,Medium Risk,0.3772501503940609,Medium Risk,-0.1440172645945355,-27.62828837050674,Improved
1097,0.50254104417934,Medium Risk,0.4144824720540837,Medium Risk,-0.08805857212525631,-17.522662704905585,Improved
1098,0.8287714604617142,High Risk,0.5685132297030095,Medium Risk,-0.2602582307587047,-31.40289490829149,Improved
1099,0.5925688925417015,Medium Risk,0.3782057954968046,Medium Risk,-0.21436309704489692,-36.1752194121144,Improved
1100,0.43181347210986804,Medium Risk,0.37914711691524944,Medium Risk,-0.0526663551946186,-12.196552121750033,Improved
1101,0.9330064465774461,High Risk,0.5921222952236943,Medium Risk,-0.34088415135375183,-36.53609818069526,Improved
1102,0.8860822367298842,High Risk,0.6158125237835786,High Risk,-0.27026971294630553,-30.50165117221454,Improved
1103,0.9102637557573671,High Risk,0.8185895433722357,High Risk,-0.0916742123851314,-10.071170230089594,Improved
1104,0.9471993024555394,High Risk,0.6831809949384372,High Risk,-0.2640183075171022,-27.87357495224665,Improved
1105,0.495642387070718,Medium Risk,0.4661843141588718,Medium Risk,-0.02945807291184621,-5.943412767004358,Stable
1106,0.6179331103964623,High Risk,0.5826534659350343,Medium Risk,-0.03527964446142795,-5.709298282914916,Stable
1107,0.8170311616372502,High Risk,0.5669351510030559,Medium Risk,-0.2500960106341943,-30.61033928412552,Improved
1108,0.7828113399295857,High Risk,0.48091417993133057,Medium Risk,-0.30189715999825517,-38.56576222125384,Improved
1109,0.4846427484869203,Medium Risk,0.41038198186223046,Medium Risk,-0.07426076662468983,-15.322785052811744,Improved
1110,0.8487082187448398,High Risk,0.6431895142161281,High Risk,-0.20551870452871168,-24.215472407307974,Improved
1111,0.5234423145101634,Medium Risk,0.33252379434858675,Medium Risk,-0.19091852016157668,-36.47365046141483,Improved
1112,0.5230996881524427,Medium Risk,0.44339655098031855,Medium Risk,-0.07970313717212413,-15.236701335768506,Improved
1113,0.6953359325913775,High Risk,0.42478852163010267,Medium Risk,-0.2705474109612748,-38.90887818108276,Improved
1114,0.7261169641629367,High Risk,0.6568227811914635,High Risk,-0.06929418297147316,-9.543115832771527,Improved
1115,0.7190474143107961,High Risk,0.4663226584777783,Medium Risk,-0.2527247558330178,-35.14716148103438,Improved
1116,0.4503177605687652,Medium Risk,0.2902564363871187,Low Risk,-0.16006132418164654,-35.54408424386463,Improved
1117,0.8826034744467092,High Risk,0.5838292278609141,Medium Risk,-0.2987742465857951,-33.85146957109954,Improved
1118,0.5460800234237884,Medium Risk,0.5111818104927213,Medium Risk,-0.034898212931067096,-6.390677452777677,Stable
1119,0.4712332067055423,Medium Risk,0.39706547117118257,Medium Risk,-0.07416773553435974,-15.739072391115391,Improved
1120,0.8888114439279374,High Risk,0.7825807334021265,High Risk,-0.1062307105258109,-11.951996258772724,Improved
1121,0.9256083240263643,High Risk,0.6841839828672378,High Risk,-0.24142434115912648,-26.08277549935365,Improved
1122,0.8741701894959978,High Risk,0.6274002099541216,High Risk,-0.24676997954187618,-28.229054537326565,Improved
1123,0.8452338410986829,High Risk,0.5765081408645516,Medium Risk,-0.26872570023413134,-31.79305976258906,Improved
1124,0.7603830893514619,High Risk,0.5841466750414847,Medium Risk,-0.17623641430997727,-23.17731900906568,Improved
1125,0.7029715538350266,High Risk,0.5575548980931813,Medium Risk,-0.14541665574184537,-20.6859943263041,Improved
1126,0.4478427179512756,Medium Risk,0.3677331478609076,Medium Risk,-0.08010957009036801,-17.887880472153565,Improved
1127,0.6246492671888842,High Risk,0.4310026700995509,Medium Risk,-0.19364659708933335,-31.000852360045695,Improved
1128,0.6049786843567727,High Risk,0.5638576348350948,Medium Risk,-0.041121049521677944,-6.7971071683953275,Stable
1129,0.5428645810681794,Medium Risk,0.3579733052451006,Medium Risk,-0.18489127582307874,-34.05845256275025,Improved
1130,0.7978810625287217,High Risk,0.7483953709081335,High Risk,-0.049485691620588246,-6.2021388831755715,Stable
1131,0.6727316542933239,High Risk,0.4071369569307944,Medium Risk,-0.26559469736252955,-39.480035712237374,Improved
1132,0.44457541874920636,Medium Risk,0.34160908081819036,Medium Risk,-0.102966337931016,-23.1606007864104,Improved
1133,0.5211007610723962,Medium Risk,0.3734618385992978,Medium Risk,-0.1476389224730984,-28.332125665920298,Improved
1134,0.7757923200127778,High Risk,0.5874246653504196,Medium Risk,-0.18836765466235816,-24.280680512441222,Improved
1135,0.4418719727196651,Medium Risk,0.3533794227782165,Medium Risk,-0.08849254994144862,-20.026739735672386,Improved
1136,0.8681638027268228,High Risk,0.6532552405825046,High Risk,-0.2149085621443182,-24.754379469555186,Improved
1137,0.6723305898576859,High Risk,0.5010183335619676,Medium Risk,-0.17131225629571833,-25.480360239444185,Improved
1138,0.6643226175296564,High Risk,0.568961228556217,Medium Risk,-0.09536138897343938,-14.354680460534267,Improved
1139,0.7258242815627347,High Risk,0.609733548049586,High Risk,-0.11609073351314869,-15.994330371973742,Improved
1140,0.8535745312588321,High Risk,0.7610854191466174,High Risk,-0.09248911211221467,-10.83550512874533,Improved
1141,0.5912950643462062,Medium Risk,0.4065068677712956,Medium Risk,-0.18478819657491058,-31.251435656617655,Improved
1142,0.7729088839074849,High Risk,0.6286338304088229,High Risk,-0.144275053498662,-18.66650215860778,Improved
1143,0.711152580197685,High Risk,0.5723485216612365,Medium Risk,-0.1388040585364485,-19.518182511250114,Improved
1144,0.5468655485931817,Medium Risk,0.3988882339283963,Medium Risk,-0.14797731466478542,-27.059176619455894,Improved
1145,0.8832464924953369,High Risk,0.680205912159959,High Risk,-0.20304058033537797,-22.987986033406173,Improved
1146,0.8385843118838104,High Risk,0.5952470610841979,Medium Risk,-0.24333725079961255,-29.017624984299488,Improved
1147,0.762148509062134,High Risk,0.49512637909419105,Medium Risk,-0.267022129967943,-35.03544608340552,Improved
1148,0.867819951001833,High Risk,0.5856313052576126,Medium Risk,-0.2821886457442203,-32.516957626804356,Improved
1149,0.8770118105278912,High Risk,0.5585949362397357,Medium Risk,-0.31841687428815557,-36.30702237595797,Improved
1150,0.7895996371932691,High Risk,0.6625328033777202,High Risk,-0.12706683381554884,-16.09256486834566,Improved
1151,0.8603573306000196,High Risk,0.7151759780264065,High Risk,-0.1451813525736131,-16.8745412411797,Improved
1152,0.783609303918106,High Risk,0.7308819813477008,High Risk,-0.052727322570405244,-6.7287769947044564,Improved
1153,0.7740774244681652,High Risk,0.6621361101750246,High Risk,-0.11194131429314058,-14.461255522346564,Improved
1154,0.7402362580183514,High Risk,0.45762593073520363,Medium Risk,-0.2826103272831477,-38.1783956435354,Improved
1155,0.8139941517567026,High Risk,0.7403161311580615,High Risk,-0.07367802059864115,-9.05141891248661,Improved
1156,0.48723280791119056,Medium Risk,0.43945295943176577,Medium Risk,-0.04777984847942479,-9.806369296899598,Stable
1157,0.8844789175594105,High Risk,0.6679249676428408,High Risk,-0.21655394991656973,-24.48378877295555,Improved
1158,0.8795139402598775,High Risk,0.7080545161637959,High Risk,-0.17145942409608161,-19.49479323152275,Improved
1159,0.41608600566900755,Medium Risk,0.3917979905038991,Medium Risk,-0.02428801516510848,-5.837258363461847,Stable
1160,0.8541992128106195,High Risk,0.6716624166875381,High Risk,-0.18253679612308138,-21.369347265314182,Improved
1161,0.47087842711039485,Medium Risk,0.4317308377672909,Medium Risk,-0.03914758934310397,-8.313736006836864,Stable
1162,0.5843153698425281,Medium Risk,0.36757150977390995,Medium Risk,-0.21674386006861812,-37.09364347664348,Improved
1163,0.8089295409603843,High Risk,0.539449349735179,Medium Risk,-0.2694801912252053,-33.313184595196105,Improved
1164,0.48841794282656953,Medium Risk,0.368396183664129,Medium Risk,-0.12002175916244051,-24.573576979553877,Improved
1165,0.8498818632654841,High Risk,0.6838700899987006,High Risk,-0.1660117732667835,-19.533511708194336,Improved
1166,0.857673797876758,High Risk,0.7596243133000392,High Risk,-0.0980494845767188,-11.432025184802002,Improved
1167,0.6791072535684599,High Risk,0.6423619419283023,High Risk,-0.036745311640157596,-5.4108259699884576,Stable
1168,0.40351222944425846,Medium Risk,0.2970245546593075,Low Risk,-0.10648767478495097,-26.390197623405925,Improved
1169,0.557870973246202,Medium Risk,0.34398071642591616,Medium Risk,-0.2138902568202859,-38.34045273509703,Improved
1170,0.7393098051066582,High Risk,0.6508957648493912,High Risk,-0.08841404025726707,-11.958997384663634,Improved
1171,0.9396523979150828,High Risk,0.7625591659279806,High Risk,-0.17709323198710225,-18.846674832101723,Improved
1172,0.7474974398591676,High Risk,0.5004420614627058,Medium Risk,-0.24705537839646186,-33.05099993961295,Improved
1173,0.5428919695852878,Medium Risk,0.41975862014889054,Medium Risk,-0.12313334943639731,-22.681004018250295,Improved
1174,0.7487031367047863,High Risk,0.6437413852565915,High Risk,-0.10496175144819475,-14.019141406319658,Improved
1175,0.6969919588437206,High Risk,0.6061349625110751,High Risk,-0.09085699633264543,-13.03558745259748,Improved
1176,0.828914967333129,High Risk,0.6422983932812216,High Risk,-0.18661657405190735,-22.51335558004333,Improved
1177,0.4588393513548271,Medium Risk,0.3243191637728342,Medium Risk,-0.1345201875819929,-29.317491445489928,Improved
1178,0.8185653463761153,High Risk,0.7701143847072985,High Risk,-0.048450961668816794,-5.919009628652725,Stable
1179,0.6976966182718607,High Risk,0.5806070185864344,Medium Risk,-0.11708959968542632,-16.78230861652275,Improved
1180,0.929645602122447,High Risk,0.6906180363420505,High Risk,-0.2390275657803964,-25.71168682287955,Improved
1181,0.5880296913212774,Medium Risk,0.41054006089737755,Medium Risk,-0.1774896304238998,-30.183787152837176,Improved
1182,0.7479420412236715,High Risk,0.6401531548425426,High Risk,-0.10778888638112882,-14.411395594875332,Improved
1183,0.9126154580305096,High Risk,0.6249263994630929,High Risk,-0.28768905856741667,-31.523579404218125,Improved
1184,0.4563803503948736,Medium Risk,0.30125598296386324,Medium Risk,-0.15512436743101038,-33.99015038592092,Improved
1185,0.9154756679800481,High Risk,0.7190529124836351,High Risk,-0.19642275549641297,-21.45581388632754,Improved
1186,0.7783371472654473,High Risk,0.5460000743360236,Medium Risk,-0.23233707292942374,-29.850441257455046,Improved
1187,0.43731038250784454,Medium Risk,0.35864559182540084,Medium Risk,-0.0786647906824437,-17.988319927673473,Improved
1188,0.565529961820749,Medium Risk,0.36266222609703463,Medium Risk,-0.20286773572371436,-35.87214637940183,Improved
1189,0.7894946487549048,High Risk,0.6546721633098773,High Risk,-0.1348224854450275,-17.077061340143747,Improved
1190,0.43704283080782447,Medium Risk,0.30556014927864505,Medium Risk,-0.1314826815291794,-30.084621520080418,Improved
1191,0.7201937530969502,High Risk,0.432177487809922,Medium Risk,-0.28801626528702823,-39.991497294792055,Improved
1192,0.5902356813241262,Medium Risk,0.3803641754645463,Medium Risk,-0.20987150585957987,-35.55723798140383,Improved
1193,0.7415035347721124,High Risk,0.6871998068370806,High Risk,-0.0543037279350318,-7.323461775771718,Improved
1194,0.4251581185968821,Medium Risk,0.3841618744410263,Medium Risk,-0.04099624415585579,-9.64258763096249,Stable
1195,0.8793452433838069,High Risk,0.5995051929266803,Medium Risk,-0.2798400504571267,-31.823683878731707,Improved
1196,0.9354189330475683,High Risk,0.8160876955909924,High Risk,-0.11933123745657592,-12.756983340907816,Improved
1197,0.9328828204071302,High Risk,0.7584337867352072,High Risk,-0.174449033671923,-18.699994238910914,Improved
1198,0.8123085074586085,High Risk,0.763421059439996,High Risk,-0.048887448018612445,-6.01833509925458,Stable
1199,0.47154743207184757,Medium Risk,0.34458893551938663,Medium Risk,-0.12695849655246094,-26.923801916307934,Improved
1200,0.8170447577609624,High Risk,0.6851011920337826,High Risk,-0.1319435657271798,-16.148878561899018,Improved
1201,0.4135228040523409,Medium Risk,0.25730939696438504,Low Risk,-0.15621340708795584,-37.77624971516285,Improved
1202,0.4121679533409485,Medium Risk,0.30446293228850374,Medium Risk,-0.10770502105244478,-26.131342861425804,Improved
1203,0.5779856205322477,Medium Risk,0.5417668344629751,Medium Risk,-0.036218786069272535,-6.266381858413686,Stable
1204,0.6687537547225662,High Risk,0.5274081720627992,Medium Risk,-0.14134558265976693,-21.135669394245785,Improved
1205,0.8237240797942862,High Risk,0.5772310955182176,Medium Risk,-0.24649298427606858,-29.924217383280432,Improved
1206,0.7758124571335778,High Risk,0.4981451732794659,Medium Risk,-0.27766728385411193,-35.79051629049877,Improved
1207,0.6452464885072116,High Risk,0.5460301099779308,Medium Risk,-0.09921637852928078,-15.376508093646432,Improved
1208,0.5504946664549162,Medium Risk,0.45454323426169924,Medium Risk,-0.09595143219321695,-17.430038479959563,Improved
1209,0.948418475086741,High Risk,0.6931787196382408,High Risk,-0.2552397554485002,-26.9121450238679,Improved
1210,0.6343997162297851,High Risk,0.5917867530590698,Medium Risk,-0.04261296317071528,-6.717052684695794,Stable
1211,0.6482628633813214,High Risk,0.3939953587217112,Medium Risk,-0.25426750465961023,-39.22290154542524,Improved
1212,0.4899931016554181,Medium Risk,0.3460837682309838,Medium Risk,-0.1439093334244343,-29.369665192886092,Improved
1213,0.8371452518124611,High Risk,0.7721612825532397,High Risk,-0.06498396925922145,-7.762567979514658,Improved
1214,0.7815252241798187,High Risk,0.5567018336408384,Medium Risk,-0.22482339053898037,-28.767259658819594,Improved
1215,0.5214232870338182,Medium Risk,0.35888964784761646,Medium Risk,-0.16253363918620178,-31.171150815069034,Improved
1216,0.4453095750887135,Medium Risk,0.35044845736579877,Medium Risk,-0.09486111772291472,-21.302285652406354,Improved
1217,0.7742746161410922,High Risk,0.6878118439782848,High Risk,-0.0864627721628074,-11.166938752781187,Improved
1218,0.7599811678546244,High Risk,0.4834250592402401,Medium Risk,-0.27655610861438434,-36.38986336925737,Improved
1219,0.5502927398490152,Medium Risk,0.5118037514252692,Medium Risk,-0.03848898842374593,-6.99427516239924,Stable
1220,0.9229749592377257,High Risk,0.8106263015773574,High Risk,-0.11234865766036828,-12.17244915865927,Improved
1221,0.48308184047949515,Medium Risk,0.32049465175142494,Medium Risk,-0.1625871887280702,-33.65624105569569,Improved
1222,0.637784140573431,High Risk,0.5416080693090324,Medium Risk,-0.09617607126439864,-15.079721358064319,Improved
1223,0.9189887560921793,High Risk,0.6752137118375406,High Risk,-0.2437750442546387,-26.5264447076855,Improved
1224,0.6308500243093673,High Risk,0.46733567719101154,Medium Risk,-0.16351434711835577,-25.919686267328846,Improved
1225,0.751189271215247,High Risk,0.6566532525203946,High Risk,-0.0945360186948524,-12.584846764639678,Improved
1226,0.6186769188795369,High Risk,0.5796846098186632,Medium Risk,-0.0389923090608737,-6.302531720674377,Stable
1227,0.5508183612917685,Medium Risk,0.35490854989044557,Medium Risk,-0.19590981140132296,-35.56704445034822,Improved
1228,0.9411877063779055,High Risk,0.7032748265851532,High Risk,-0.23791287979275233,-25.277941709241325,Improved
1229,0.6251337034732737,High Risk,0.4803087050996105,Medium Risk,-0.1448249983736632,-23.16704371704939,Improved
1230,0.8917545620235239,High Risk,0.6525049600436574,High Risk,-0.23924960197986644,-26.829086406575087,Improved
1231,0.5264750332400974,Medium Risk,0.38280852203738785,Medium Risk,-0.1436665112027095,-27.28838066993213,Improved
1232,0.5172075872137958,Medium Risk,0.3197863653310221,Medium Risk,-0.19742122188277367,-38.170596635344126,Improved
1233,0.41712374558648124,Medium Risk,0.35035830035553356,Medium Risk,-0.06676544523094768,-16.006148280308192,Improved
1234,0.7584167539567368,High Risk,0.5708413651655022,Medium Risk,-0.1875753887912346,-24.732495400798417,Improved
1235,0.6026894890480686,High Risk,0.4027037555136606,Medium Risk,-0.19998573353440802,-33.182216907462575,Improved
1236,0.8753970374118003,High Risk,0.7752618810674823,High Risk,-0.10013515634431802,-11.438827419427614,Improved
1237,0.6602654486803564,High Risk,0.5816253655732658,Medium Risk,-0.07864008310709059,-11.910373814693026,Improved
1238,0.9325063853530969,High Risk,0.7182509858531718,High Risk,-0.21425539949992511,-22.97629301688873,Improved
1239,0.5020390336367166,Medium Risk,0.3536652787108313,Medium Risk,-0.14837375492588534,-29.554226859828383,Improved
1240,0.8777427423755859,High Risk,0.7226740860860233,High Risk,-0.15506865628956257,-17.666754597124168,Improved
1241,0.827128269035458,High Risk,0.5796955334708265,Medium Risk,-0.24743273556463152,-29.914675247790907,Improved
1242,0.8240070145542286,High Risk,0.5624694752595447,Medium Risk,-0.26153753929468393,-31.739722438670075,Improved
1243,0.8646307754642881,High Risk,0.739847373408156,High Risk,-0.12478340205613214,-14.43198710907857,Improved
1244,0.8185631950186494,High Risk,0.5026909819842457,Medium Risk,-0.3158722130344037,-38.588616609766724,Improved
1245,0.7444211768972784,High Risk,0.4713443859974818,Medium Risk,-0.2730767908997966,-36.68310351378922,Improved
1246,0.47218468272531317,Medium Risk,0.2844326547643524,Low Risk,-0.18775202796096074,-39.76241390917436,Improved
1247,0.4178893987201886,Medium Risk,0.2731033069142111,Low Risk,-0.1447860918059775,-34.64698847336008,Improved
1248,0.9064663162986277,High Risk,0.5657677814491898,Medium Risk,-0.3406985348494379,-37.585349695133914,Improved
1249,0.7391576729864059,High Risk,0.7011138401147388,High Risk,-0.03804383287166713,-5.146917127702847,Stable
1250,0.838095510036897,High Risk,0.5875749246974828,Medium Risk,-0.2505205853394141,-29.89165105160688,Improved
1251,0.6648372933319026,High Risk,0.43363600553256054,Medium Risk,-0.23120128779934201,-34.77561955657635,Improved
1252,0.46451950392931696,Medium Risk,0.3178933141321701,Medium Risk,-0.14662618979714687,-31.565130970142874,Improved
1253,0.46885218571140275,Medium Risk,0.4349278935377665,Medium Risk,-0.03392429217363624,-7.235604996095294,Stable
1254,0.7770609079759343,High Risk,0.607705206104266,High Risk,-0.16935570187166826,-21.794392194146155,Improved
1255,0.6366682421947045,High Risk,0.46329477895082233,Medium Risk,-0.1733734632438822,-27.231366629225008,Improved
1256,0.5102885996851853,Medium Risk,0.4621617562228354,Medium Risk,-0.048126843462349855,-9.43129897317733,Stable
1257,0.6703770007077903,High Risk,0.4949035379324708,Medium Risk,-0.17547346277531944,-26.175340530783863,Improved
1258,0.4353149153913238,Medium Risk,0.3122309287850702,Medium Risk,-0.12308398660625358,-28.27470005148065,Improved
1259,0.7200842710529194,High Risk,0.48429187208503444,Medium Risk,-0.23579239896788495,-32.74511171075926,Improved
1260,0.5479463724393037,Medium Risk,0.40122216317667053,Medium Risk,-0.14672420926263313,-26.7771111631706,Improved
1261,0.8386575053504535,High Risk,0.5961509024105065,Medium Risk,-0.24250660293994697,-28.916047539407604,Improved
1262,0.5706990774079655,Medium Risk,0.4777073070884533,Medium Risk,-0.09299177031951222,-16.29436142456506,Improved
1263,0.6503710819949906,High Risk,0.4561403251343022,Medium Risk,-0.1942307568606884,-29.864605336524548,Improved
1264,0.40639129694945536,Medium Risk,0.32593391191131976,Medium Risk,-0.0804573850381356,-19.798008875210343,Improved
1265,0.4398457882870074,Medium Risk,0.2740513099168534,Low Risk,-0.16579447837015399,-37.69377422388096,Improved
1266,0.6158714560236767,High Risk,0.4107562096238842,Medium Risk,-0.20511524639979245,-33.304879515622,Improved
1267,0.6639663590944179,High Risk,0.4930560036603316,Medium Risk,-0.17091035543408634,-25.740815493602803,Improved
1268,0.7300113014656171,High Risk,0.6774010213679642,High Risk,-0.052610280097652895,-7.206776113195666,Improved
1269,0.5604144182901167,Medium Risk,0.41024475921734854,Medium Risk,-0.1501696590727682,-26.796180499950662,Improved
1270,0.7822400373695984,High Risk,0.6511569003059984,High Risk,-0.13108313706359997,-16.757405758005824,Improved
1271,0.8730673184540625,High Risk,0.6017883021104082,High Risk,-0.27127901634365426,-31.07194721525107,Improved
1272,0.8289180438913424,High Risk,0.5342059744912941,Medium Risk,-0.29471206940004824,-35.55382484093689,Improved
1273,0.4217903539415965,Medium Risk,0.2617157730081636,Low Risk,-0.16007458093343285,-37.95121899719824,Improved
1274,0.6642788209918059,High Risk,0.46957519414952004,Medium Risk,-0.19470362684228587,-29.310527551003705,Improved
1275,0.4577115981299962,Medium Risk,0.2998841070663078,Low Risk,-0.15782749106368837,-34.48186406210822,Improved
1276,0.5331247587243901,Medium Risk,0.3523441025745758,Medium Risk,-0.1807806561498143,-33.909634319435646,Improved
1277,0.9426644262969305,High Risk,0.8165979137248801,High Risk,-0.12606651257205037,-13.373424206456752,Improved
1278,0.4783725485958323,Medium Risk,0.28967530358445875,Low Risk,-0.18869724501137353,-39.4456675169294,Improved
1279,0.6743884843982458,High Risk,0.5362963444857975,Medium Risk,-0.1380921399124483,-20.4766455992598,Improved
1280,0.7399856538749655,High Risk,0.5422699845685425,Medium Risk,-0.19771566930642304,-26.718851679228745,Improved
1281,0.7863557337992572,High Risk,0.6112284141889891,High Risk,-0.17512731961026806,-22.27075000320084,Improved
1282,0.7078067759178027,High Risk,0.5641153350078536,Medium Risk,-0.14369144090994912,-20.300941697488913,Improved
1283,0.40537396608055104,Medium Risk,0.2876852664486134,Low Risk,-0.11768869963193762,-29.032130693995267,Improved
1284,0.5795537195341955,Medium Risk,0.4075932348760721,Medium Risk,-0.17196048465812347,-29.67118989355002,Improved
1285,0.6847414038615913,High Risk,0.5866115564848494,Medium Risk,-0.09812984737674191,-14.330935273278314,Improved
1286,0.44832657452965835,Medium Risk,0.4057117643606017,Medium Risk,-0.04261481016905666,-9.5053054157595,Stable
1287,0.5928448121650494,Medium Risk,0.3956667449014897,Medium Risk,-0.1971780672635597,-33.25964286395153,Improved
1288,0.4182617098352516,Medium Risk,0.26524759229385125,Low Risk,-0.15301411754140037,-36.58334338126979,Improved
1289,0.44321817343526143,Medium Risk,0.4052027001605758,Medium Risk,-0.03801547327468563,-8.577146776279099,Stable
1290,0.6183078019108779,High Risk,0.4467047644057704,Medium Risk,-0.17160303750510747,-27.75365877234105,Improved
1291,0.4729936647236832,Medium Risk,0.37506557039663596,Medium Risk,-0.09792809432704724,-20.703891326801507,Improved
1292,0.712147466543857,High Risk,0.5169051887454105,Medium Risk,-0.1952422777984465,-27.41598994179988,Improved
1293,0.7792057330254961,High Risk,0.5018325054133934,Medium Risk,-0.2773732276121027,-35.5969182278882,Improved
1294,0.8403226845099956,High Risk,0.6775236731882056,High Risk,-0.16279901132178998,-19.37339242682952,Improved
1295,0.5100826343346455,Medium Risk,0.39980241077437456,Medium Risk,-0.11028022356027095,-21.62007018806297,Improved
1296,0.4921154202424884,Medium Risk,0.3302329433862561,Medium Risk,-0.1618824768562323,-32.8952254283081,Improved
1297,0.45751231218392013,Medium Risk,0.346864865308473,Medium Risk,-0.11064744687544714,-24.184583437170282,Improved
1298,0.7500366372490002,High Risk,0.6592309214409577,High Risk,-0.09080571580804242,-12.106837359452399,Improved
1299,0.7885616495677956,High Risk,0.6360925733758028,High Risk,-0.1524690761919928,-19.335086391223804,Improved
1300,0.4173723796541031,Medium Risk,0.2645811431921452,Low Risk,-0.1527912364619579,-36.60789355265518,Improved
1301,0.9149167354340294,High Risk,0.7244379549778098,High Risk,-0.19047878045621958,-20.81924759698028,Improved
1302,0.4285842060083098,Medium Risk,0.362564411216416,Medium Risk,-0.0660197947918938,-15.404159524864463,Improved
1303,0.6977129844155887,High Risk,0.6122056013006446,High Risk,-0.0855073831149441,-12.255380797673693,Improved
1304,0.789983285698004,High Risk,0.647937301569757,High Risk,-0.14204598412824698,-17.98088474780067,Improved
1305,0.8790330180603471,High Risk,0.5743868593239515,Medium Risk,-0.30464615873639556,-34.65696424107258,Improved
1306,0.7927478126728353,High Risk,0.6726945939015265,High Risk,-0.12005321877130881,-15.143935669344371,Improved
1307,0.8409504456883854,High Risk,0.703934091984007,High Risk,-0.13701635370437837,-16.29303538714692,Improved
1308,0.5866976058985434,Medium Risk,0.3570344813484177,Medium Risk,-0.22966312455012566,-39.14505909707785,Improved
1309,0.8481538125605816,High Risk,0.631121161464206,High Risk,-0.2170326510963756,-25.588831634341496,Improved
1310,0.4440631655115713,Medium Risk,0.3181857285253326,Medium Risk,-0.1258774369862387,-28.346741356316933,Improved
1311,0.8921491608332901,High Risk,0.744314890481423,High Risk,-0.14783427035186714,-16.570577751122485,Improved
1312,0.7011758068845549,High Risk,0.4737477050385484,Medium Risk,-0.22742810184600654,-32.43524656911778,Improved
1313,0.8495137734793715,High Risk,0.6853921070127291,High Risk,-0.1641216664666424,-19.319482695900952,Improved
1314,0.6487750564850651,High Risk,0.5966278712015097,Medium Risk,-0.05214718528355533,-8.037791336503975,Improved
1315,0.7539677323580887,High Risk,0.662911675320263,High Risk,-0.09105605703782571,-12.076916972698726,Improved
1316,0.6895214635148623,High Risk,0.6360905885040072,High Risk,-0.05343087501085508,-7.748979232421443,Improved
1317,0.8023742369654325,High Risk,0.7562193346835685,High Risk,-0.04615490228186403,-5.752291157355847,Stable
1318,0.4448964901168243,Medium Risk,0.26859937978904447,Low Risk,-0.17629711032777984,-39.6265455547843,Improved
